dataset,injector,targets_subdimension,dose,seed,realized_dose,pretraining_score,threshold,risk_level,modality,context,targets_subdimension_post,dimension,model,n_train,n_test,units,downstream_auc,downstream_ece,downstream_brier,evaluator,worst_subgroup_auc,subgroup_auc_gap,n_subgroups_scored
diabetes_130,edge_case_dropout,safety_critical_edge_case_coverage,0.0,0,0.0,0.1716,0.1,high,tabular,health,safety_critical_edge_case_coverage,physical_safety,logreg,76324,25442,fraction,0.6485537763746835,0.004617730827862116,0.09567269392442873,clean held-out test set (no pre-training detector reused),0.5449624060150375,0.285919946926139,12.0
diabetes_130,edge_case_dropout,safety_critical_edge_case_coverage,0.0,0,0.0,0.1716,0.1,high,tabular,health,safety_critical_edge_case_coverage,physical_safety,xgboost,76324,25442,fraction,0.676756726987819,0.0011996796529846361,0.09420785749485346,clean held-out test set (no pre-training detector reused),0.5897744360902256,0.1955196815568332,12.0
diabetes_130,edge_case_dropout,safety_critical_edge_case_coverage,0.03,0,0.03,0.172,0.1,high,tabular,health,safety_critical_edge_case_coverage,physical_safety,logreg,76324,25442,fraction,0.6485777595754098,0.004740086850907164,0.09567341603657063,clean held-out test set (no pre-training detector reused),0.5461654135338345,0.286187527642636,12.0
diabetes_130,edge_case_dropout,safety_critical_edge_case_coverage,0.03,0,0.03,0.172,0.1,high,tabular,health,safety_critical_edge_case_coverage,physical_safety,xgboost,76324,25442,fraction,0.6778281324565216,0.0027183652244140424,0.09424616746900275,clean held-out test set (no pre-training detector reused),0.5756390977443608,0.22265845962055408,12.0
diabetes_130,edge_case_dropout,safety_critical_edge_case_coverage,0.05,0,0.05,0.1728,0.1,high,tabular,health,safety_critical_edge_case_coverage,physical_safety,logreg,76324,25442,fraction,0.6485723208898649,0.004961522466860832,0.09567916490440753,clean held-out test set (no pre-training detector reused),0.5407518796992481,0.29013047324192853,12.0
diabetes_130,edge_case_dropout,safety_critical_edge_case_coverage,0.05,0,0.05,0.1728,0.1,high,tabular,health,safety_critical_edge_case_coverage,physical_safety,xgboost,76324,25442,fraction,0.6778254053219361,0.002239960283784836,0.09424678140692931,clean held-out test set (no pre-training detector reused),0.6004979253112034,0.17855462835274927,12.0
diabetes_130,edge_case_dropout,safety_critical_edge_case_coverage,0.1,0,0.1,0.1744,0.1,high,tabular,health,safety_critical_edge_case_coverage,physical_safety,logreg,76324,25442,fraction,0.6482782111125374,0.00465077998104767,0.0956820756670032,clean held-out test set (no pre-training detector reused),0.5440601503759398,0.28829279080053094,12.0
diabetes_130,edge_case_dropout,safety_critical_edge_case_coverage,0.1,0,0.1,0.1744,0.1,high,tabular,health,safety_critical_edge_case_coverage,physical_safety,xgboost,76324,25442,fraction,0.6767832659032424,0.0018949635585591496,0.09422892436263976,clean held-out test set (no pre-training detector reused),0.5900751879699248,0.2071120807199346,12.0
diabetes_130,edge_case_dropout,safety_critical_edge_case_coverage,0.2,0,0.2,0.1764,0.1,high,tabular,health,safety_critical_edge_case_coverage,physical_safety,logreg,76324,25442,fraction,0.6483561448271781,0.004163763333532089,0.09569594378808464,clean held-out test set (no pre-training detector reused),0.5398496240601505,0.30279743476337884,12.0
diabetes_130,edge_case_dropout,safety_critical_edge_case_coverage,0.2,0,0.2,0.1764,0.1,high,tabular,health,safety_critical_edge_case_coverage,physical_safety,xgboost,76324,25442,fraction,0.676819404332407,0.0014750152375619557,0.09430815067355396,clean held-out test set (no pre-training detector reused),0.5530827067669173,0.24077369589777553,12.0
diabetes_130,edge_case_dropout,safety_critical_edge_case_coverage,0.3,0,0.3,0.1792,0.1,high,tabular,health,safety_critical_edge_case_coverage,physical_safety,logreg,76324,25442,fraction,0.6491387077842098,0.004866224865129219,0.09568742815493274,clean held-out test set (no pre-training detector reused),0.5368421052631578,0.30580495356037174,12.0
diabetes_130,edge_case_dropout,safety_critical_edge_case_coverage,0.3,0,0.3,0.1792,0.1,high,tabular,health,safety_critical_edge_case_coverage,physical_safety,xgboost,76324,25442,fraction,0.6783232320528012,0.0029124996066137404,0.09428979556070398,clean held-out test set (no pre-training detector reused),0.5936842105263158,0.2134956562390432,12.0
diabetes_130,edge_case_dropout,safety_critical_edge_case_coverage,0.4,0,0.4,0.1824,0.1,high,tabular,health,safety_critical_edge_case_coverage,physical_safety,logreg,76324,25442,fraction,0.6477510326217191,0.004248581788608331,0.09575245407906655,clean held-out test set (no pre-training detector reused),0.5377443609022556,0.2931379920389209,12.0
diabetes_130,edge_case_dropout,safety_critical_edge_case_coverage,0.4,0,0.4,0.1824,0.1,high,tabular,health,safety_critical_edge_case_coverage,physical_safety,xgboost,76324,25442,fraction,0.6774452973034077,0.0015467572045428906,0.09430843175907663,clean held-out test set (no pre-training detector reused),0.6039097744360902,0.20530075187969932,12.0
diabetes_130,edge_case_dropout,safety_critical_edge_case_coverage,0.0,1,0.0,0.1736,0.1,high,tabular,health,safety_critical_edge_case_coverage,physical_safety,logreg,76324,25442,fraction,0.6433938507353842,0.003643623129067649,0.0960632675259399,clean held-out test set (no pre-training detector reused),0.4974358974358974,0.3040133779264215,12.0
diabetes_130,edge_case_dropout,safety_critical_edge_case_coverage,0.0,1,0.0,0.1736,0.1,high,tabular,health,safety_critical_edge_case_coverage,physical_safety,xgboost,76324,25442,fraction,0.6768383072709911,0.0023120882722224966,0.09436188847728107,clean held-out test set (no pre-training detector reused),0.564753320683112,0.21473385880406748,12.0
diabetes_130,edge_case_dropout,safety_critical_edge_case_coverage,0.03,1,0.0299171214877703,0.1744,0.1,high,tabular,health,safety_critical_edge_case_coverage,physical_safety,logreg,76324,25442,fraction,0.6436934147818829,0.003683137108610746,0.09604954534663897,clean held-out test set (no pre-training detector reused),0.4923076923076923,0.3062430323299889,12.0
diabetes_130,edge_case_dropout,safety_critical_edge_case_coverage,0.03,1,0.0299171214877703,0.1744,0.1,high,tabular,health,safety_critical_edge_case_coverage,physical_safety,xgboost,76324,25442,fraction,0.6787733027611675,0.0029905362462273634,0.09419800110224152,clean held-out test set (no pre-training detector reused),0.5846774193548387,0.20506617038875108,12.0
diabetes_130,edge_case_dropout,safety_critical_edge_case_coverage,0.05,1,0.0499292500505356,0.1752,0.1,high,tabular,health,safety_critical_edge_case_coverage,physical_safety,logreg,76324,25442,fraction,0.6433509334288217,0.0031510019769544814,0.09606682819999614,clean held-out test set (no pre-training detector reused),0.5025641025641026,0.2974358974358975,12.0
diabetes_130,edge_case_dropout,safety_critical_edge_case_coverage,0.05,1,0.0499292500505356,0.1752,0.1,high,tabular,health,safety_critical_edge_case_coverage,physical_safety,xgboost,76324,25442,fraction,0.6755713584606943,0.0025732592785277413,0.09435744056156292,clean held-out test set (no pre-training detector reused),0.5704459203036053,0.22955407969639474,12.0
diabetes_130,edge_case_dropout,safety_critical_edge_case_coverage,0.1,1,0.1000606428138265,0.1764,0.1,high,tabular,health,safety_critical_edge_case_coverage,physical_safety,logreg,76324,25442,fraction,0.6436326230560653,0.004107924851475403,0.09607204634084077,clean held-out test set (no pre-training detector reused),0.4871794871794871,0.3229654403567448,12.0
diabetes_130,edge_case_dropout,safety_critical_edge_case_coverage,0.1,1,0.1000606428138265,0.1764,0.1,high,tabular,health,safety_critical_edge_case_coverage,physical_safety,xgboost,76324,25442,fraction,0.6771068131504673,0.0024576374337240557,0.09432559004336952,clean held-out test set (no pre-training detector reused),0.6114800759013282,0.1936481292268769,12.0
diabetes_130,edge_case_dropout,safety_critical_edge_case_coverage,0.2,1,0.1999191429148979,0.1788,0.1,high,tabular,health,safety_critical_edge_case_coverage,physical_safety,logreg,76324,25442,fraction,0.6436573386872232,0.003873531418219877,0.09607386172972074,clean held-out test set (no pre-training detector reused),0.482051282051282,0.32229654403567454,12.0
diabetes_130,edge_case_dropout,safety_critical_edge_case_coverage,0.2,1,0.1999191429148979,0.1788,0.1,high,tabular,health,safety_critical_edge_case_coverage,physical_safety,xgboost,76324,25442,fraction,0.6773363599644362,0.001200283542865503,0.09435237242581654,clean held-out test set (no pre-training detector reused),0.5716318785578748,0.19759889067289438,12.0
diabetes_130,edge_case_dropout,safety_critical_edge_case_coverage,0.3,1,0.2999797857287244,0.1828,0.1,high,tabular,health,safety_critical_edge_case_coverage,physical_safety,logreg,76324,25442,fraction,0.6438159955855951,0.0037792843693278473,0.09609051042723746,clean held-out test set (no pre-training detector reused),0.4923076923076922,0.3207357859531773,12.0
diabetes_130,edge_case_dropout,safety_critical_edge_case_coverage,0.3,1,0.2999797857287244,0.1828,0.1,high,tabular,health,safety_critical_edge_case_coverage,physical_safety,xgboost,76324,25442,fraction,0.6775119640563039,0.0015334732763609181,0.09428128258349087,clean held-out test set (no pre-training detector reused),0.5671252371916509,0.26364399357757984,12.0
diabetes_130,edge_case_dropout,safety_critical_edge_case_coverage,0.4,1,0.400040428542551,0.182,0.1,high,tabular,health,safety_critical_edge_case_coverage,physical_safety,logreg,76324,25442,fraction,0.6446377046116485,0.0031960563520140517,0.09604745978959209,clean held-out test set (no pre-training detector reused),0.4923076923076923,0.30914158305462663,12.0
diabetes_130,edge_case_dropout,safety_critical_edge_case_coverage,0.4,1,0.400040428542551,0.182,0.1,high,tabular,health,safety_critical_edge_case_coverage,physical_safety,xgboost,76324,25442,fraction,0.6778320283630724,0.002229473194898539,0.09434317431827136,clean held-out test set (no pre-training detector reused),0.59938330170778,0.19548849316401495,12.0
diabetes_130,edge_case_dropout,safety_critical_edge_case_coverage,0.0,2,0.0,0.1728,0.1,high,tabular,health,safety_critical_edge_case_coverage,physical_safety,logreg,76324,25442,fraction,0.6394700806610051,0.002429183478795948,0.09620687459323737,clean held-out test set (no pre-training detector reused),0.4366197183098592,0.30588028169014086,12.0
diabetes_130,edge_case_dropout,safety_critical_edge_case_coverage,0.0,2,0.0,0.1728,0.1,high,tabular,health,safety_critical_edge_case_coverage,physical_safety,xgboost,76324,25442,fraction,0.6730781107290508,0.0020850863426756226,0.09455453364981793,clean held-out test set (no pre-training detector reused),0.4964788732394366,0.2850489045383412,12.0
diabetes_130,edge_case_dropout,safety_critical_edge_case_coverage,0.03,2,0.0299076676033721,0.174,0.1,high,tabular,health,safety_critical_edge_case_coverage,physical_safety,logreg,76324,25442,fraction,0.6398327895608779,0.0025111655602652353,0.09619995677167806,clean held-out test set (no pre-training detector reused),0.44366197183098594,0.2982824726134586,12.0
diabetes_130,edge_case_dropout,safety_critical_edge_case_coverage,0.03,2,0.0299076676033721,0.174,0.1,high,tabular,health,safety_critical_edge_case_coverage,physical_safety,xgboost,76324,25442,fraction,0.6730582805647075,0.0023017212408899712,0.09452102893605055,clean held-out test set (no pre-training detector reused),0.5528169014084507,0.23621087636932703,12.0
diabetes_130,edge_case_dropout,safety_critical_edge_case_coverage,0.05,2,0.0499799277398635,0.1752,0.1,high,tabular,health,safety_critical_edge_case_coverage,physical_safety,logreg,76324,25442,fraction,0.6394818618824144,0.002830015429203523,0.09622054084071707,clean held-out test set (no pre-training detector reused),0.43661971830985913,0.30629694835680754,12.0
diabetes_130,edge_case_dropout,safety_critical_edge_case_coverage,0.05,2,0.0499799277398635,0.1752,0.1,high,tabular,health,safety_critical_edge_case_coverage,physical_safety,xgboost,76324,25442,fraction,0.6738030376445711,0.0030403499217775323,0.09460863078269068,clean held-out test set (no pre-training detector reused),0.4894366197183099,0.3108411580594679,12.0
diabetes_130,edge_case_dropout,safety_critical_edge_case_coverage,0.1,2,0.099959855479727,0.176,0.1,high,tabular,health,safety_critical_edge_case_coverage,physical_safety,logreg,76324,25442,fraction,0.6401401142532256,0.0023305151088228093,0.09620221715669472,clean held-out test set (no pre-training detector reused),0.45774647887323944,0.2861424100156495,12.0
diabetes_130,edge_case_dropout,safety_critical_edge_case_coverage,0.1,2,0.099959855479727,0.176,0.1,high,tabular,health,safety_critical_edge_case_coverage,physical_safety,xgboost,76324,25442,fraction,0.6736957599617901,0.0014919954753169619,0.09455850716841914,clean held-out test set (no pre-training detector reused),0.4894366197183099,0.30334115805946793,12.0
diabetes_130,edge_case_dropout,safety_critical_edge_case_coverage,0.2,2,0.199919710959454,0.1784,0.1,high,tabular,health,safety_critical_edge_case_coverage,physical_safety,logreg,76324,25442,fraction,0.6396526428419723,0.0028089061264159943,0.0962238568397202,clean held-out test set (no pre-training detector reused),0.43309859154929575,0.30523474178403753,12.0
diabetes_130,edge_case_dropout,safety_critical_edge_case_coverage,0.2,2,0.199919710959454,0.1784,0.1,high,tabular,health,safety_critical_edge_case_coverage,physical_safety,xgboost,76324,25442,fraction,0.6720518120663923,0.0033889924785229573,0.09469454697525838,clean held-out test set (no pre-training detector reused),0.5246478873239437,0.245629890453834,12.0
diabetes_130,edge_case_dropout,safety_critical_edge_case_coverage,0.3,2,0.3000802890405459,0.1804,0.1,high,tabular,health,safety_critical_edge_case_coverage,physical_safety,logreg,76324,25442,fraction,0.6390218332369045,0.0034158023103069072,0.0962611990967671,clean held-out test set (no pre-training detector reused),0.4507042253521127,0.2929068857589983,12.0
diabetes_130,edge_case_dropout,safety_critical_edge_case_coverage,0.3,2,0.3000802890405459,0.1804,0.1,high,tabular,health,safety_critical_edge_case_coverage,physical_safety,xgboost,76324,25442,fraction,0.6718357684645283,0.0029299897747579167,0.0947391983935143,clean held-out test set (no pre-training detector reused),0.528169014084507,0.268080985915493,12.0
diabetes_130,edge_case_dropout,safety_critical_edge_case_coverage,0.4,2,0.400040144520273,0.184,0.1,high,tabular,health,safety_critical_edge_case_coverage,physical_safety,logreg,76324,25442,fraction,0.6405122512469511,0.00309947375275512,0.09625873299741404,clean held-out test set (no pre-training detector reused),0.43661971830985913,0.3103247261345853,12.0
diabetes_130,edge_case_dropout,safety_critical_edge_case_coverage,0.4,2,0.400040144520273,0.184,0.1,high,tabular,health,safety_critical_edge_case_coverage,physical_safety,xgboost,76324,25442,fraction,0.6701982877740047,0.0041651894687757315,0.09480716446703015,clean held-out test set (no pre-training detector reused),0.5352112676056338,0.2635387323943662,12.0
diabetes_130,edge_case_dropout,safety_critical_edge_case_coverage,0.0,3,0.0,0.172,0.1,high,tabular,health,safety_critical_edge_case_coverage,physical_safety,logreg,76324,25442,fraction,0.6463074434084121,0.0027164287350690767,0.09579875334686215,clean held-out test set (no pre-training detector reused),0.4821203953279425,0.24688454468617183,12.0
diabetes_130,edge_case_dropout,safety_critical_edge_case_coverage,0.0,3,0.0,0.172,0.1,high,tabular,health,safety_critical_edge_case_coverage,physical_safety,xgboost,76324,25442,fraction,0.6756987857721556,0.0031408424834465233,0.09401417323681896,clean held-out test set (no pre-training detector reused),0.578796046720575,0.18108398150807703,12.0
diabetes_130,edge_case_dropout,safety_critical_edge_case_coverage,0.03,3,0.0299633102323685,0.1728,0.1,high,tabular,health,safety_critical_edge_case_coverage,physical_safety,logreg,76324,25442,fraction,0.6464746557175695,0.0035812609350549976,0.09579378906897072,clean held-out test set (no pre-training detector reused),0.48517520215633425,0.24471188323533832,12.0
diabetes_130,edge_case_dropout,safety_critical_edge_case_coverage,0.03,3,0.0299633102323685,0.1728,0.1,high,tabular,health,safety_critical_edge_case_coverage,physical_safety,xgboost,76324,25442,fraction,0.6762965191306075,0.0020037954086747542,0.09397215205531494,clean held-out test set (no pre-training detector reused),0.5718390804597702,0.192451674656673,12.0
diabetes_130,edge_case_dropout,safety_critical_edge_case_coverage,0.05,3,0.0499388503872808,0.1736,0.1,high,tabular,health,safety_critical_edge_case_coverage,physical_safety,logreg,76324,25442,fraction,0.6464688118577432,0.003126335619851202,0.09579835763846209,clean held-out test set (no pre-training detector reused),0.4837376460017969,0.24350300325720087,12.0
diabetes_130,edge_case_dropout,safety_critical_edge_case_coverage,0.05,3,0.0499388503872808,0.1736,0.1,high,tabular,health,safety_critical_edge_case_coverage,physical_safety,xgboost,76324,25442,fraction,0.6768544129486719,0.0013895948193750533,0.09406842713240378,clean held-out test set (no pre-training detector reused),0.5737646001796946,0.1820575593121897,12.0
diabetes_130,edge_case_dropout,safety_critical_edge_case_coverage,0.1,3,0.1000815328169588,0.1732,0.1,high,tabular,health,safety_critical_edge_case_coverage,physical_safety,logreg,76324,25442,fraction,0.6464104355939871,0.0028369708432924544,0.0958102073881906,clean held-out test set (no pre-training detector reused),0.4828391734052111,0.2433429014007169,12.0
diabetes_130,edge_case_dropout,safety_critical_edge_case_coverage,0.1,3,0.1000815328169588,0.1732,0.1,high,tabular,health,safety_critical_edge_case_coverage,physical_safety,xgboost,76324,25442,fraction,0.6761594923054054,0.002295616992901775,0.09394826386485941,clean held-out test set (no pre-training detector reused),0.5919540229885057,0.15857526423802926,12.0
diabetes_130,edge_case_dropout,safety_critical_edge_case_coverage,0.2,3,0.1999592335915206,0.1776,0.1,high,tabular,health,safety_critical_edge_case_coverage,physical_safety,logreg,76324,25442,fraction,0.6460900829901338,0.002741361373033018,0.09583625848457585,clean held-out test set (no pre-training detector reused),0.4682839173405211,0.2557810085592672,12.0
diabetes_130,edge_case_dropout,safety_critical_edge_case_coverage,0.2,3,0.1999592335915206,0.1776,0.1,high,tabular,health,safety_critical_edge_case_coverage,physical_safety,xgboost,76324,25442,fraction,0.6750264224278176,0.004019177683803559,0.09409384412394158,clean held-out test set (no pre-training detector reused),0.5718390804597702,0.17921949399329962,12.0
diabetes_130,edge_case_dropout,safety_critical_edge_case_coverage,0.3,3,0.3000407664084794,0.18,0.1,high,tabular,health,safety_critical_edge_case_coverage,physical_safety,logreg,76324,25442,fraction,0.646637753949409,0.003150569804985514,0.09580490442080704,clean held-out test set (no pre-training detector reused),0.47259658580413294,0.24899833303849234,12.0
diabetes_130,edge_case_dropout,safety_critical_edge_case_coverage,0.3,3,0.3000407664084794,0.18,0.1,high,tabular,health,safety_critical_edge_case_coverage,physical_safety,xgboost,76324,25442,fraction,0.6755182027117161,0.002885920384578262,0.09402152347056565,clean held-out test set (no pre-training detector reused),0.5517241379310345,0.20021658189959368,12.0
diabetes_130,edge_case_dropout,safety_critical_edge_case_coverage,0.4,3,0.3999184671830412,0.1836,0.1,high,tabular,health,safety_critical_edge_case_coverage,physical_safety,logreg,76324,25442,fraction,0.6465110434847532,0.003470657573512209,0.0958528608607937,clean held-out test set (no pre-training detector reused),0.47349505840071876,0.252863445480721,12.0
diabetes_130,edge_case_dropout,safety_critical_edge_case_coverage,0.4,3,0.3999184671830412,0.1836,0.1,high,tabular,health,safety_critical_edge_case_coverage,physical_safety,xgboost,76324,25442,fraction,0.6752735787393959,0.0031622405192386458,0.09409849948788962,clean held-out test set (no pre-training detector reused),0.5431034482758621,0.21166013676295237,12.0
diabetes_130,edge_case_dropout,safety_critical_edge_case_coverage,0.0,4,0.0,0.1752,0.1,high,tabular,health,safety_critical_edge_case_coverage,physical_safety,logreg,76324,25442,fraction,0.6496788674356553,0.009277605719172879,0.09620948953714482,clean held-out test set (no pre-training detector reused),0.5092879256965945,0.2550362275164476,12.0
diabetes_130,edge_case_dropout,safety_critical_edge_case_coverage,0.0,4,0.0,0.1752,0.1,high,tabular,health,safety_critical_edge_case_coverage,physical_safety,xgboost,76324,25442,fraction,0.6750904321724462,0.004751755839083983,0.09470404350659184,clean held-out test set (no pre-training detector reused),0.568503937007874,0.21969050743657037,12.0
diabetes_130,edge_case_dropout,safety_critical_edge_case_coverage,0.03,4,0.0299716484406642,0.1764,0.1,high,tabular,health,safety_critical_edge_case_coverage,physical_safety,logreg,76324,25442,fraction,0.6495085539848837,0.00934552469859619,0.09620824422455886,clean held-out test set (no pre-training detector reused),0.505749668288368,0.25572548207567125,12.0
diabetes_130,edge_case_dropout,safety_critical_edge_case_coverage,0.03,4,0.0299716484406642,0.1764,0.1,high,tabular,health,safety_critical_edge_case_coverage,physical_safety,xgboost,76324,25442,fraction,0.675567423595078,0.003725925344381086,0.09468097192060895,clean held-out test set (no pre-training detector reused),0.5958661417322835,0.1784394138232721,12.0
diabetes_130,edge_case_dropout,safety_critical_edge_case_coverage,0.05,4,0.0500202511138112,0.1764,0.1,high,tabular,health,safety_critical_edge_case_coverage,physical_safety,logreg,76324,25442,fraction,0.6497782598035775,0.00981799234566724,0.09623590342654051,clean held-out test set (no pre-training detector reused),0.5048651039363113,0.2556603788113937,12.0
diabetes_130,edge_case_dropout,safety_critical_edge_case_coverage,0.05,4,0.0500202511138112,0.1764,0.1,high,tabular,health,safety_critical_edge_case_coverage,physical_safety,xgboost,76324,25442,fraction,0.6748373540829109,0.0031913196426138204,0.09457495353283715,clean held-out test set (no pre-training detector reused),0.5801181102362205,0.21443712876346288,12.0
diabetes_130,edge_case_dropout,safety_critical_edge_case_coverage,0.1,4,0.1000405022276225,0.1788,0.1,high,tabular,health,safety_critical_edge_case_coverage,physical_safety,logreg,76324,25442,fraction,0.6494187767143286,0.008352137624401835,0.09622158485204693,clean held-out test set (no pre-training detector reused),0.5030959752321982,0.25727122957945114,12.0
diabetes_130,edge_case_dropout,safety_critical_edge_case_coverage,0.1,4,0.1000405022276225,0.1788,0.1,high,tabular,health,safety_critical_edge_case_coverage,physical_safety,xgboost,76324,25442,fraction,0.6761440489318382,0.0033324988189610038,0.09458617286561989,clean held-out test set (no pre-training detector reused),0.5822834645669291,0.2093832020997375,12.0
diabetes_130,edge_case_dropout,safety_critical_edge_case_coverage,0.2,4,0.200081004455245,0.182,0.1,high,tabular,health,safety_critical_edge_case_coverage,physical_safety,logreg,76324,25442,fraction,0.648973131755804,0.00923471759514177,0.09621790658456175,clean held-out test set (no pre-training detector reused),0.5037593984962406,0.2567660842514643,12.0
diabetes_130,edge_case_dropout,safety_critical_edge_case_coverage,0.2,4,0.200081004455245,0.182,0.1,high,tabular,health,safety_critical_edge_case_coverage,physical_safety,xgboost,76324,25442,fraction,0.6751274354928649,0.004685766544043965,0.09474678583194278,clean held-out test set (no pre-training detector reused),0.599015748031496,0.1784454738741703,12.0
diabetes_130,edge_case_dropout,safety_critical_edge_case_coverage,0.3,4,0.299918995544755,0.1848,0.1,high,tabular,health,safety_critical_edge_case_coverage,physical_safety,logreg,76324,25442,fraction,0.6498148345742757,0.009705797191084555,0.0963095999580315,clean held-out test set (no pre-training detector reused),0.4995577178239717,0.2631836560285133,12.0
diabetes_130,edge_case_dropout,safety_critical_edge_case_coverage,0.3,4,0.299918995544755,0.1848,0.1,high,tabular,health,safety_critical_edge_case_coverage,physical_safety,xgboost,76324,25442,fraction,0.6754329992354517,0.0035227475419614736,0.09467749368905455,clean held-out test set (no pre-training detector reused),0.577755905511811,0.20872715874903103,12.0
diabetes_130,edge_case_dropout,safety_critical_edge_case_coverage,0.4,4,0.3999594977723775,0.1848,0.1,high,tabular,health,safety_critical_edge_case_coverage,physical_safety,logreg,76324,25442,fraction,0.6492666493553358,0.008549745843487649,0.0962675521379864,clean held-out test set (no pre-training detector reused),0.5011057054400707,0.26068600079607995,12.0
diabetes_130,edge_case_dropout,safety_critical_edge_case_coverage,0.4,4,0.3999594977723775,0.1848,0.1,high,tabular,health,safety_critical_edge_case_coverage,physical_safety,xgboost,76324,25442,fraction,0.6742955269834616,0.0037411839423983607,0.09479813129240437,clean held-out test set (no pre-training detector reused),0.5783464566929133,0.195790928555583,12.0
diabetes_130,label_flip,label_integrity,0.0,0,0.0,0.1915547640842617,0.05,high,tabular,health,label_integrity,content_safety,logreg,76324,25442,fraction,0.6485537763746835,0.004617730827862116,0.09567269392442873,clean held-out test set (no pre-training detector reused),0.5449624060150375,0.285919946926139,12.0
diabetes_130,label_flip,label_integrity,0.0,0,0.0,0.1915547640842617,0.05,high,tabular,health,label_integrity,content_safety,xgboost,76324,25442,fraction,0.676756726987819,0.0011996796529846361,0.09420785749485346,clean held-out test set (no pre-training detector reused),0.5897744360902256,0.1955196815568332,12.0
diabetes_130,label_flip,label_integrity,0.03,0,0.0300036685708296,0.227572529393027,0.05,high,tabular,health,label_integrity,content_safety,logreg,76324,25442,fraction,0.6467432083479242,0.023482233168191903,0.09621146751629461,clean held-out test set (no pre-training detector reused),0.5311278195488722,0.29387218045112773,12.0
diabetes_130,label_flip,label_integrity,0.03,0,0.0300036685708296,0.227572529393027,0.05,high,tabular,health,label_integrity,content_safety,xgboost,76324,25442,fraction,0.6735337915428501,0.023041920444464896,0.09489073563038178,clean held-out test set (no pre-training detector reused),0.604812030075188,0.19404067162725458,12.0
diabetes_130,label_flip,label_integrity,0.05,0,0.0499973795922645,0.2498826535206473,0.05,high,tabular,health,label_integrity,content_safety,logreg,76324,25442,fraction,0.6436611255083905,0.03867199754463016,0.0972341728326942,clean held-out test set (no pre-training detector reused),0.5414901960784314,0.28203921568627444,12.0
diabetes_130,label_flip,label_integrity,0.05,0,0.0499973795922645,0.2498826535206473,0.05,high,tabular,health,label_integrity,content_safety,xgboost,76324,25442,fraction,0.673612184974464,0.038337403029175876,0.09588821285413933,clean held-out test set (no pre-training detector reused),0.5774436090225563,0.23505639097744369,12.0
diabetes_130,label_flip,label_integrity,0.1,0,0.0999947591845291,0.3021709872630904,0.05,high,tabular,health,label_integrity,content_safety,logreg,76324,25442,fraction,0.6402196063304866,0.0770055930687436,0.1018788945062557,clean held-out test set (no pre-training detector reused),0.5554887218045114,0.2474524546660769,12.0
diabetes_130,label_flip,label_integrity,0.1,0,0.0999947591845291,0.3021709872630904,0.05,high,tabular,health,label_integrity,content_safety,xgboost,76324,25442,fraction,0.6626796945989505,0.07699116223203495,0.1010193613159789,clean held-out test set (no pre-training detector reused),0.5891729323308271,0.1996871712961159,12.0
diabetes_130,label_flip,label_integrity,0.2,0,0.2000026204077354,0.389759766907637,0.05,high,tabular,health,label_integrity,content_safety,logreg,76324,25442,fraction,0.6292838745607229,0.15585587347892288,0.12082072176997456,clean held-out test set (no pre-training detector reused),0.5361842105263157,0.23146284829721364,12.0
diabetes_130,label_flip,label_integrity,0.2,0,0.2000026204077354,0.389759766907637,0.05,high,tabular,health,label_integrity,content_safety,xgboost,76324,25442,fraction,0.642469858578748,0.15578778817893602,0.12042030189837913,clean held-out test set (no pre-training detector reused),0.5427631578947367,0.18614135727920844,12.0
diabetes_130,label_flip,label_integrity,0.3,0,0.2999973795922646,0.4518918439255071,0.05,high,tabular,health,label_integrity,content_safety,logreg,76324,25442,fraction,0.6116639359218745,0.2341751019835484,0.15238465233413723,clean held-out test set (no pre-training detector reused),0.5169924812030076,0.2388898717381689,12.0
diabetes_130,label_flip,label_integrity,0.3,0,0.2999973795922646,0.4518918439255071,0.05,high,tabular,health,label_integrity,content_safety,xgboost,76324,25442,fraction,0.6212662547155858,0.23408279545642083,0.15200600414785406,clean held-out test set (no pre-training detector reused),0.5871372549019608,0.25698039215686264,12.0
diabetes_130,label_flip,label_integrity,0.4,0,0.4000052408154709,0.4883128444376133,0.05,high,tabular,health,label_integrity,content_safety,logreg,76324,25442,fraction,0.5612806387142436,0.31197113515183833,0.1960236910884928,clean held-out test set (no pre-training detector reused),0.49022556390977445,0.16132884023530325,12.0
diabetes_130,label_flip,label_integrity,0.4,0,0.4000052408154709,0.4883128444376133,0.05,high,tabular,health,label_integrity,content_safety,xgboost,76324,25442,fraction,0.5608236021249646,0.31198158641977974,0.19611013462517807,clean held-out test set (no pre-training detector reused),0.46710526315789475,0.1522420561894246,12.0
diabetes_130,label_flip,label_integrity,0.0,1,0.0,0.191320411001066,0.05,high,tabular,health,label_integrity,content_safety,logreg,76324,25442,fraction,0.6433938507353842,0.003643623129067649,0.0960632675259399,clean held-out test set (no pre-training detector reused),0.4974358974358974,0.3040133779264215,12.0
diabetes_130,label_flip,label_integrity,0.0,1,0.0,0.191320411001066,0.05,high,tabular,health,label_integrity,content_safety,xgboost,76324,25442,fraction,0.6768383072709911,0.0023120882722224966,0.09436188847728107,clean held-out test set (no pre-training detector reused),0.564753320683112,0.21473385880406748,12.0
diabetes_130,label_flip,label_integrity,0.03,1,0.0300036685708296,0.2273031174985824,0.05,high,tabular,health,label_integrity,content_safety,logreg,76324,25442,fraction,0.6430122544805535,0.023701623233317946,0.09657790394677586,clean held-out test set (no pre-training detector reused),0.5025641025641026,0.26989966555183953,12.0
diabetes_130,label_flip,label_integrity,0.03,1,0.0300036685708296,0.2273031174985824,0.05,high,tabular,health,label_integrity,content_safety,xgboost,76324,25442,fraction,0.6732048757363984,0.024390386763798174,0.09512793292757137,clean held-out test set (no pre-training detector reused),0.5768500948766603,0.2795601615335962,12.0
diabetes_130,label_flip,label_integrity,0.05,1,0.0499973795922645,0.2499980792487106,0.05,high,tabular,health,label_integrity,content_safety,logreg,76324,25442,fraction,0.6425355825222587,0.03930705941734532,0.09756307071639132,clean held-out test set (no pre-training detector reused),0.5333333333333333,0.21014492753623182,12.0
diabetes_130,label_flip,label_integrity,0.05,1,0.0499973795922645,0.2499980792487106,0.05,high,tabular,health,label_integrity,content_safety,xgboost,76324,25442,fraction,0.6743462283113129,0.03927821770116246,0.09606353558229885,clean held-out test set (no pre-training detector reused),0.5872865275142315,0.26399552376781976,12.0
diabetes_130,label_flip,label_integrity,0.1,1,0.0999947591845291,0.301811226514197,0.05,high,tabular,health,label_integrity,content_safety,logreg,76324,25442,fraction,0.6402083861196205,0.07775580161370212,0.10214310603045633,clean held-out test set (no pre-training detector reused),0.5557400379506641,0.20947735335368378,12.0
diabetes_130,label_flip,label_integrity,0.1,1,0.0999947591845291,0.301811226514197,0.05,high,tabular,health,label_integrity,content_safety,xgboost,76324,25442,fraction,0.6713873262451002,0.0778786121645693,0.10073993345856137,clean held-out test set (no pre-training detector reused),0.5661764705882353,0.27997737556561086,12.0
diabetes_130,label_flip,label_integrity,0.2,1,0.2000026204077354,0.3890355289784723,0.05,high,tabular,health,label_integrity,content_safety,logreg,76324,25442,fraction,0.63200236023369,0.15623342441860352,0.12084822300584633,clean held-out test set (no pre-training detector reused),0.5743589743589743,0.11327769511116859,12.0
diabetes_130,label_flip,label_integrity,0.2,1,0.2000026204077354,0.3890355289784723,0.05,high,tabular,health,label_integrity,content_safety,xgboost,76324,25442,fraction,0.6502008565789481,0.1559243599410754,0.1200880071047016,clean held-out test set (no pre-training detector reused),0.5914786967418546,0.14620246267843517,12.0
diabetes_130,label_flip,label_integrity,0.3,1,0.2999973795922646,0.4499844153470526,0.05,high,tabular,health,label_integrity,content_safety,logreg,76324,25442,fraction,0.6186110541486285,0.23292633544985478,0.15131447534872838,clean held-out test set (no pre-training detector reused),0.5367647058823529,0.13424978687127032,12.0
diabetes_130,label_flip,label_integrity,0.3,1,0.2999973795922646,0.4499844153470526,0.05,high,tabular,health,label_integrity,content_safety,xgboost,76324,25442,fraction,0.6232938559044732,0.23291500503818582,0.15126011937156994,clean held-out test set (no pre-training detector reused),0.5206356736242884,0.19095852927426227,12.0
diabetes_130,label_flip,label_integrity,0.4,1,0.4000052408154709,0.4876315983137776,0.05,high,tabular,health,label_integrity,content_safety,logreg,76324,25442,fraction,0.5820025916505394,0.31105726940049927,0.19498758735405403,clean held-out test set (no pre-training detector reused),0.4507936507936508,0.20024801587301583,12.0
diabetes_130,label_flip,label_integrity,0.4,1,0.4000052408154709,0.4876315983137776,0.05,high,tabular,health,label_integrity,content_safety,xgboost,76324,25442,fraction,0.570751018736708,0.3112023009726597,0.1954315679219503,clean held-out test set (no pre-training detector reused),0.43333333333333335,0.15285370453777725,12.0
diabetes_130,label_flip,label_integrity,0.0,2,0.0,0.1912031259653687,0.05,high,tabular,health,label_integrity,content_safety,logreg,76324,25442,fraction,0.6394700806610051,0.002429183478795948,0.09620687459323737,clean held-out test set (no pre-training detector reused),0.4366197183098592,0.30588028169014086,12.0
diabetes_130,label_flip,label_integrity,0.0,2,0.0,0.1912031259653687,0.05,high,tabular,health,label_integrity,content_safety,xgboost,76324,25442,fraction,0.6730781107290508,0.0020850863426756226,0.09455453364981793,clean held-out test set (no pre-training detector reused),0.4964788732394366,0.2850489045383412,12.0
diabetes_130,label_flip,label_integrity,0.03,2,0.0300036685708296,0.2268971983345563,0.05,high,tabular,health,label_integrity,content_safety,logreg,76324,25442,fraction,0.6410212280623645,0.02314068010714051,0.09664264439473855,clean held-out test set (no pre-training detector reused),0.43661971830985913,0.2971302816901409,12.0
diabetes_130,label_flip,label_integrity,0.03,2,0.0300036685708296,0.2268971983345563,0.05,high,tabular,health,label_integrity,content_safety,xgboost,76324,25442,fraction,0.6698874333903221,0.02329126780234185,0.09533520479372723,clean held-out test set (no pre-training detector reused),0.5105633802816901,0.259297730829421,12.0
diabetes_130,label_flip,label_integrity,0.05,2,0.0499973795922645,0.2493749677470545,0.05,high,tabular,health,label_integrity,content_safety,logreg,76324,25442,fraction,0.6412604211409529,0.038563631233993784,0.09756936715096216,clean held-out test set (no pre-training detector reused),0.45422535211267606,0.28313575899843507,12.0
diabetes_130,label_flip,label_integrity,0.05,2,0.0499973795922645,0.2493749677470545,0.05,high,tabular,health,label_integrity,content_safety,xgboost,76324,25442,fraction,0.6672767942024922,0.03855885083652215,0.09636537686427593,clean held-out test set (no pre-training detector reused),0.5492957746478874,0.22807869601151975,12.0
diabetes_130,label_flip,label_integrity,0.1,2,0.0999947591845291,0.3014099765429558,0.05,high,tabular,health,label_integrity,content_safety,logreg,76324,25442,fraction,0.6404006101488334,0.07695099485917367,0.10203101852620984,clean held-out test set (no pre-training detector reused),0.45422535211267606,0.30077464788732394,12.0
diabetes_130,label_flip,label_integrity,0.1,2,0.0999947591845291,0.3014099765429558,0.05,high,tabular,health,label_integrity,content_safety,xgboost,76324,25442,fraction,0.6627573088492541,0.07707889371979638,0.10098516052828825,clean held-out test set (no pre-training detector reused),0.545774647887324,0.19380868544600927,12.0
diabetes_130,label_flip,label_integrity,0.2,2,0.2000026204077354,0.3881024571439983,0.05,high,tabular,health,label_integrity,content_safety,logreg,76324,25442,fraction,0.6332138469183308,0.1550398034179299,0.12054166519519321,clean held-out test set (no pre-training detector reused),0.397887323943662,0.3339182316118936,12.0
diabetes_130,label_flip,label_integrity,0.2,2,0.2000026204077354,0.3881024571439983,0.05,high,tabular,health,label_integrity,content_safety,xgboost,76324,25442,fraction,0.6459655620249595,0.15502948046788353,0.11998673245228622,clean held-out test set (no pre-training detector reused),0.4225352112676056,0.2755203442879499,12.0
diabetes_130,label_flip,label_integrity,0.3,2,0.2999973795922646,0.4499100958856351,0.05,high,tabular,health,label_integrity,content_safety,logreg,76324,25442,fraction,0.6120907870271983,0.23259213989975228,0.15134550711086744,clean held-out test set (no pre-training detector reused),0.323943661971831,0.3831458902669749,12.0
diabetes_130,label_flip,label_integrity,0.3,2,0.2999973795922646,0.4499100958856351,0.05,high,tabular,health,label_integrity,content_safety,xgboost,76324,25442,fraction,0.6160129987389574,0.23227107190793436,0.15115697201665107,clean held-out test set (no pre-training detector reused),0.5246478873239437,0.130629890453834,12.0
diabetes_130,label_flip,label_integrity,0.4,2,0.4000052408154709,0.4873663360222696,0.05,high,tabular,health,label_integrity,content_safety,logreg,76324,25442,fraction,0.5755206290823159,0.3102230137723568,0.19456181808466677,clean held-out test set (no pre-training detector reused),0.4014084507042253,0.3933676686987598,12.0
diabetes_130,label_flip,label_integrity,0.4,2,0.4000052408154709,0.4873663360222696,0.05,high,tabular,health,label_integrity,content_safety,xgboost,76324,25442,fraction,0.5691652523097388,0.3100806683068821,0.1946302115607958,clean held-out test set (no pre-training detector reused),0.4535080304311073,0.28343226807635535,12.0
diabetes_130,label_flip,label_integrity,0.0,3,0.0,0.1914429749492806,0.05,high,tabular,health,label_integrity,content_safety,logreg,76324,25442,fraction,0.6463074434084121,0.0027164287350690767,0.09579875334686215,clean held-out test set (no pre-training detector reused),0.4821203953279425,0.24688454468617183,12.0
diabetes_130,label_flip,label_integrity,0.0,3,0.0,0.1914429749492806,0.05,high,tabular,health,label_integrity,content_safety,xgboost,76324,25442,fraction,0.6756987857721556,0.0031408424834465233,0.09401417323681896,clean held-out test set (no pre-training detector reused),0.578796046720575,0.18108398150807703,12.0
diabetes_130,label_flip,label_integrity,0.03,3,0.0300036685708296,0.227219494444757,0.05,high,tabular,health,label_integrity,content_safety,logreg,76324,25442,fraction,0.6482874522028758,0.024260878502450782,0.09626210690847509,clean held-out test set (no pre-training detector reused),0.4641509433962264,0.28355547862212216,12.0
diabetes_130,label_flip,label_integrity,0.03,3,0.0300036685708296,0.227219494444757,0.05,high,tabular,health,label_integrity,content_safety,xgboost,76324,25442,fraction,0.6766511712957335,0.024146842838657923,0.0945715176034673,clean held-out test set (no pre-training detector reused),0.5784366576819406,0.17844407626301362,12.0
diabetes_130,label_flip,label_integrity,0.05,3,0.0499973795922645,0.2509596522478987,0.05,high,tabular,health,label_integrity,content_safety,logreg,76324,25442,fraction,0.6479267224235306,0.04028907484363112,0.09729170058883897,clean held-out test set (no pre-training detector reused),0.46882300089847256,0.2836470061586905,12.0
diabetes_130,label_flip,label_integrity,0.05,3,0.0499973795922645,0.2509596522478987,0.05,high,tabular,health,label_integrity,content_safety,xgboost,76324,25442,fraction,0.6734941390059769,0.040035969607233914,0.09579494917386801,clean held-out test set (no pre-training detector reused),0.5833333333333334,0.19066102093625026,12.0
diabetes_130,label_flip,label_integrity,0.1,3,0.0999947591845291,0.3033325788554415,0.05,high,tabular,health,label_integrity,content_safety,logreg,76324,25442,fraction,0.6447297415080029,0.07868180380436508,0.10204629687614578,clean held-out test set (no pre-training detector reused),0.44079065588499544,0.30868005688846956,12.0
diabetes_130,label_flip,label_integrity,0.1,3,0.0999947591845291,0.3033325788554415,0.05,high,tabular,health,label_integrity,content_safety,xgboost,76324,25442,fraction,0.6660085831184728,0.07881031670633908,0.1006710978548989,clean held-out test set (no pre-training detector reused),0.5949367088607594,0.16300259953726448,12.0
diabetes_130,label_flip,label_integrity,0.2,3,0.2000026204077354,0.3896856519025488,0.05,high,tabular,health,label_integrity,content_safety,logreg,76324,25442,fraction,0.6391764228088374,0.1565456982793592,0.12078872810746631,clean held-out test set (no pre-training detector reused),0.40197663971248876,0.38013345203063054,12.0
diabetes_130,label_flip,label_integrity,0.2,3,0.2000026204077354,0.3896856519025488,0.05,high,tabular,health,label_integrity,content_safety,xgboost,76324,25442,fraction,0.6544233959348895,0.1558601940828959,0.11969668531064825,clean held-out test set (no pre-training detector reused),0.4769230769230769,0.2615826702033599,12.0
diabetes_130,label_flip,label_integrity,0.3,3,0.2999973795922646,0.4511504812354225,0.05,high,tabular,health,label_integrity,content_safety,logreg,76324,25442,fraction,0.6277799455467583,0.23397778740769865,0.15173735878303315,clean held-out test set (no pre-training detector reused),0.3730458221024259,0.4124164220754146,12.0
diabetes_130,label_flip,label_integrity,0.3,3,0.2999973795922646,0.4511504812354225,0.05,high,tabular,health,label_integrity,content_safety,xgboost,76324,25442,fraction,0.631266610489772,0.2331043770604867,0.15112774359306053,clean held-out test set (no pre-training detector reused),0.4542577675489068,0.2698071583508814,12.0
diabetes_130,label_flip,label_integrity,0.4,3,0.4000052408154709,0.4880421316779498,0.05,high,tabular,health,label_integrity,content_safety,logreg,76324,25442,fraction,0.5872790204793314,0.31171179097575247,0.19543981998553867,clean held-out test set (no pre-training detector reused),0.3850574712643678,0.3127195223841856,12.0
diabetes_130,label_flip,label_integrity,0.4,3,0.4000052408154709,0.4880421316779498,0.05,high,tabular,health,label_integrity,content_safety,xgboost,76324,25442,fraction,0.5775734056193341,0.311402192957352,0.1952963501277807,clean held-out test set (no pre-training detector reused),0.45568039950062417,0.22101132982268407,12.0
diabetes_130,label_flip,label_integrity,0.0,4,0.0,0.1913067839603209,0.05,high,tabular,health,label_integrity,content_safety,logreg,76324,25442,fraction,0.6496788674356553,0.009277605719172879,0.09620948953714482,clean held-out test set (no pre-training detector reused),0.5092879256965945,0.2550362275164476,12.0
diabetes_130,label_flip,label_integrity,0.0,4,0.0,0.1913067839603209,0.05,high,tabular,health,label_integrity,content_safety,xgboost,76324,25442,fraction,0.6750904321724462,0.004751755839083983,0.09470404350659184,clean held-out test set (no pre-training detector reused),0.568503937007874,0.21969050743657037,12.0
diabetes_130,label_flip,label_integrity,0.03,4,0.0300036685708296,0.2279419983158416,0.05,high,tabular,health,label_integrity,content_safety,logreg,76324,25442,fraction,0.650714103307941,0.02350734889473275,0.09665221563032517,clean held-out test set (no pre-training detector reused),0.5192392746572313,0.25141599599803943,12.0
diabetes_130,label_flip,label_integrity,0.03,4,0.0300036685708296,0.2279419983158416,0.05,high,tabular,health,label_integrity,content_safety,xgboost,76324,25442,fraction,0.6735316643778736,0.02363859487744483,0.09524408988863199,clean held-out test set (no pre-training detector reused),0.5405511811023622,0.22187363687801132,12.0
diabetes_130,label_flip,label_integrity,0.05,4,0.0499973795922645,0.2492008432105065,0.05,high,tabular,health,label_integrity,content_safety,logreg,76324,25442,fraction,0.6479480408241762,0.038038779556079975,0.09757898178104028,clean held-out test set (no pre-training detector reused),0.5095090667846085,0.2598799803822164,12.0
diabetes_130,label_flip,label_integrity,0.05,4,0.0499973795922645,0.2492008432105065,0.05,high,tabular,health,label_integrity,content_safety,xgboost,76324,25442,fraction,0.6712156180597835,0.03796518029368785,0.09620200640069303,clean held-out test set (no pre-training detector reused),0.5824803149606299,0.15699420229166516,12.0
diabetes_130,label_flip,label_integrity,0.1,4,0.0999947591845291,0.3018448323281735,0.05,high,tabular,health,label_integrity,content_safety,logreg,76324,25442,fraction,0.6463501581278343,0.07692850126503602,0.10214577548335864,clean held-out test set (no pre-training detector reused),0.5347191508182221,0.22849705684243005,12.0
diabetes_130,label_flip,label_integrity,0.1,4,0.0999947591845291,0.3018448323281735,0.05,high,tabular,health,label_integrity,content_safety,xgboost,76324,25442,fraction,0.6650802742973784,0.07688274901914045,0.10099014592782403,clean held-out test set (no pre-training detector reused),0.5604330708661418,0.22699966101103453,12.0
diabetes_130,label_flip,label_integrity,0.2,4,0.2000026204077354,0.3881084173324054,0.05,high,tabular,health,label_integrity,content_safety,logreg,76324,25442,fraction,0.6358698110829721,0.15442072764775178,0.1204778032048084,clean held-out test set (no pre-training detector reused),0.5137107474568775,0.24032533991254323,12.0
diabetes_130,label_flip,label_integrity,0.2,4,0.2000026204077354,0.3881084173324054,0.05,high,tabular,health,label_integrity,content_safety,xgboost,76324,25442,fraction,0.6463704402173374,0.15434100066238668,0.1198431759751985,clean held-out test set (no pre-training detector reused),0.5519685039370079,0.2400542880857841,12.0
diabetes_130,label_flip,label_integrity,0.3,4,0.2999973795922646,0.4495628764874363,0.05,high,tabular,health,label_integrity,content_safety,logreg,76324,25442,fraction,0.6093545516039861,0.2312379464117759,0.15107454672111742,clean held-out test set (no pre-training detector reused),0.4369747899159664,0.32691409897292245,12.0
diabetes_130,label_flip,label_integrity,0.3,4,0.2999973795922646,0.4495628764874363,0.05,high,tabular,health,label_integrity,content_safety,xgboost,76324,25442,fraction,0.6145394422124623,0.23137949346305905,0.1509003490637388,clean held-out test set (no pre-training detector reused),0.43287401574803147,0.2841250345843523,12.0
diabetes_130,label_flip,label_integrity,0.4,4,0.4000052408154709,0.4869778064619636,0.05,high,tabular,health,label_integrity,content_safety,logreg,76324,25442,fraction,0.568867979056292,0.30906276575781516,0.19412391059373701,clean held-out test set (no pre-training detector reused),0.424812030075188,0.3054823668858757,12.0
diabetes_130,label_flip,label_integrity,0.4,4,0.4000052408154709,0.4869778064619636,0.05,high,tabular,health,label_integrity,content_safety,xgboost,76324,25442,fraction,0.5632826593807189,0.3090455524477557,0.19428223858822122,clean held-out test set (no pre-training detector reused),0.4143700787401575,0.15977408509787927,12.0
diabetes_130,range_violation,measurement_range_violation,0.0,0,0.0,0.0,0.01,high,tabular,health,measurement_range_violation,physical_safety,logreg,76324,25442,fraction,0.6485537763746835,0.004617730827862116,0.09567269392442873,clean held-out test set (no pre-training detector reused),0.5449624060150375,0.285919946926139,12.0
diabetes_130,range_violation,measurement_range_violation,0.0,0,0.0,0.0,0.01,high,tabular,health,measurement_range_violation,physical_safety,xgboost,76324,25442,fraction,0.676756726987819,0.0011996796529846361,0.09420785749485346,clean held-out test set (no pre-training detector reused),0.5897744360902256,0.1955196815568332,12.0
diabetes_130,range_violation,measurement_range_violation,0.03,0,0.0300036685708296,0.0300036685708296,0.01,high,tabular,health,measurement_range_violation,physical_safety,logreg,76324,25442,fraction,0.619260579688766,0.004010507858140858,0.09727729652328354,clean held-out test set (no pre-training detector reused),0.4407894736842105,0.3445046439628484,12.0
diabetes_130,range_violation,measurement_range_violation,0.03,0,0.0300036685708296,0.0300036685708296,0.01,high,tabular,health,measurement_range_violation,physical_safety,xgboost,76324,25442,fraction,0.6797510506363909,0.0024818989819651014,0.09411199785021028,clean held-out test set (no pre-training detector reused),0.5894736842105263,0.2104893061669718,12.0
diabetes_130,range_violation,measurement_range_violation,0.05,0,0.0499973795922645,0.0499973795922645,0.01,high,tabular,health,measurement_range_violation,physical_safety,logreg,76324,25442,fraction,0.6149055483428473,0.0032318743125724987,0.09742418581727791,clean held-out test set (no pre-training detector reused),0.4407894736842105,0.3342105263157895,12.0
diabetes_130,range_violation,measurement_range_violation,0.05,0,0.0499973795922645,0.0499973795922645,0.01,high,tabular,health,measurement_range_violation,physical_safety,xgboost,76324,25442,fraction,0.6786063319982165,0.0027698129715312946,0.09417379631274936,clean held-out test set (no pre-training detector reused),0.6045112781954887,0.1915657018193152,12.0
diabetes_130,range_violation,measurement_range_violation,0.1,0,0.0999947591845291,0.0999947591845291,0.01,high,tabular,health,measurement_range_violation,physical_safety,logreg,76324,25442,fraction,0.6076716290594548,0.0018329131633685013,0.09764342691656842,clean held-out test set (no pre-training detector reused),0.45065789473684215,0.3022832817337461,12.0
diabetes_130,range_violation,measurement_range_violation,0.1,0,0.0999947591845291,0.0999947591845291,0.01,high,tabular,health,measurement_range_violation,physical_safety,xgboost,76324,25442,fraction,0.678372811359566,0.0029853812497068,0.09420167962746386,clean held-out test set (no pre-training detector reused),0.5759398496240602,0.2145856870154661,12.0
diabetes_130,range_violation,measurement_range_violation,0.2,0,0.2000026204077354,0.2000026204077354,0.01,high,tabular,health,measurement_range_violation,physical_safety,logreg,76324,25442,fraction,0.6064194846940506,0.0013575296518826782,0.097682829763458,clean held-out test set (no pre-training detector reused),0.45723684210526316,0.29276315789473684,12.0
diabetes_130,range_violation,measurement_range_violation,0.2,0,0.2000026204077354,0.2000026204077354,0.01,high,tabular,health,measurement_range_violation,physical_safety,xgboost,76324,25442,fraction,0.6793964997648354,0.0008684801986232594,0.09411339000088204,clean held-out test set (no pre-training detector reused),0.5843609022556391,0.20449920137130395,12.0
diabetes_130,range_violation,measurement_range_violation,0.3,0,0.2999973795922646,0.2999973795922646,0.01,high,tabular,health,measurement_range_violation,physical_safety,logreg,76324,25442,fraction,0.6040431531179944,0.0011352999135766993,0.09775126024221681,clean held-out test set (no pre-training detector reused),0.45065789473684215,0.28757739938080484,12.0
diabetes_130,range_violation,measurement_range_violation,0.3,0,0.2999973795922646,0.2999973795922646,0.01,high,tabular,health,measurement_range_violation,physical_safety,xgboost,76324,25442,fraction,0.6779966849575324,0.0032743918473350027,0.09420947603456582,clean held-out test set (no pre-training detector reused),0.5840601503759397,0.20720557871362355,12.0
diabetes_130,range_violation,measurement_range_violation,0.4,0,0.4000052408154709,0.4000052408154709,0.01,high,tabular,health,measurement_range_violation,physical_safety,logreg,76324,25442,fraction,0.6034668550373846,0.001174233062597563,0.09776448631057096,clean held-out test set (no pre-training detector reused),0.45394736842105265,0.29458204334365323,12.0
diabetes_130,range_violation,measurement_range_violation,0.4,0,0.4000052408154709,0.4000052408154709,0.01,high,tabular,health,measurement_range_violation,physical_safety,xgboost,76324,25442,fraction,0.6775330409107433,0.0012555365094799509,0.09426439665575077,clean held-out test set (no pre-training detector reused),0.5921804511278195,0.20278624021192881,12.0
diabetes_130,range_violation,measurement_range_violation,0.0,1,0.0,0.0,0.01,high,tabular,health,measurement_range_violation,physical_safety,logreg,76324,25442,fraction,0.6433938507353842,0.003643623129067649,0.0960632675259399,clean held-out test set (no pre-training detector reused),0.4974358974358974,0.3040133779264215,12.0
diabetes_130,range_violation,measurement_range_violation,0.0,1,0.0,0.0,0.01,high,tabular,health,measurement_range_violation,physical_safety,xgboost,76324,25442,fraction,0.6768383072709911,0.0023120882722224966,0.09436188847728107,clean held-out test set (no pre-training detector reused),0.564753320683112,0.21473385880406748,12.0
diabetes_130,range_violation,measurement_range_violation,0.03,1,0.0300036685708296,0.0300036685708296,0.01,high,tabular,health,measurement_range_violation,physical_safety,logreg,76324,25442,fraction,0.61362181596713,0.001480661152076527,0.09745640866207994,clean held-out test set (no pre-training detector reused),0.43076923076923074,0.3909698996655519,12.0
diabetes_130,range_violation,measurement_range_violation,0.03,1,0.0300036685708296,0.0300036685708296,0.01,high,tabular,health,measurement_range_violation,physical_safety,xgboost,76324,25442,fraction,0.6774594082769345,0.0027338288239104006,0.09428733490190268,clean held-out test set (no pre-training detector reused),0.5706831119544592,0.20694514708675193,12.0
diabetes_130,range_violation,measurement_range_violation,0.05,1,0.0499973795922645,0.0499973795922645,0.01,high,tabular,health,measurement_range_violation,physical_safety,logreg,76324,25442,fraction,0.6076066609218148,0.0008479140338360428,0.09768133929208653,clean held-out test set (no pre-training detector reused),0.3846153846153846,0.45016722408026755,12.0
diabetes_130,range_violation,measurement_range_violation,0.05,1,0.0499973795922645,0.0499973795922645,0.01,high,tabular,health,measurement_range_violation,physical_safety,xgboost,76324,25442,fraction,0.676522567420494,0.002821430667411056,0.09435288497374637,clean held-out test set (no pre-training detector reused),0.558111954459203,0.2418880455407969,12.0
diabetes_130,range_violation,measurement_range_violation,0.1,1,0.0999947591845291,0.0999947591845291,0.01,high,tabular,health,measurement_range_violation,physical_safety,logreg,76324,25442,fraction,0.6033942976737838,0.0010169860439937961,0.09780911771213056,clean held-out test set (no pre-training detector reused),0.41025641025641024,0.4201783723522854,12.0
diabetes_130,range_violation,measurement_range_violation,0.1,1,0.0999947591845291,0.0999947591845291,0.01,high,tabular,health,measurement_range_violation,physical_safety,xgboost,76324,25442,fraction,0.6778316465642303,0.0014667610296532,0.0943556544145999,clean held-out test set (no pre-training detector reused),0.5616698292220115,0.24858658103439868,12.0
diabetes_130,range_violation,measurement_range_violation,0.2,1,0.2000026204077354,0.2000026204077354,0.01,high,tabular,health,measurement_range_violation,physical_safety,logreg,76324,25442,fraction,0.5992697169921539,0.0012062463788780433,0.0979218122077477,clean held-out test set (no pre-training detector reused),0.4205128205128205,0.40847268673355636,12.0
diabetes_130,range_violation,measurement_range_violation,0.2,1,0.2000026204077354,0.2000026204077354,0.01,high,tabular,health,measurement_range_violation,physical_safety,xgboost,76324,25442,fraction,0.6776066345854864,0.0017665522391217125,0.09431851779995828,clean held-out test set (no pre-training detector reused),0.5664136622390892,0.2102053453302969,12.0
diabetes_130,range_violation,measurement_range_violation,0.3,1,0.2999973795922646,0.2999973795922646,0.01,high,tabular,health,measurement_range_violation,physical_safety,logreg,76324,25442,fraction,0.5969846275475157,0.0013700339161369138,0.09798793942244224,clean held-out test set (no pre-training detector reused),0.41025641025641024,0.4201783723522854,12.0
diabetes_130,range_violation,measurement_range_violation,0.3,1,0.2999973795922646,0.2999973795922646,0.01,high,tabular,health,measurement_range_violation,physical_safety,xgboost,76324,25442,fraction,0.6760358362314852,0.001565490668447299,0.0944336091783034,clean held-out test set (no pre-training detector reused),0.5856261859582542,0.2041174037853355,12.0
diabetes_130,range_violation,measurement_range_violation,0.4,1,0.4000052408154709,0.4000052408154709,0.01,high,tabular,health,measurement_range_violation,physical_safety,logreg,76324,25442,fraction,0.5957037625590197,0.0014863077604982862,0.09802227282447823,clean held-out test set (no pre-training detector reused),0.41025641025641024,0.41438127090301013,12.0
diabetes_130,range_violation,measurement_range_violation,0.4,1,0.4000052408154709,0.4000052408154709,0.01,high,tabular,health,measurement_range_violation,physical_safety,xgboost,76324,25442,fraction,0.6772894610413787,0.002810624820396879,0.09431269567141368,clean held-out test set (no pre-training detector reused),0.5630929791271347,0.20613779010363453,12.0
diabetes_130,range_violation,measurement_range_violation,0.0,2,0.0,0.0,0.01,high,tabular,health,measurement_range_violation,physical_safety,logreg,76324,25442,fraction,0.6394700806610051,0.002429183478795948,0.09620687459323737,clean held-out test set (no pre-training detector reused),0.4366197183098592,0.30588028169014086,12.0
diabetes_130,range_violation,measurement_range_violation,0.0,2,0.0,0.0,0.01,high,tabular,health,measurement_range_violation,physical_safety,xgboost,76324,25442,fraction,0.6730781107290508,0.0020850863426756226,0.09455453364981793,clean held-out test set (no pre-training detector reused),0.4964788732394366,0.2850489045383412,12.0
diabetes_130,range_violation,measurement_range_violation,0.03,2,0.0300036685708296,0.0300036685708296,0.01,high,tabular,health,measurement_range_violation,physical_safety,logreg,76324,25442,fraction,0.6124729910434511,0.0028229858256253963,0.09737091417491746,clean held-out test set (no pre-training detector reused),0.29929577464788737,0.40722596448254744,12.0
diabetes_130,range_violation,measurement_range_violation,0.03,2,0.0300036685708296,0.0300036685708296,0.01,high,tabular,health,measurement_range_violation,physical_safety,xgboost,76324,25442,fraction,0.6729680279935534,0.003379514565554881,0.09450166940226416,clean held-out test set (no pre-training detector reused),0.5387323943661972,0.2550176056338028,12.0
diabetes_130,range_violation,measurement_range_violation,0.05,2,0.0499973795922645,0.0499973795922645,0.01,high,tabular,health,measurement_range_violation,physical_safety,logreg,76324,25442,fraction,0.606881305456574,0.003217636088928732,0.0975927425635673,clean held-out test set (no pre-training detector reused),0.31338028169014087,0.39178276178812,12.0
diabetes_130,range_violation,measurement_range_violation,0.05,2,0.0499973795922645,0.0499973795922645,0.01,high,tabular,health,measurement_range_violation,physical_safety,xgboost,76324,25442,fraction,0.6736996558683409,0.002274608703508944,0.09456375340278213,clean held-out test set (no pre-training detector reused),0.5140845070422535,0.27119327073552424,12.0
diabetes_130,range_violation,measurement_range_violation,0.1,2,0.0999947591845291,0.0999947591845291,0.01,high,tabular,health,measurement_range_violation,physical_safety,logreg,76324,25442,fraction,0.6033252933769573,0.0029162163086585598,0.09769471105744928,clean held-out test set (no pre-training detector reused),0.31690140845070425,0.3844874804381846,12.0
diabetes_130,range_violation,measurement_range_violation,0.1,2,0.0999947591845291,0.0999947591845291,0.01,high,tabular,health,measurement_range_violation,physical_safety,xgboost,76324,25442,fraction,0.6722967710866762,0.0021467374526771073,0.09466790021458464,clean held-out test set (no pre-training detector reused),0.5422535211267605,0.24121870109546173,12.0
diabetes_130,range_violation,measurement_range_violation,0.2,2,0.2000026204077354,0.2000026204077354,0.01,high,tabular,health,measurement_range_violation,physical_safety,logreg,76324,25442,fraction,0.5984731287715395,0.003868628108648107,0.09786162167195422,clean held-out test set (no pre-training detector reused),0.323943661971831,0.3727652752262367,12.0
diabetes_130,range_violation,measurement_range_violation,0.2,2,0.2000026204077354,0.2000026204077354,0.01,high,tabular,health,measurement_range_violation,physical_safety,xgboost,76324,25442,fraction,0.6730055689490764,0.0028739309701942676,0.09467066710314552,clean held-out test set (no pre-training detector reused),0.556338028169014,0.22768974960876387,12.0
diabetes_130,range_violation,measurement_range_violation,0.3,2,0.2999973795922646,0.2999973795922646,0.01,high,tabular,health,measurement_range_violation,physical_safety,logreg,76324,25442,fraction,0.597808923455519,0.004295221581660265,0.0978706500687485,clean held-out test set (no pre-training detector reused),0.3204225352112676,0.37824896237327355,12.0
diabetes_130,range_violation,measurement_range_violation,0.3,2,0.2999973795922646,0.2999973795922646,0.01,high,tabular,health,measurement_range_violation,physical_safety,xgboost,76324,25442,fraction,0.6739432513213317,0.002137490034615281,0.09458906552398451,clean held-out test set (no pre-training detector reused),0.5598591549295775,0.22736306729264466,12.0
diabetes_130,range_violation,measurement_range_violation,0.4,2,0.4000052408154709,0.4000052408154709,0.01,high,tabular,health,measurement_range_violation,physical_safety,logreg,76324,25442,fraction,0.5975618762293241,0.004237350515294226,0.0978771906064739,clean held-out test set (no pre-training detector reused),0.3204225352112676,0.37613543580322517,12.0
diabetes_130,range_violation,measurement_range_violation,0.4,2,0.4000052408154709,0.4000052408154709,0.01,high,tabular,health,measurement_range_violation,physical_safety,xgboost,76324,25442,fraction,0.6724748295996705,0.0025566298664029107,0.09464877410539446,clean held-out test set (no pre-training detector reused),0.5704225352112676,0.2094385758998435,12.0
diabetes_130,range_violation,measurement_range_violation,0.0,3,0.0,0.0,0.01,high,tabular,health,measurement_range_violation,physical_safety,logreg,76324,25442,fraction,0.6463074434084121,0.0027164287350690767,0.09579875334686215,clean held-out test set (no pre-training detector reused),0.4821203953279425,0.24688454468617183,12.0
diabetes_130,range_violation,measurement_range_violation,0.0,3,0.0,0.0,0.01,high,tabular,health,measurement_range_violation,physical_safety,xgboost,76324,25442,fraction,0.6756987857721556,0.0031408424834465233,0.09401417323681896,clean held-out test set (no pre-training detector reused),0.578796046720575,0.18108398150807703,12.0
diabetes_130,range_violation,measurement_range_violation,0.03,3,0.0300036685708296,0.0300036685708296,0.01,high,tabular,health,measurement_range_violation,physical_safety,logreg,76324,25442,fraction,0.6149205397912545,0.0020428763273462585,0.09727844089978234,clean held-out test set (no pre-training detector reused),0.4691823899371069,0.20407096221532783,12.0
diabetes_130,range_violation,measurement_range_violation,0.03,3,0.0300036685708296,0.0300036685708296,0.01,high,tabular,health,measurement_range_violation,physical_safety,xgboost,76324,25442,fraction,0.6737656836925626,0.0034619315182773205,0.0941076991508021,clean held-out test set (no pre-training detector reused),0.5632183908045977,0.20036664800979898,12.0
diabetes_130,range_violation,measurement_range_violation,0.05,3,0.0499973795922645,0.0499973795922645,0.01,high,tabular,health,measurement_range_violation,physical_safety,logreg,76324,25442,fraction,0.6090284953929423,0.00034278739933474485,0.09748592282086384,clean held-out test set (no pre-training detector reused),0.4716981132075472,0.19626236667953822,12.0
diabetes_130,range_violation,measurement_range_violation,0.05,3,0.0499973795922645,0.0499973795922645,0.01,high,tabular,health,measurement_range_violation,physical_safety,xgboost,76324,25442,fraction,0.67510217443479,0.0033733931832189944,0.09405751290283879,clean held-out test set (no pre-training detector reused),0.5660919540229885,0.19661093941384977,12.0
diabetes_130,range_violation,measurement_range_violation,0.1,3,0.0999947591845291,0.0999947591845291,0.01,high,tabular,health,measurement_range_violation,physical_safety,logreg,76324,25442,fraction,0.6053083565621566,0.00043297319121203694,0.0975918711718152,clean held-out test set (no pre-training detector reused),0.47133872416891287,0.19079959622628817,12.0
diabetes_130,range_violation,measurement_range_violation,0.1,3,0.0999947591845291,0.0999947591845291,0.01,high,tabular,health,measurement_range_violation,physical_safety,xgboost,76324,25442,fraction,0.6761990123814559,0.002312423799537773,0.09412607370833348,clean held-out test set (no pre-training detector reused),0.5692722371967655,0.19060779103188663,12.0
diabetes_130,range_violation,measurement_range_violation,0.2,3,0.2000026204077354,0.2000026204077354,0.01,high,tabular,health,measurement_range_violation,physical_safety,logreg,76324,25442,fraction,0.6015528740671428,0.0013151939649666121,0.09770509618398632,clean held-out test set (no pre-training detector reused),0.4731356693620844,0.1904140836372099,12.0
diabetes_130,range_violation,measurement_range_violation,0.2,3,0.2000026204077354,0.2000026204077354,0.01,high,tabular,health,measurement_range_violation,physical_safety,xgboost,76324,25442,fraction,0.6763189595523399,0.002188767406806296,0.09410217210336057,clean held-out test set (no pre-training detector reused),0.5862068965517241,0.1609702382400896,12.0
diabetes_130,range_violation,measurement_range_violation,0.3,3,0.2999973795922646,0.2999973795922646,0.01,high,tabular,health,measurement_range_violation,physical_safety,logreg,76324,25442,fraction,0.5991301032850019,0.0013209524196365631,0.09779052073157399,clean held-out test set (no pre-training detector reused),0.4716981132075472,0.18991091996111908,12.0
diabetes_130,range_violation,measurement_range_violation,0.3,3,0.2999973795922646,0.2999973795922646,0.01,high,tabular,health,measurement_range_violation,physical_safety,xgboost,76324,25442,fraction,0.6758713744323529,0.0026317528903934684,0.09413809005330395,clean held-out test set (no pre-training detector reused),0.5901168014375562,0.16111820209102534,12.0
diabetes_130,range_violation,measurement_range_violation,0.4,3,0.4000052408154709,0.4000052408154709,0.01,high,tabular,health,measurement_range_violation,physical_safety,logreg,76324,25442,fraction,0.5983543036217422,0.002700986663528894,0.09779466420969841,clean held-out test set (no pre-training detector reused),0.4724168912848158,0.18478141499605927,12.0
diabetes_130,range_violation,measurement_range_violation,0.4,3,0.4000052408154709,0.4000052408154709,0.01,high,tabular,health,measurement_range_violation,physical_safety,xgboost,76324,25442,fraction,0.6777354722151191,0.0028613980677734047,0.09400738076197608,clean held-out test set (no pre-training detector reused),0.5940700808625338,0.17145567778249082,12.0
diabetes_130,range_violation,measurement_range_violation,0.0,4,0.0,0.0,0.01,high,tabular,health,measurement_range_violation,physical_safety,logreg,76324,25442,fraction,0.6496788674356553,0.009277605719172879,0.09620948953714482,clean held-out test set (no pre-training detector reused),0.5092879256965945,0.2550362275164476,12.0
diabetes_130,range_violation,measurement_range_violation,0.0,4,0.0,0.0,0.01,high,tabular,health,measurement_range_violation,physical_safety,xgboost,76324,25442,fraction,0.6750904321724462,0.004751755839083983,0.09470404350659184,clean held-out test set (no pre-training detector reused),0.568503937007874,0.21969050743657037,12.0
diabetes_130,range_violation,measurement_range_violation,0.03,4,0.0300036685708296,0.0300036685708296,0.01,high,tabular,health,measurement_range_violation,physical_safety,logreg,76324,25442,fraction,0.622737894456058,0.005145297734630353,0.09723997804385444,clean held-out test set (no pre-training detector reused),0.5131721400216528,0.20208585301411808,12.0
diabetes_130,range_violation,measurement_range_violation,0.03,4,0.0300036685708296,0.0300036685708296,0.01,high,tabular,health,measurement_range_violation,physical_safety,xgboost,76324,25442,fraction,0.6756183820527616,0.004529675369051883,0.09466280200459627,clean held-out test set (no pre-training detector reused),0.5923228346456693,0.19463506342333992,12.0
diabetes_130,range_violation,measurement_range_violation,0.05,4,0.0499973795922645,0.0499973795922645,0.01,high,tabular,health,measurement_range_violation,physical_safety,logreg,76324,25442,fraction,0.6189642570365175,0.005275702407199461,0.09735537462282574,clean held-out test set (no pre-training detector reused),0.5106459761818838,0.19938884496404852,12.0
diabetes_130,range_violation,measurement_range_violation,0.05,4,0.0499973795922645,0.0499973795922645,0.01,high,tabular,health,measurement_range_violation,physical_safety,xgboost,76324,25442,fraction,0.6763425064115324,0.003972927443788574,0.09460392144595511,clean held-out test set (no pre-training detector reused),0.5867917719234933,0.23959711696539565,12.0
diabetes_130,range_violation,measurement_range_violation,0.1,4,0.0999947591845291,0.0999947591845291,0.01,high,tabular,health,measurement_range_violation,physical_safety,logreg,76324,25442,fraction,0.614683653089344,0.0048104399979792605,0.0975042445973152,clean held-out test set (no pre-training detector reused),0.504150126308192,0.20176946850029176,12.0
diabetes_130,range_violation,measurement_range_violation,0.1,4,0.0999947591845291,0.0999947591845291,0.01,high,tabular,health,measurement_range_violation,physical_safety,xgboost,76324,25442,fraction,0.6747736014681147,0.0032777039089798296,0.09465690004033461,clean held-out test set (no pre-training detector reused),0.6031496062992125,0.1989337270341207,12.0
diabetes_130,range_violation,measurement_range_violation,0.2,4,0.2000026204077354,0.2000026204077354,0.01,high,tabular,health,measurement_range_violation,physical_safety,logreg,76324,25442,fraction,0.6100672375811239,0.0028860402596160356,0.09761669080167121,clean held-out test set (no pre-training detector reused),0.4990977986286539,0.20460590507504983,12.0
diabetes_130,range_violation,measurement_range_violation,0.2,4,0.2000026204077354,0.2000026204077354,0.01,high,tabular,health,measurement_range_violation,physical_safety,xgboost,76324,25442,fraction,0.6759320259055345,0.004518053417155766,0.0946794707752054,clean held-out test set (no pre-training detector reused),0.5996062992125983,0.17437280809984235,12.0
diabetes_130,range_violation,measurement_range_violation,0.3,4,0.2999973795922646,0.2999973795922646,0.01,high,tabular,health,measurement_range_violation,physical_safety,logreg,76324,25442,fraction,0.6077807144428752,0.0023428451758898657,0.09769095784818924,clean held-out test set (no pre-training detector reused),0.4998195597257308,0.20103514112897003,12.0
diabetes_130,range_violation,measurement_range_violation,0.3,4,0.2999973795922646,0.2999973795922646,0.01,high,tabular,health,measurement_range_violation,physical_safety,xgboost,76324,25442,fraction,0.6759830389059098,0.0053185208887798876,0.09467633419007511,clean held-out test set (no pre-training detector reused),0.5871526524720317,0.20091319114936756,12.0
diabetes_130,range_violation,measurement_range_violation,0.4,4,0.4000052408154709,0.4000052408154709,0.01,high,tabular,health,measurement_range_violation,physical_safety,logreg,76324,25442,fraction,0.6080615625543041,0.0023742439595582816,0.09768190180876715,clean held-out test set (no pre-training detector reused),0.5005413208228077,0.20047165796794897,12.0
diabetes_130,range_violation,measurement_range_violation,0.4,4,0.4000052408154709,0.4000052408154709,0.01,high,tabular,health,measurement_range_violation,physical_safety,xgboost,76324,25442,fraction,0.6758082373707917,0.0051077505347846336,0.09471330893750185,clean held-out test set (no pre-training detector reused),0.5881889763779528,0.23125546806649167,12.0
diabetes_130,subgroup_dropout,representation_imbalance,0.0,0,0.0,0.6510290715521049,0.1,high,tabular,health,representation_imbalance,content_safety,logreg,76324,25442,fraction,0.6485537763746835,0.004617730827862116,0.09567269392442873,clean held-out test set (no pre-training detector reused),0.5449624060150375,0.285919946926139,12.0
diabetes_130,subgroup_dropout,representation_imbalance,0.0,0,0.0,0.6510290715521049,0.1,high,tabular,health,representation_imbalance,content_safety,xgboost,76324,25442,fraction,0.676756726987819,0.0011996796529846361,0.09420785749485346,clean held-out test set (no pre-training detector reused),0.5897744360902256,0.1955196815568332,12.0
diabetes_130,subgroup_dropout,representation_imbalance,0.03,0,0.0298165137614678,0.6513697245577126,0.1,high,tabular,health,representation_imbalance,content_safety,logreg,76324,25442,fraction,0.6484796918157149,0.004823509664986505,0.09567320733389187,clean held-out test set (no pre-training detector reused),0.5461654135338345,0.284716939407342,12.0
diabetes_130,subgroup_dropout,representation_imbalance,0.03,0,0.0298165137614678,0.6513697245577126,0.1,high,tabular,health,representation_imbalance,content_safety,xgboost,76324,25442,fraction,0.6776093773036983,0.0014803008794363965,0.0942135500168511,clean held-out test set (no pre-training detector reused),0.5861654135338346,0.20843118158089535,12.0
diabetes_130,subgroup_dropout,representation_imbalance,0.05,0,0.0504587155963302,0.6516055612539026,0.1,high,tabular,health,representation_imbalance,content_safety,logreg,76324,25442,fraction,0.6484616927274505,0.004755246953750905,0.09567404234150513,clean held-out test set (no pre-training detector reused),0.5446616541353384,0.29063246351172045,12.0
diabetes_130,subgroup_dropout,representation_imbalance,0.05,0,0.0504587155963302,0.6516055612539026,0.1,high,tabular,health,representation_imbalance,content_safety,xgboost,76324,25442,fraction,0.6783381923339561,0.0014069720071311948,0.09415943380311634,clean held-out test set (no pre-training detector reused),0.5777443609022557,0.21611204176243715,12.0
diabetes_130,subgroup_dropout,representation_imbalance,0.1,0,0.0997706422018348,0.6521689489170229,0.1,high,tabular,health,representation_imbalance,content_safety,logreg,76324,25442,fraction,0.6486398759094546,0.004493493712917934,0.0956736885661999,clean held-out test set (no pre-training detector reused),0.5452631578947369,0.2856191950464396,12.0
diabetes_130,subgroup_dropout,representation_imbalance,0.1,0,0.0997706422018348,0.6521689489170229,0.1,high,tabular,health,representation_imbalance,content_safety,xgboost,76324,25442,fraction,0.6776873266019653,0.0009705676948968718,0.09419322741417051,clean held-out test set (no pre-training detector reused),0.5642105263157895,0.25815789473684214,12.0
diabetes_130,subgroup_dropout,representation_imbalance,0.2,0,0.1995412844036697,0.6533088262819409,0.1,high,tabular,health,representation_imbalance,content_safety,logreg,76324,25442,fraction,0.6482380365241862,0.005003893390412757,0.09568050637412949,clean held-out test set (no pre-training detector reused),0.546766917293233,0.28705661211853173,12.0
diabetes_130,subgroup_dropout,representation_imbalance,0.2,0,0.1995412844036697,0.6533088262819409,0.1,high,tabular,health,representation_imbalance,content_safety,xgboost,76324,25442,fraction,0.6783630170504973,0.0022003250014645615,0.09420269486506444,clean held-out test set (no pre-training detector reused),0.5794190871369295,0.22979143917886002,12.0
diabetes_130,subgroup_dropout,representation_imbalance,0.3,0,0.3004587155963302,0.6544618056855361,0.1,high,tabular,health,representation_imbalance,content_safety,logreg,76324,25442,fraction,0.6486354657432392,0.0048497350734488425,0.09567298577714564,clean held-out test set (no pre-training detector reused),0.549172932330827,0.28170942061034954,12.0
diabetes_130,subgroup_dropout,representation_imbalance,0.3,0,0.3004587155963302,0.6544618056855361,0.1,high,tabular,health,representation_imbalance,content_safety,xgboost,76324,25442,fraction,0.6784712375426636,0.0019702779381873337,0.0941391760669898,clean held-out test set (no pre-training detector reused),0.5762406015037593,0.2494172932330827,12.0
diabetes_130,subgroup_dropout,representation_imbalance,0.4,0,0.4002293577981651,0.6556016830504541,0.1,high,tabular,health,representation_imbalance,content_safety,logreg,76324,25442,fraction,0.6484691261171494,0.0044905043364688755,0.09567800568681689,clean held-out test set (no pre-training detector reused),0.5474509803921569,0.28784313725490196,12.0
diabetes_130,subgroup_dropout,representation_imbalance,0.4,0,0.4002293577981651,0.6556016830504541,0.1,high,tabular,health,representation_imbalance,content_safety,xgboost,76324,25442,fraction,0.6769023559746852,0.0011621627141199839,0.0942434814554386,clean held-out test set (no pre-training detector reused),0.6112863070539418,0.1816448550482047,12.0
diabetes_130,subgroup_dropout,representation_imbalance,0.0,1,0.0,0.6503346635022126,0.1,high,tabular,health,representation_imbalance,content_safety,logreg,76324,25442,fraction,0.6433938507353842,0.003643623129067649,0.0960632675259399,clean held-out test set (no pre-training detector reused),0.4974358974358974,0.3040133779264215,12.0
diabetes_130,subgroup_dropout,representation_imbalance,0.0,1,0.0,0.6503346635022126,0.1,high,tabular,health,representation_imbalance,content_safety,xgboost,76324,25442,fraction,0.6768383072709911,0.0023120882722224966,0.09436188847728107,clean held-out test set (no pre-training detector reused),0.564753320683112,0.21473385880406748,12.0
diabetes_130,subgroup_dropout,representation_imbalance,0.03,1,0.0300925925925925,0.6506753165078202,0.1,high,tabular,health,representation_imbalance,content_safety,logreg,76324,25442,fraction,0.6433911236007988,0.003578726611102569,0.09606109998432195,clean held-out test set (no pre-training detector reused),0.4974358974358974,0.3054626532887403,12.0
diabetes_130,subgroup_dropout,representation_imbalance,0.03,1,0.0300925925925925,0.6506753165078202,0.1,high,tabular,health,representation_imbalance,content_safety,xgboost,76324,25442,fraction,0.677757351626308,0.0022833288192445024,0.09426996935562497,clean held-out test set (no pre-training detector reused),0.5505218216318786,0.23922176811171125,12.0
diabetes_130,subgroup_dropout,representation_imbalance,0.05,1,0.0497685185185185,0.650898051165333,0.1,high,tabular,health,representation_imbalance,content_safety,logreg,76324,25442,fraction,0.6434927755945204,0.003778005135427681,0.09606323014826636,clean held-out test set (no pre-training detector reused),0.4974358974358974,0.3083612040133779,12.0
diabetes_130,subgroup_dropout,representation_imbalance,0.05,1,0.0497685185185185,0.650898051165333,0.1,high,tabular,health,representation_imbalance,content_safety,xgboost,76324,25442,fraction,0.6756848618021432,0.0013788473114729252,0.0944178275081079,clean held-out test set (no pre-training detector reused),0.5846774193548387,0.27173283705541773,12.0
diabetes_130,subgroup_dropout,representation_imbalance,0.1,1,0.099537037037037,0.6514614388284533,0.1,high,tabular,health,representation_imbalance,content_safety,logreg,76324,25442,fraction,0.6432731711340689,0.003875554909123605,0.09606909047041436,clean held-out test set (no pre-training detector reused),0.4974358974358974,0.3054626532887403,12.0
diabetes_130,subgroup_dropout,representation_imbalance,0.1,1,0.099537037037037,0.6514614388284533,0.1,high,tabular,health,representation_imbalance,content_safety,xgboost,76324,25442,fraction,0.6786059579911877,0.001734614319834034,0.09424628952505684,clean held-out test set (no pre-training detector reused),0.5801707779886148,0.20957281175497489,12.0
diabetes_130,subgroup_dropout,representation_imbalance,0.2,1,0.2002314814814814,0.6526013161933713,0.1,high,tabular,health,representation_imbalance,content_safety,logreg,76324,25442,fraction,0.6432215425804586,0.003819552491473662,0.0960692183834937,clean held-out test set (no pre-training detector reused),0.4974358974358974,0.3054626532887403,12.0
diabetes_130,subgroup_dropout,representation_imbalance,0.2,1,0.2002314814814814,0.6526013161933713,0.1,high,tabular,health,representation_imbalance,content_safety,xgboost,76324,25442,fraction,0.6780975889371962,0.0018094703151712078,0.09438549770556673,clean held-out test set (no pre-training detector reused),0.6086337760910816,0.18623801878071333,12.0
diabetes_130,subgroup_dropout,representation_imbalance,0.3,1,0.2997685185185185,0.653728091519612,0.1,high,tabular,health,representation_imbalance,content_safety,logreg,76324,25442,fraction,0.6435348981361468,0.004304840805002378,0.09605771676030926,clean held-out test set (no pre-training detector reused),0.4923076923076922,0.31059085841694556,12.0
diabetes_130,subgroup_dropout,representation_imbalance,0.3,1,0.2997685185185185,0.653728091519612,0.1,high,tabular,health,representation_imbalance,content_safety,xgboost,76324,25442,fraction,0.6782187516309238,0.0015108057515350604,0.09426344896913151,clean held-out test set (no pre-training detector reused),0.5713946869070209,0.26450274899041504,12.0
diabetes_130,subgroup_dropout,representation_imbalance,0.4,1,0.4004629629629629,0.6548679688845299,0.1,high,tabular,health,representation_imbalance,content_safety,logreg,76324,25442,fraction,0.6433981985670949,0.00359955331101211,0.09606219007460437,clean held-out test set (no pre-training detector reused),0.4923076923076923,0.30769230769230776,12.0
diabetes_130,subgroup_dropout,representation_imbalance,0.4,1,0.4004629629629629,0.6548679688845299,0.1,high,tabular,health,representation_imbalance,content_safety,xgboost,76324,25442,fraction,0.6771293548657699,0.0015066904637587209,0.09427561970825295,clean held-out test set (no pre-training detector reused),0.5958254269449715,0.1939181627986183,12.0
diabetes_130,subgroup_dropout,representation_imbalance,0.0,2,0.0,0.6503739696182441,0.1,high,tabular,health,representation_imbalance,content_safety,logreg,76324,25442,fraction,0.6394700806610051,0.002429183478795948,0.09620687459323737,clean held-out test set (no pre-training detector reused),0.4366197183098592,0.30588028169014086,12.0
diabetes_130,subgroup_dropout,representation_imbalance,0.0,2,0.0,0.6503739696182441,0.1,high,tabular,health,representation_imbalance,content_safety,xgboost,76324,25442,fraction,0.6730781107290508,0.0020850863426756226,0.09455453364981793,clean held-out test set (no pre-training detector reused),0.4964788732394366,0.2850489045383412,12.0
diabetes_130,subgroup_dropout,representation_imbalance,0.03,2,0.0300230946882217,0.6507146226238517,0.1,high,tabular,health,representation_imbalance,content_safety,logreg,76324,25442,fraction,0.6394677119498222,0.0024886385376282926,0.09620895189631083,clean held-out test set (no pre-training detector reused),0.44366197183098594,0.29814358372456956,12.0
diabetes_130,subgroup_dropout,representation_imbalance,0.03,2,0.0300230946882217,0.6507146226238517,0.1,high,tabular,health,representation_imbalance,content_safety,xgboost,76324,25442,fraction,0.671892882454562,0.0036958765287794814,0.09473885490787201,clean held-out test set (no pre-training detector reused),0.5352112676056338,0.24659428794992178,12.0
diabetes_130,subgroup_dropout,representation_imbalance,0.05,2,0.0496535796766743,0.6509373572813645,0.1,high,tabular,health,representation_imbalance,content_safety,logreg,76324,25442,fraction,0.6395303892944103,0.0025231722360415714,0.09620840441145614,clean held-out test set (no pre-training detector reused),0.4471830985915493,0.29545579029733954,12.0
diabetes_130,subgroup_dropout,representation_imbalance,0.05,2,0.0496535796766743,0.6509373572813645,0.1,high,tabular,health,representation_imbalance,content_safety,xgboost,76324,25442,fraction,0.6732777759397758,0.0024204857006233315,0.0946040794213348,clean held-out test set (no pre-training detector reused),0.5316901408450704,0.24636541471048523,12.0
diabetes_130,subgroup_dropout,representation_imbalance,0.1,2,0.1004618937644341,0.6515138469831621,0.1,high,tabular,health,representation_imbalance,content_safety,logreg,76324,25442,fraction,0.6393768126581807,0.002577243662923783,0.09621173159915972,clean held-out test set (no pre-training detector reused),0.4507042253521127,0.29137910798122063,12.0
diabetes_130,subgroup_dropout,representation_imbalance,0.1,2,0.1004618937644341,0.6515138469831621,0.1,high,tabular,health,representation_imbalance,content_safety,xgboost,76324,25442,fraction,0.6730220174665335,0.0026393094646288548,0.09458278586334296,clean held-out test set (no pre-training detector reused),0.5774647887323944,0.20795187793427228,12.0
diabetes_130,subgroup_dropout,representation_imbalance,0.2,2,0.1997690531177829,0.6526406223094028,0.1,high,tabular,health,representation_imbalance,content_safety,logreg,76324,25442,fraction,0.6394882667527838,0.0023753203190336864,0.09621057397154503,clean held-out test set (no pre-training detector reused),0.4507042253521127,0.29137910798122063,12.0
diabetes_130,subgroup_dropout,representation_imbalance,0.2,2,0.1997690531177829,0.6526406223094028,0.1,high,tabular,health,representation_imbalance,content_safety,xgboost,76324,25442,fraction,0.6723528643491934,0.0035546276533409407,0.09469669966566613,clean held-out test set (no pre-training detector reused),0.5176056338028169,0.28239436619718317,12.0
diabetes_130,subgroup_dropout,representation_imbalance,0.3,2,0.3002309468822171,0.6537804996743208,0.1,high,tabular,health,representation_imbalance,content_safety,logreg,76324,25442,fraction,0.6395798517239784,0.0023186622841330677,0.09620196674358457,clean held-out test set (no pre-training detector reused),0.4471830985915493,0.2929557902973396,12.0
diabetes_130,subgroup_dropout,representation_imbalance,0.3,2,0.3002309468822171,0.6537804996743208,0.1,high,tabular,health,representation_imbalance,content_safety,xgboost,76324,25442,fraction,0.6723131494778154,0.0027656136843302666,0.09453380192226495,clean held-out test set (no pre-training detector reused),0.5528169014084507,0.23593309859154932,12.0
diabetes_130,subgroup_dropout,representation_imbalance,0.4,2,0.3995381062355658,0.6549072750005616,0.1,high,tabular,health,representation_imbalance,content_safety,logreg,76324,25442,fraction,0.6397233613376812,0.0022692081128752196,0.09619648855805574,clean held-out test set (no pre-training detector reused),0.426056338028169,0.31519366197183096,12.0
diabetes_130,subgroup_dropout,representation_imbalance,0.4,2,0.3995381062355658,0.6549072750005616,0.1,high,tabular,health,representation_imbalance,content_safety,xgboost,76324,25442,fraction,0.6718979003821994,0.0027713672613474526,0.09460415391423603,clean held-out test set (no pre-training detector reused),0.5845070422535211,0.21118740219092336,12.0
diabetes_130,subgroup_dropout,representation_imbalance,0.0,3,0.0,0.6502953573861808,0.1,high,tabular,health,representation_imbalance,content_safety,logreg,76324,25442,fraction,0.6463074434084121,0.0027164287350690767,0.09579875334686215,clean held-out test set (no pre-training detector reused),0.4821203953279425,0.24688454468617183,12.0
diabetes_130,subgroup_dropout,representation_imbalance,0.0,3,0.0,0.6502953573861808,0.1,high,tabular,health,representation_imbalance,content_safety,xgboost,76324,25442,fraction,0.6756987857721556,0.0031408424834465233,0.09401417323681896,clean held-out test set (no pre-training detector reused),0.578796046720575,0.18108398150807703,12.0
diabetes_130,subgroup_dropout,representation_imbalance,0.03,3,0.0305164319248826,0.6506360103917884,0.1,high,tabular,health,representation_imbalance,content_safety,logreg,76324,25442,fraction,0.6462311303908963,0.0027711409898825636,0.09579816692180207,clean held-out test set (no pre-training detector reused),0.48301886792452825,0.24686821746714432,12.0
diabetes_130,subgroup_dropout,representation_imbalance,0.03,3,0.0305164319248826,0.6506360103917884,0.1,high,tabular,health,representation_imbalance,content_safety,xgboost,76324,25442,fraction,0.6736402666688817,0.0035929741594794215,0.09417130017594656,clean held-out test set (no pre-training detector reused),0.5747126436781609,0.17775736337900216,12.0
diabetes_130,subgroup_dropout,representation_imbalance,0.05,3,0.0504694835680751,0.6508587450493012,0.1,high,tabular,health,representation_imbalance,content_safety,logreg,76324,25442,fraction,0.6463253178276669,0.0024393387953978167,0.0957972238941428,clean held-out test set (no pre-training detector reused),0.48158131176999097,0.24742362824412334,12.0
diabetes_130,subgroup_dropout,representation_imbalance,0.05,3,0.0504694835680751,0.6508587450493012,0.1,high,tabular,health,representation_imbalance,content_safety,xgboost,76324,25442,fraction,0.6748613294918241,0.0018130737433640358,0.094107679881003,clean held-out test set (no pre-training detector reused),0.5431034482758621,0.20707298079964953,12.0
diabetes_130,subgroup_dropout,representation_imbalance,0.1,3,0.0997652582159624,0.6514090306737443,0.1,high,tabular,health,representation_imbalance,content_safety,logreg,76324,25442,fraction,0.6464872161202888,0.0027801680182776086,0.09579168320173988,clean held-out test set (no pre-training detector reused),0.48355795148247976,0.2457998466826578,12.0
diabetes_130,subgroup_dropout,representation_imbalance,0.1,3,0.0997652582159624,0.6514090306737443,0.1,high,tabular,health,representation_imbalance,content_safety,xgboost,76324,25442,fraction,0.6759463628416411,0.002590624099903655,0.09402090871087024,clean held-out test set (no pre-training detector reused),0.5459770114942528,0.2151380202629808,12.0
diabetes_130,subgroup_dropout,representation_imbalance,0.2,3,0.1995305164319248,0.6525227039613078,0.1,high,tabular,health,representation_imbalance,content_safety,logreg,76324,25442,fraction,0.646087402606427,0.002677239033282393,0.09580307322297903,clean held-out test set (no pre-training detector reused),0.48104222821203946,0.24831556995309811,12.0
diabetes_130,subgroup_dropout,representation_imbalance,0.2,3,0.1995305164319248,0.6525227039613078,0.1,high,tabular,health,representation_imbalance,content_safety,xgboost,76324,25442,fraction,0.6764789644343782,0.0018722895653389099,0.09399241238572001,clean held-out test set (no pre-training detector reused),0.5833333333333334,0.16719595389320152,12.0
diabetes_130,subgroup_dropout,representation_imbalance,0.3,3,0.3004694835680751,0.6536494792875487,0.1,high,tabular,health,representation_imbalance,content_safety,logreg,76324,25442,fraction,0.6464764166673302,0.0030584859862824417,0.09579063170443733,clean held-out test set (no pre-training detector reused),0.47960467205750223,0.24975312610763545,12.0
diabetes_130,subgroup_dropout,representation_imbalance,0.3,3,0.3004694835680751,0.6536494792875487,0.1,high,tabular,health,representation_imbalance,content_safety,xgboost,76324,25442,fraction,0.6762377610680095,0.002183634304492689,0.09395502216268381,clean held-out test set (no pre-training detector reused),0.5201149425287357,0.2376479367937766,12.0
diabetes_130,subgroup_dropout,representation_imbalance,0.4,3,0.4002347417840375,0.6547631525751122,0.1,high,tabular,health,representation_imbalance,content_safety,logreg,76324,25442,fraction,0.646343613004829,0.0030020119816236393,0.09580375487568255,clean held-out test set (no pre-training detector reused),0.48194070080862533,0.24671138105446572,12.0
diabetes_130,subgroup_dropout,representation_imbalance,0.4,3,0.4002347417840375,0.6547631525751122,0.1,high,tabular,health,representation_imbalance,content_safety,xgboost,76324,25442,fraction,0.6764154767412276,0.0019187437502090259,0.09403284997117514,clean held-out test set (no pre-training detector reused),0.5172413793103448,0.250754386391843,12.0
diabetes_130,subgroup_dropout,representation_imbalance,0.0,4,0.0,0.6508718470879785,0.1,high,tabular,health,representation_imbalance,content_safety,logreg,76324,25442,fraction,0.6496788674356553,0.009277605719172879,0.09620948953714482,clean held-out test set (no pre-training detector reused),0.5092879256965945,0.2550362275164476,12.0
diabetes_130,subgroup_dropout,representation_imbalance,0.0,4,0.0,0.6508718470879785,0.1,high,tabular,health,representation_imbalance,content_safety,xgboost,76324,25442,fraction,0.6750904321724462,0.004751755839083983,0.09470404350659184,clean held-out test set (no pre-training detector reused),0.568503937007874,0.21969050743657037,12.0
diabetes_130,subgroup_dropout,representation_imbalance,0.03,4,0.0300925925925925,0.6512125000935861,0.1,high,tabular,health,representation_imbalance,content_safety,logreg,76324,25442,fraction,0.6496324438131968,0.009176596535719709,0.09621039556429281,clean held-out test set (no pre-training detector reused),0.5095090667846086,0.2543402526202664,12.0
diabetes_130,subgroup_dropout,representation_imbalance,0.03,4,0.0300925925925925,0.6512125000935861,0.1,high,tabular,health,representation_imbalance,content_safety,xgboost,76324,25442,fraction,0.6745147730205105,0.00392706119941521,0.09462762197911623,clean held-out test set (no pre-training detector reused),0.5820866141732283,0.20708717500056084,12.0
diabetes_130,subgroup_dropout,representation_imbalance,0.05,4,0.0497685185185185,0.6514352347510989,0.1,high,tabular,health,representation_imbalance,content_safety,logreg,76324,25442,fraction,0.6496912564184866,0.009179043974521406,0.09620756181593582,clean held-out test set (no pre-training detector reused),0.5110570544007076,0.25310882087627873,12.0
diabetes_130,subgroup_dropout,representation_imbalance,0.05,4,0.0497685185185185,0.6514352347510989,0.1,high,tabular,health,representation_imbalance,content_safety,xgboost,76324,25442,fraction,0.6750280431249428,0.00492396401160157,0.09472795730585973,clean held-out test set (no pre-training detector reused),0.5746062992125984,0.20934431807135212,12.0
diabetes_130,subgroup_dropout,representation_imbalance,0.1,4,0.099537037037037,0.6519986224142192,0.1,high,tabular,health,representation_imbalance,content_safety,logreg,76324,25442,fraction,0.6495578605781895,0.00874954647995416,0.09621228102752358,clean held-out test set (no pre-training detector reused),0.5075187969924813,0.2558556886042266,12.0
diabetes_130,subgroup_dropout,representation_imbalance,0.1,4,0.099537037037037,0.6519986224142192,0.1,high,tabular,health,representation_imbalance,content_safety,xgboost,76324,25442,fraction,0.6771586598748445,0.0032396888823150558,0.09453159349594897,clean held-out test set (no pre-training detector reused),0.5923228346456694,0.19938340150501122,12.0
diabetes_130,subgroup_dropout,representation_imbalance,0.2,4,0.2002314814814814,0.6531384997791371,0.1,high,tabular,health,representation_imbalance,content_safety,logreg,76324,25442,fraction,0.6496658239405234,0.008857999618013026,0.09620352431327214,clean held-out test set (no pre-training detector reused),0.5095090667846086,0.25497336436448925,12.0
diabetes_130,subgroup_dropout,representation_imbalance,0.2,4,0.2002314814814814,0.6531384997791371,0.1,high,tabular,health,representation_imbalance,content_safety,xgboost,76324,25442,fraction,0.6758526273300306,0.0044898652123408385,0.0945304437836258,clean held-out test set (no pre-training detector reused),0.6092519685039369,0.18588692038495203,12.0
diabetes_130,subgroup_dropout,representation_imbalance,0.3,4,0.2997685185185185,0.654265275105378,0.1,high,tabular,health,representation_imbalance,content_safety,logreg,76324,25442,fraction,0.6498319453958465,0.008931381837217485,0.09619710849383427,clean held-out test set (no pre-training detector reused),0.5072976559044671,0.25481060620379503,12.0
diabetes_130,subgroup_dropout,representation_imbalance,0.3,4,0.2997685185185185,0.654265275105378,0.1,high,tabular,health,representation_imbalance,content_safety,xgboost,76324,25442,fraction,0.6737135798383532,0.004265067533271209,0.09466488962861237,clean held-out test set (no pre-training detector reused),0.5712598425196851,0.23082349081364817,12.0
diabetes_130,subgroup_dropout,representation_imbalance,0.4,4,0.4004629629629629,0.6554051524702958,0.1,high,tabular,health,representation_imbalance,content_safety,logreg,76324,25442,fraction,0.6497827011370453,0.008759488727062833,0.09619792678662435,clean held-out test set (no pre-training detector reused),0.5117204776647502,0.25102089618773493,12.0
diabetes_130,subgroup_dropout,representation_imbalance,0.4,4,0.4004629629629629,0.6554051524702958,0.1,high,tabular,health,representation_imbalance,content_safety,xgboost,76324,25442,fraction,0.6755655847271862,0.003889414560191516,0.09472624124001366,clean held-out test set (no pre-training detector reused),0.5889763779527559,0.21657917760279966,12.0
framingham,edge_case_dropout,safety_critical_edge_case_coverage,0.0,0,0.0,0.2566666666666666,0.1,high,tabular,health,safety_critical_edge_case_coverage,physical_safety,logreg,3180,1060,fraction,0.6917416867603065,0.023175751708461492,0.12025431525833377,clean held-out test set (no pre-training detector reused),0.536,0.0,1.0
framingham,edge_case_dropout,safety_critical_edge_case_coverage,0.0,0,0.0,0.2566666666666666,0.1,high,tabular,health,safety_critical_edge_case_coverage,physical_safety,xgboost,3180,1060,fraction,0.6385424799121177,0.06240751027669934,0.12923574052760411,clean held-out test set (no pre-training detector reused),0.288,0.0,1.0
framingham,edge_case_dropout,safety_critical_edge_case_coverage,0.03,0,0.0306569343065693,0.2633333333333333,0.1,high,tabular,health,safety_critical_edge_case_coverage,physical_safety,logreg,3180,1060,fraction,0.6924325855505427,0.02500299971956458,0.12045210526744106,clean held-out test set (no pre-training detector reused),0.544,0.0,1.0
framingham,edge_case_dropout,safety_critical_edge_case_coverage,0.03,0,0.0306569343065693,0.2633333333333333,0.1,high,tabular,health,safety_critical_edge_case_coverage,physical_safety,xgboost,3180,1060,fraction,0.6492168662212673,0.06466544489178559,0.12846280839118668,clean held-out test set (no pre-training detector reused),0.352,0.0,1.0
framingham,edge_case_dropout,safety_critical_edge_case_coverage,0.05,0,0.0496350364963503,0.27,0.1,high,tabular,health,safety_critical_edge_case_coverage,physical_safety,logreg,3180,1060,fraction,0.6913547834377742,0.025489554793849838,0.12029708024981123,clean held-out test set (no pre-training detector reused),0.528,0.0,1.0
framingham,edge_case_dropout,safety_critical_edge_case_coverage,0.05,0,0.0496350364963503,0.27,0.1,high,tabular,health,safety_critical_edge_case_coverage,physical_safety,xgboost,3180,1060,fraction,0.6399311864804924,0.061526640125919345,0.1285564616870733,clean held-out test set (no pre-training detector reused),0.344,0.0,1.0
framingham,edge_case_dropout,safety_critical_edge_case_coverage,0.1,0,0.0992700729927007,0.2866666666666667,0.1,high,tabular,health,safety_critical_edge_case_coverage,physical_safety,logreg,3180,1060,fraction,0.6912096946918246,0.023345669182908396,0.120294796461765,clean held-out test set (no pre-training detector reused),0.536,0.0,1.0
framingham,edge_case_dropout,safety_critical_edge_case_coverage,0.1,0,0.0992700729927007,0.2866666666666667,0.1,high,tabular,health,safety_critical_edge_case_coverage,physical_safety,xgboost,3180,1060,fraction,0.639178106799135,0.06323750750864592,0.1309415113213886,clean held-out test set (no pre-training detector reused),0.224,0.0,1.0
framingham,edge_case_dropout,safety_critical_edge_case_coverage,0.2,0,0.2,0.3166666666666667,0.1,high,tabular,health,safety_critical_edge_case_coverage,physical_safety,logreg,3180,1060,fraction,0.6909816980910466,0.027489692233958016,0.12103716037590803,clean held-out test set (no pre-training detector reused),0.552,0.0,1.0
framingham,edge_case_dropout,safety_critical_edge_case_coverage,0.2,0,0.2,0.3166666666666667,0.1,high,tabular,health,safety_critical_edge_case_coverage,physical_safety,xgboost,3180,1060,fraction,0.6542535184020893,0.06221555856908759,0.13016831550701266,clean held-out test set (no pre-training detector reused),0.272,0.0,1.0
framingham,edge_case_dropout,safety_critical_edge_case_coverage,0.3,0,0.3007299270072993,0.3466666666666667,0.1,high,tabular,health,safety_critical_edge_case_coverage,physical_safety,logreg,3180,1060,fraction,0.6913064205224577,0.025248685675267196,0.12079965924968054,clean held-out test set (no pre-training detector reused),0.528,0.0,1.0
framingham,edge_case_dropout,safety_critical_edge_case_coverage,0.3,0,0.3007299270072993,0.3466666666666667,0.1,high,tabular,health,safety_critical_edge_case_coverage,physical_safety,xgboost,3180,1060,fraction,0.6372366811985712,0.06552051446798154,0.1292456552851783,clean held-out test set (no pre-training detector reused),0.336,0.0,1.0
framingham,edge_case_dropout,safety_critical_edge_case_coverage,0.4,0,0.4,0.375,0.1,high,tabular,health,safety_critical_edge_case_coverage,physical_safety,logreg,3180,1060,fraction,0.6920664091917176,0.033428281797258555,0.12144397338287338,clean held-out test set (no pre-training detector reused),0.472,0.0,1.0
framingham,edge_case_dropout,safety_critical_edge_case_coverage,0.4,0,0.4,0.375,0.1,high,tabular,health,safety_critical_edge_case_coverage,physical_safety,xgboost,3180,1060,fraction,0.6624544870421931,0.05849831088265966,0.1281282833140202,clean held-out test set (no pre-training detector reused),0.296,0.0,1.0
framingham,edge_case_dropout,safety_critical_edge_case_coverage,0.0,1,0.0,0.25,0.1,high,tabular,health,safety_critical_edge_case_coverage,physical_safety,logreg,3180,1060,fraction,0.7319450873641519,0.02290506449119662,0.11684721309322112,clean held-out test set (no pre-training detector reused),,,
framingham,edge_case_dropout,safety_critical_edge_case_coverage,0.0,1,0.0,0.25,0.1,high,tabular,health,safety_critical_edge_case_coverage,physical_safety,xgboost,3180,1060,fraction,0.6645133654370972,0.06507795564720475,0.12899946286528086,clean held-out test set (no pre-training detector reused),,,
framingham,edge_case_dropout,safety_critical_edge_case_coverage,0.03,1,0.0303907380607814,0.2583333333333333,0.1,high,tabular,health,safety_critical_edge_case_coverage,physical_safety,logreg,3180,1060,fraction,0.7313578233924513,0.024022924644842136,0.11680142397988424,clean held-out test set (no pre-training detector reused),,,
framingham,edge_case_dropout,safety_critical_edge_case_coverage,0.03,1,0.0303907380607814,0.2583333333333333,0.1,high,tabular,health,safety_critical_edge_case_coverage,physical_safety,xgboost,3180,1060,fraction,0.6517455557935318,0.06459756153987124,0.13022347398677092,clean held-out test set (no pre-training detector reused),,,
framingham,edge_case_dropout,safety_critical_edge_case_coverage,0.05,1,0.0506512301013024,0.2616666666666666,0.1,high,tabular,health,safety_critical_edge_case_coverage,physical_safety,logreg,3180,1060,fraction,0.7317101817754718,0.01744133717459539,0.11681342192679146,clean held-out test set (no pre-training detector reused),,,
framingham,edge_case_dropout,safety_critical_edge_case_coverage,0.05,1,0.0506512301013024,0.2616666666666666,0.1,high,tabular,health,safety_critical_edge_case_coverage,physical_safety,xgboost,3180,1060,fraction,0.6602505199013396,0.06469508420900037,0.13012351991996035,clean held-out test set (no pre-training detector reused),,,
framingham,edge_case_dropout,safety_critical_edge_case_coverage,0.1,1,0.0998552821997105,0.2916666666666666,0.1,high,tabular,health,safety_critical_edge_case_coverage,physical_safety,logreg,3180,1060,fraction,0.7318759974851283,0.02618146969504694,0.11761755074256004,clean held-out test set (no pre-training detector reused),,,
framingham,edge_case_dropout,safety_critical_edge_case_coverage,0.1,1,0.0998552821997105,0.2916666666666666,0.1,high,tabular,health,safety_critical_edge_case_coverage,physical_safety,xgboost,3180,1060,fraction,0.6710838129322436,0.059276411269422416,0.12843166872810038,clean held-out test set (no pre-training detector reused),,,
framingham,edge_case_dropout,safety_critical_edge_case_coverage,0.2,1,0.1997105643994211,0.3183333333333333,0.1,high,tabular,health,safety_critical_edge_case_coverage,physical_safety,logreg,3180,1060,fraction,0.7307981953723599,0.012010589038957777,0.1173453298640931,clean held-out test set (no pre-training detector reused),,,
framingham,edge_case_dropout,safety_critical_edge_case_coverage,0.2,1,0.1997105643994211,0.3183333333333333,0.1,high,tabular,health,safety_critical_edge_case_coverage,physical_safety,xgboost,3180,1060,fraction,0.646522360939346,0.07682520852112298,0.13253678851323503,clean held-out test set (no pre-training detector reused),,,
framingham,edge_case_dropout,safety_critical_edge_case_coverage,0.3,1,0.2995658465991317,0.3466666666666667,0.1,high,tabular,health,safety_critical_edge_case_coverage,physical_safety,logreg,3180,1060,fraction,0.7297411202232984,0.025829909719345925,0.11761229490934688,clean held-out test set (no pre-training detector reused),,,
framingham,edge_case_dropout,safety_critical_edge_case_coverage,0.3,1,0.2995658465991317,0.3466666666666667,0.1,high,tabular,health,safety_critical_edge_case_coverage,physical_safety,xgboost,3180,1060,fraction,0.6657638922474247,0.06067082980924444,0.12889939949784282,clean held-out test set (no pre-training detector reused),,,
framingham,edge_case_dropout,safety_critical_edge_case_coverage,0.4,1,0.3994211287988423,0.4016666666666667,0.1,high,tabular,health,safety_critical_edge_case_coverage,physical_safety,logreg,3180,1060,fraction,0.7287185900137488,0.008538208570157127,0.11695947601127743,clean held-out test set (no pre-training detector reused),,,
framingham,edge_case_dropout,safety_critical_edge_case_coverage,0.4,1,0.3994211287988423,0.4016666666666667,0.1,high,tabular,health,safety_critical_edge_case_coverage,physical_safety,xgboost,3180,1060,fraction,0.6468885372981712,0.06019098849380653,0.13102288604846546,clean held-out test set (no pre-training detector reused),,,
framingham,edge_case_dropout,safety_critical_edge_case_coverage,0.0,2,0.0,0.2466666666666666,0.1,high,tabular,health,safety_critical_edge_case_coverage,physical_safety,logreg,3180,1060,fraction,0.7419216658951631,0.02006204308906418,0.11466857738772655,clean held-out test set (no pre-training detector reused),0.5,0.16666666666666663,2.0
framingham,edge_case_dropout,safety_critical_edge_case_coverage,0.0,2,0.0,0.2466666666666666,0.1,high,tabular,health,safety_critical_edge_case_coverage,physical_safety,xgboost,3180,1060,fraction,0.681758199241393,0.048558243094143944,0.12304723804299206,clean held-out test set (no pre-training detector reused),0.396551724137931,0.36386494252873564,2.0
framingham,edge_case_dropout,safety_critical_edge_case_coverage,0.03,2,0.0303030303030303,0.2483333333333333,0.1,high,tabular,health,safety_critical_edge_case_coverage,physical_safety,logreg,3180,1060,fraction,0.7417834861371158,0.021805265031355794,0.11471638856961358,clean held-out test set (no pre-training detector reused),0.4827586206896552,0.19432471264367807,2.0
framingham,edge_case_dropout,safety_critical_edge_case_coverage,0.03,2,0.0303030303030303,0.2483333333333333,0.1,high,tabular,health,safety_critical_edge_case_coverage,physical_safety,xgboost,3180,1060,fraction,0.6810396644995473,0.05631071358154758,0.1231699554494501,clean held-out test set (no pre-training detector reused),0.6206896551724138,0.15014367816091945,2.0
framingham,edge_case_dropout,safety_critical_edge_case_coverage,0.05,2,0.0505050505050505,0.255,0.1,high,tabular,health,safety_critical_edge_case_coverage,physical_safety,logreg,3180,1060,fraction,0.7422947512418905,0.02108513113509333,0.11488138727089299,clean held-out test set (no pre-training detector reused),0.5172413793103449,0.14942528735632177,2.0
framingham,edge_case_dropout,safety_critical_edge_case_coverage,0.05,2,0.0505050505050505,0.255,0.1,high,tabular,health,safety_critical_edge_case_coverage,physical_safety,xgboost,3180,1060,fraction,0.6774746267419286,0.05203877158928663,0.12442167184478758,clean held-out test set (no pre-training detector reused),0.5,0.28125,2.0
framingham,edge_case_dropout,safety_critical_edge_case_coverage,0.1,2,0.0995670995670995,0.2616666666666666,0.1,high,tabular,health,safety_critical_edge_case_coverage,physical_safety,logreg,3180,1060,fraction,0.7392755235285582,0.018478427495731028,0.11504213971522195,clean held-out test set (no pre-training detector reused),0.4827586206896552,0.19432471264367807,2.0
framingham,edge_case_dropout,safety_critical_edge_case_coverage,0.1,2,0.0995670995670995,0.2616666666666666,0.1,high,tabular,health,safety_critical_edge_case_coverage,physical_safety,xgboost,3180,1060,fraction,0.6836858068661521,0.047961330475540444,0.12266531240419212,clean held-out test set (no pre-training detector reused),0.3275862068965517,0.5057471264367815,2.0
framingham,edge_case_dropout,safety_critical_edge_case_coverage,0.2,2,0.2005772005772005,0.285,0.1,high,tabular,health,safety_critical_edge_case_coverage,physical_safety,logreg,3180,1060,fraction,0.7409060446735157,0.01787392088346408,0.11454184506429568,clean held-out test set (no pre-training detector reused),0.4655172413793104,0.20114942528735624,2.0
framingham,edge_case_dropout,safety_critical_edge_case_coverage,0.2,2,0.2005772005772005,0.285,0.1,high,tabular,health,safety_critical_edge_case_coverage,physical_safety,xgboost,3180,1060,fraction,0.6687554840091475,0.06020203717997439,0.12475343892827809,clean held-out test set (no pre-training detector reused),0.4482758620689655,0.3121408045977011,2.0
framingham,edge_case_dropout,safety_critical_edge_case_coverage,0.3,2,0.3001443001443001,0.3266666666666666,0.1,high,tabular,health,safety_critical_edge_case_coverage,physical_safety,logreg,3180,1060,fraction,0.7411133143105868,0.01992458577260735,0.11506453991253225,clean held-out test set (no pre-training detector reused),0.5172413793103448,0.17025862068965525,2.0
framingham,edge_case_dropout,safety_critical_edge_case_coverage,0.3,2,0.3001443001443001,0.3266666666666666,0.1,high,tabular,health,safety_critical_edge_case_coverage,physical_safety,xgboost,3180,1060,fraction,0.6702547343839602,0.05572204847231437,0.12617047566548198,clean held-out test set (no pre-training detector reused),0.6551724137931034,0.18857758620689657,2.0
framingham,edge_case_dropout,safety_critical_edge_case_coverage,0.4,2,0.3997113997113997,0.37,0.1,high,tabular,health,safety_critical_edge_case_coverage,physical_safety,logreg,3180,1060,fraction,0.7455834294834149,0.018666352683465913,0.11433806833875415,clean held-out test set (no pre-training detector reused),0.5689655172413793,0.09770114942528729,2.0
framingham,edge_case_dropout,safety_critical_edge_case_coverage,0.4,2,0.3997113997113997,0.37,0.1,high,tabular,health,safety_critical_edge_case_coverage,physical_safety,xgboost,3180,1060,fraction,0.669204568222801,0.05129959248313856,0.12387703312530118,clean held-out test set (no pre-training detector reused),0.3448275862068966,0.2697557471264367,2.0
framingham,edge_case_dropout,safety_critical_edge_case_coverage,0.0,3,0.0,0.2466666666666666,0.1,high,tabular,health,safety_critical_edge_case_coverage,physical_safety,logreg,3180,1060,fraction,0.729520032610423,0.021185470072769278,0.11480518952332386,clean held-out test set (no pre-training detector reused),,,
framingham,edge_case_dropout,safety_critical_edge_case_coverage,0.0,3,0.0,0.2466666666666666,0.1,high,tabular,health,safety_critical_edge_case_coverage,physical_safety,xgboost,3180,1060,fraction,0.6646515451951444,0.05120232785318291,0.12731302750955073,clean held-out test set (no pre-training detector reused),,,
framingham,edge_case_dropout,safety_critical_edge_case_coverage,0.03,3,0.0303030303030303,0.2583333333333333,0.1,high,tabular,health,safety_critical_edge_case_coverage,physical_safety,logreg,3180,1060,fraction,0.7301072965821237,0.02102848657351121,0.11479133150456933,clean held-out test set (no pre-training detector reused),,,
framingham,edge_case_dropout,safety_critical_edge_case_coverage,0.03,3,0.0303030303030303,0.2583333333333333,0.1,high,tabular,health,safety_critical_edge_case_coverage,physical_safety,xgboost,3180,1060,fraction,0.6543018813174057,0.05333396640017559,0.12787717995729053,clean held-out test set (no pre-training detector reused),,,
framingham,edge_case_dropout,safety_critical_edge_case_coverage,0.05,3,0.0505050505050505,0.26,0.1,high,tabular,health,safety_critical_edge_case_coverage,physical_safety,logreg,3180,1060,fraction,0.7312334616102087,0.023716112632215104,0.11465403610069058,clean held-out test set (no pre-training detector reused),,,
framingham,edge_case_dropout,safety_critical_edge_case_coverage,0.05,3,0.0505050505050505,0.26,0.1,high,tabular,health,safety_critical_edge_case_coverage,physical_safety,xgboost,3180,1060,fraction,0.6674013223802846,0.05248629760946024,0.12770976881301027,clean held-out test set (no pre-training detector reused),,,
framingham,edge_case_dropout,safety_critical_edge_case_coverage,0.1,3,0.0995670995670995,0.29,0.1,high,tabular,health,safety_critical_edge_case_coverage,physical_safety,logreg,3180,1060,fraction,0.7284076855581426,0.02374921568710554,0.11477055330401886,clean held-out test set (no pre-training detector reused),,,
framingham,edge_case_dropout,safety_critical_edge_case_coverage,0.1,3,0.0995670995670995,0.29,0.1,high,tabular,health,safety_critical_edge_case_coverage,physical_safety,xgboost,3180,1060,fraction,0.671664167916042,0.04941672835398008,0.12470475676949383,clean held-out test set (no pre-training detector reused),,,
framingham,edge_case_dropout,safety_critical_edge_case_coverage,0.2,3,0.2005772005772005,0.3066666666666666,0.1,high,tabular,health,safety_critical_edge_case_coverage,physical_safety,logreg,3180,1060,fraction,0.7264938959091882,0.01776998866931209,0.11514524940370745,clean held-out test set (no pre-training detector reused),,,
framingham,edge_case_dropout,safety_critical_edge_case_coverage,0.2,3,0.2005772005772005,0.3066666666666666,0.1,high,tabular,health,safety_critical_edge_case_coverage,physical_safety,xgboost,3180,1060,fraction,0.6551309598656893,0.05730764739575603,0.12848054207261106,clean held-out test set (no pre-training detector reused),,,
framingham,edge_case_dropout,safety_critical_edge_case_coverage,0.3,3,0.3001443001443001,0.36,0.1,high,tabular,health,safety_critical_edge_case_coverage,physical_safety,logreg,3180,1060,fraction,0.7283385956791188,0.02064707846162042,0.11488271543137607,clean held-out test set (no pre-training detector reused),,,
framingham,edge_case_dropout,safety_critical_edge_case_coverage,0.3,3,0.3001443001443001,0.36,0.1,high,tabular,health,safety_critical_edge_case_coverage,physical_safety,xgboost,3180,1060,fraction,0.6575491056315159,0.057917150191606884,0.12777824851415315,clean held-out test set (no pre-training detector reused),,,
framingham,edge_case_dropout,safety_critical_edge_case_coverage,0.4,3,0.3997113997113997,0.3966666666666666,0.1,high,tabular,health,safety_critical_edge_case_coverage,physical_safety,logreg,3180,1060,fraction,0.7295891224894464,0.028897430003822736,0.1145739404897429,clean held-out test set (no pre-training detector reused),,,
framingham,edge_case_dropout,safety_critical_edge_case_coverage,0.4,3,0.3997113997113997,0.3966666666666666,0.1,high,tabular,health,safety_critical_edge_case_coverage,physical_safety,xgboost,3180,1060,fraction,0.6651973552394309,0.04670186637755799,0.12620316349071684,clean held-out test set (no pre-training detector reused),,,
framingham,edge_case_dropout,safety_critical_edge_case_coverage,0.0,4,0.0,0.2533333333333333,0.1,high,tabular,health,safety_critical_edge_case_coverage,physical_safety,logreg,3180,1060,fraction,0.7265284408487,0.012846316746577904,0.11644470684679588,clean held-out test set (no pre-training detector reused),0.7407407407407407,0.0,1.0
framingham,edge_case_dropout,safety_critical_edge_case_coverage,0.0,4,0.0,0.2533333333333333,0.1,high,tabular,health,safety_critical_edge_case_coverage,physical_safety,xgboost,3180,1060,fraction,0.6864217660754875,0.044603066677381384,0.12535701979180153,clean held-out test set (no pre-training detector reused),0.49074074074074076,0.0,1.0
framingham,edge_case_dropout,safety_critical_edge_case_coverage,0.03,4,0.0303030303030303,0.2633333333333333,0.1,high,tabular,health,safety_critical_edge_case_coverage,physical_safety,logreg,3180,1060,fraction,0.725423002784322,0.011859982016688597,0.11654061469938594,clean held-out test set (no pre-training detector reused),0.7222222222222222,0.0,1.0
framingham,edge_case_dropout,safety_critical_edge_case_coverage,0.03,4,0.0303030303030303,0.2633333333333333,0.1,high,tabular,health,safety_critical_edge_case_coverage,physical_safety,xgboost,3180,1060,fraction,0.6793193265118592,0.05253344340225734,0.12643774446387568,clean held-out test set (no pre-training detector reused),0.4814814814814815,0.0,1.0
framingham,edge_case_dropout,safety_critical_edge_case_coverage,0.05,4,0.0505050505050505,0.27,0.1,high,tabular,health,safety_critical_edge_case_coverage,physical_safety,logreg,3180,1060,fraction,0.7267426194736734,0.013602926783244882,0.11656376221307024,clean held-out test set (no pre-training detector reused),0.7314814814814815,0.0,1.0
framingham,edge_case_dropout,safety_critical_edge_case_coverage,0.05,4,0.0505050505050505,0.27,0.1,high,tabular,health,safety_critical_edge_case_coverage,physical_safety,xgboost,3180,1060,fraction,0.6692460221502151,0.0579397682460763,0.12854404276725237,clean held-out test set (no pre-training detector reused),0.4722222222222222,0.0,1.0
framingham,edge_case_dropout,safety_critical_edge_case_coverage,0.1,4,0.0995670995670995,0.27,0.1,high,tabular,health,safety_critical_edge_case_coverage,physical_safety,logreg,3180,1060,fraction,0.7256509993851,0.011166774917613637,0.11657275431290252,clean held-out test set (no pre-training detector reused),0.6944444444444444,0.0,1.0
framingham,edge_case_dropout,safety_critical_edge_case_coverage,0.1,4,0.0995670995670995,0.27,0.1,high,tabular,health,safety_critical_edge_case_coverage,physical_safety,xgboost,3180,1060,fraction,0.6766593661694499,0.05002674606237736,0.12556505075312882,clean held-out test set (no pre-training detector reused),0.5,0.0,1.0
framingham,edge_case_dropout,safety_critical_edge_case_coverage,0.2,4,0.2005772005772005,0.315,0.1,high,tabular,health,safety_critical_edge_case_coverage,physical_safety,logreg,3180,1060,fraction,0.7258859049737804,0.01620273215697335,0.11665675367709484,clean held-out test set (no pre-training detector reused),0.6944444444444444,0.0,1.0
framingham,edge_case_dropout,safety_critical_edge_case_coverage,0.2,4,0.2005772005772005,0.315,0.1,high,tabular,health,safety_critical_edge_case_coverage,physical_safety,xgboost,3180,1060,fraction,0.6672078707190183,0.06043198929357184,0.12753264588493665,clean held-out test set (no pre-training detector reused),0.6018518518518519,0.0,1.0
framingham,edge_case_dropout,safety_critical_edge_case_coverage,0.3,4,0.3001443001443001,0.34,0.1,high,tabular,health,safety_critical_edge_case_coverage,physical_safety,logreg,3180,1060,fraction,0.7261484465140702,0.021222572390131256,0.11646718384276862,clean held-out test set (no pre-training detector reused),0.6481481481481481,0.0,1.0
framingham,edge_case_dropout,safety_critical_edge_case_coverage,0.3,4,0.3001443001443001,0.34,0.1,high,tabular,health,safety_critical_edge_case_coverage,physical_safety,xgboost,3180,1060,fraction,0.672313612778864,0.04955097399915586,0.12805628909158445,clean held-out test set (no pre-training detector reused),0.5,0.0,1.0
framingham,edge_case_dropout,safety_critical_edge_case_coverage,0.4,4,0.3997113997113997,0.3983333333333333,0.1,high,tabular,health,safety_critical_edge_case_coverage,physical_safety,logreg,3180,1060,fraction,0.7228735862483506,0.024650328291713906,0.11617021735418256,clean held-out test set (no pre-training detector reused),0.6574074074074074,0.0,1.0
framingham,edge_case_dropout,safety_critical_edge_case_coverage,0.4,4,0.3997113997113997,0.3983333333333333,0.1,high,tabular,health,safety_critical_edge_case_coverage,physical_safety,xgboost,3180,1060,fraction,0.6723205217667665,0.05817211837736222,0.12825845244978507,clean held-out test set (no pre-training detector reused),0.3888888888888889,0.0,1.0
framingham,label_flip,label_integrity,0.0,0,0.0,0.2294656664216288,0.05,high,tabular,health,label_integrity,content_safety,logreg,3180,1060,fraction,0.6917416867603065,0.023175751708461492,0.12025431525833377,clean held-out test set (no pre-training detector reused),0.536,0.0,1.0
framingham,label_flip,label_integrity,0.0,0,0.0,0.2294656664216288,0.05,high,tabular,health,label_integrity,content_safety,xgboost,3180,1060,fraction,0.6385424799121177,0.06240751027669934,0.12923574052760411,clean held-out test set (no pre-training detector reused),0.288,0.0,1.0
framingham,label_flip,label_integrity,0.03,0,0.0298742138364779,0.2586877722279293,0.05,high,tabular,health,label_integrity,content_safety,logreg,3180,1060,fraction,0.6920318642522056,0.03374230565612221,0.12024486729479426,clean held-out test set (no pre-training detector reused),0.544,0.0,1.0
framingham,label_flip,label_integrity,0.03,0,0.0298742138364779,0.2586877722279293,0.05,high,tabular,health,label_integrity,content_safety,xgboost,3180,1060,fraction,0.6389155652588453,0.058055215602617644,0.12883893396247648,clean held-out test set (no pre-training detector reused),0.504,0.0,1.0
framingham,label_flip,label_integrity,0.05,0,0.05,0.2816525676109045,0.05,high,tabular,health,label_integrity,content_safety,logreg,3180,1060,fraction,0.6903115262645175,0.0408332056170326,0.1219415996578908,clean held-out test set (no pre-training detector reused),0.488,0.0,1.0
framingham,label_flip,label_integrity,0.05,0,0.05,0.2816525676109045,0.05,high,tabular,health,label_integrity,content_safety,xgboost,3180,1060,fraction,0.6108650743752548,0.062258597417681846,0.13171114163026595,clean held-out test set (no pre-training detector reused),0.39199999999999996,0.0,1.0
framingham,label_flip,label_integrity,0.1,0,0.1,0.3266330819964988,0.05,high,tabular,health,label_integrity,content_safety,logreg,3180,1060,fraction,0.6839621663822467,0.07327765890652978,0.12537339369685657,clean held-out test set (no pre-training detector reused),0.456,0.0,1.0
framingham,label_flip,label_integrity,0.1,0,0.1,0.3266330819964988,0.05,high,tabular,health,label_integrity,content_safety,xgboost,3180,1060,fraction,0.6378377631460768,0.0664161509957235,0.13339131671284774,clean held-out test set (no pre-training detector reused),0.33599999999999997,0.0,1.0
framingham,label_flip,label_integrity,0.2,0,0.2,0.4048587661725731,0.05,high,tabular,health,label_integrity,content_safety,logreg,3180,1060,fraction,0.674337946234256,0.14828316787958729,0.141668745632332,clean held-out test set (no pre-training detector reused),0.46399999999999997,0.0,1.0
framingham,label_flip,label_integrity,0.2,0,0.2,0.4048587661725731,0.05,high,tabular,health,label_integrity,content_safety,xgboost,3180,1060,fraction,0.5779022930930848,0.1438741498574052,0.15580176249495042,clean held-out test set (no pre-training detector reused),0.472,0.0,1.0
framingham,label_flip,label_integrity,0.3,0,0.3,0.4559076576351469,0.05,high,tabular,health,label_integrity,content_safety,logreg,3180,1060,fraction,0.6797269567980986,0.21044394617298656,0.1652962807652632,clean held-out test set (no pre-training detector reused),0.536,0.0,1.0
framingham,label_flip,label_integrity,0.3,0,0.3,0.4559076576351469,0.05,high,tabular,health,label_integrity,content_safety,xgboost,3180,1060,fraction,0.55194522554391,0.2048762088184649,0.18230719312671223,clean held-out test set (no pre-training detector reused),0.48,0.0,1.0
framingham,label_flip,label_integrity,0.4,0,0.4,0.4887621566993093,0.05,high,tabular,health,label_integrity,content_safety,logreg,3180,1060,fraction,0.5728241869848486,0.2795706669620989,0.20441705405266022,clean held-out test set (no pre-training detector reused),0.44,0.0,1.0
framingham,label_flip,label_integrity,0.4,0,0.4,0.4887621566993093,0.05,high,tabular,health,label_integrity,content_safety,xgboost,3180,1060,fraction,0.5329524178003164,0.26970181425084483,0.21545649779550732,clean held-out test set (no pre-training detector reused),0.496,0.0,1.0
framingham,label_flip,label_integrity,0.0,1,0.0,0.2311757790484993,0.05,high,tabular,health,label_integrity,content_safety,logreg,3180,1060,fraction,0.7319450873641519,0.02290506449119662,0.11684721309322112,clean held-out test set (no pre-training detector reused),,,
framingham,label_flip,label_integrity,0.0,1,0.0,0.2311757790484993,0.05,high,tabular,health,label_integrity,content_safety,xgboost,3180,1060,fraction,0.6645133654370972,0.06507795564720475,0.12899946286528086,clean held-out test set (no pre-training detector reused),,,
framingham,label_flip,label_integrity,0.03,1,0.0298742138364779,0.2714564482644806,0.05,high,tabular,health,label_integrity,content_safety,logreg,3180,1060,fraction,0.7292229461306214,0.05091734396056775,0.11823005574613306,clean held-out test set (no pre-training detector reused),,,
framingham,label_flip,label_integrity,0.03,1,0.0298742138364779,0.2714564482644806,0.05,high,tabular,health,label_integrity,content_safety,xgboost,3180,1060,fraction,0.6469161732497806,0.05115726718784503,0.1298715325460474,clean held-out test set (no pre-training detector reused),,,
framingham,label_flip,label_integrity,0.05,1,0.05,0.2840092181444077,0.05,high,tabular,health,label_integrity,content_safety,logreg,3180,1060,fraction,0.7348330443073394,0.04472262853561655,0.11863586061471347,clean held-out test set (no pre-training detector reused),,,
framingham,label_flip,label_integrity,0.05,1,0.05,0.2840092181444077,0.05,high,tabular,health,label_integrity,content_safety,xgboost,3180,1060,fraction,0.6597185278328578,0.04675549902900491,0.12958088984698476,clean held-out test set (no pre-training detector reused),,,
framingham,label_flip,label_integrity,0.1,1,0.1,0.326105382966919,0.05,high,tabular,health,label_integrity,content_safety,logreg,3180,1060,fraction,0.7310261919731379,0.07772115937453405,0.12265874189897369,clean held-out test set (no pre-training detector reused),,,
framingham,label_flip,label_integrity,0.1,1,0.1,0.326105382966919,0.05,high,tabular,health,label_integrity,content_safety,xgboost,3180,1060,fraction,0.6247314130952957,0.07391144477691992,0.1405106656879177,clean held-out test set (no pre-training detector reused),,,
framingham,label_flip,label_integrity,0.2,1,0.2,0.3922341069054463,0.05,high,tabular,health,label_integrity,content_safety,logreg,3180,1060,fraction,0.7065821927745805,0.1299579311224484,0.13770733416823885,clean held-out test set (no pre-training detector reused),,,
framingham,label_flip,label_integrity,0.2,1,0.2,0.3922341069054463,0.05,high,tabular,health,label_integrity,content_safety,xgboost,3180,1060,fraction,0.5222227595879478,0.13630918249277013,0.15899176267446521,clean held-out test set (no pre-training detector reused),,,
framingham,label_flip,label_integrity,0.3,1,0.3,0.4554191201703758,0.05,high,tabular,health,label_integrity,content_safety,logreg,3180,1060,fraction,0.6935172966512135,0.20930069910812082,0.16423772860361635,clean held-out test set (no pre-training detector reused),,,
framingham,label_flip,label_integrity,0.3,1,0.3,0.4554191201703758,0.05,high,tabular,health,label_integrity,content_safety,xgboost,3180,1060,fraction,0.5159424895847007,0.2108465310186148,0.18194117492029446,clean held-out test set (no pre-training detector reused),,,
framingham,label_flip,label_integrity,0.4,1,0.4,0.4899622679605496,0.05,high,tabular,health,label_integrity,content_safety,logreg,3180,1060,fraction,0.5786415547986377,0.27255907125406215,0.2009213615030725,clean held-out test set (no pre-training detector reused),,,
framingham,label_flip,label_integrity,0.4,1,0.4,0.4899622679605496,0.05,high,tabular,health,label_integrity,content_safety,xgboost,3180,1060,fraction,0.4787168627667733,0.2686912228230316,0.22047048655232018,clean held-out test set (no pre-training detector reused),,,
framingham,label_flip,label_integrity,0.0,2,0.0,0.2325423623446957,0.05,high,tabular,health,label_integrity,content_safety,logreg,3180,1060,fraction,0.7419216658951631,0.02006204308906418,0.11466857738772655,clean held-out test set (no pre-training detector reused),0.5,0.16666666666666663,2.0
framingham,label_flip,label_integrity,0.0,2,0.0,0.2325423623446957,0.05,high,tabular,health,label_integrity,content_safety,xgboost,3180,1060,fraction,0.681758199241393,0.048558243094143944,0.12304723804299206,clean held-out test set (no pre-training detector reused),0.396551724137931,0.36386494252873564,2.0
framingham,label_flip,label_integrity,0.03,2,0.0298742138364779,0.263897790862066,0.05,high,tabular,health,label_integrity,content_safety,logreg,3180,1060,fraction,0.7416591243548732,0.03235653420782549,0.11515299545950464,clean held-out test set (no pre-training detector reused),0.4827586206896552,0.21515804597701144,2.0
framingham,label_flip,label_integrity,0.03,2,0.0298742138364779,0.263897790862066,0.05,high,tabular,health,label_integrity,content_safety,xgboost,3180,1060,fraction,0.6702201894444483,0.03473175589438914,0.12528530126961201,clean held-out test set (no pre-training detector reused),0.3103448275862069,0.5646551724137931,2.0
framingham,label_flip,label_integrity,0.05,2,0.05,0.2862394912112385,0.05,high,tabular,health,label_integrity,content_safety,logreg,3180,1060,fraction,0.7431860106812953,0.05008871383404242,0.11603841583861271,clean held-out test set (no pre-training detector reused),0.48275862068965514,0.19432471264367812,2.0
framingham,label_flip,label_integrity,0.05,2,0.05,0.2862394912112385,0.05,high,tabular,health,label_integrity,content_safety,xgboost,3180,1060,fraction,0.6634701082638405,0.05126684443884582,0.12602541908504414,clean held-out test set (no pre-training detector reused),0.31034482758620685,0.3875718390804599,2.0
framingham,label_flip,label_integrity,0.1,2,0.1,0.3257585888426523,0.05,high,tabular,health,label_integrity,content_safety,logreg,3180,1060,fraction,0.7396693358389929,0.06962213686247526,0.12029471657756745,clean held-out test set (no pre-training detector reused),0.6458333333333334,0.06106321839080453,2.0
framingham,label_flip,label_integrity,0.1,2,0.1,0.3257585888426523,0.05,high,tabular,health,label_integrity,content_safety,xgboost,3180,1060,fraction,0.6556905878857806,0.06497563343178833,0.13170885303735028,clean held-out test set (no pre-training detector reused),0.5,0.41666666666666663,2.0
framingham,label_flip,label_integrity,0.2,2,0.2,0.4049716578900773,0.05,high,tabular,health,label_integrity,content_safety,logreg,3180,1060,fraction,0.7285044113887758,0.1448608325353915,0.1379143328781759,clean held-out test set (no pre-training detector reused),0.27586206896551724,0.5053879310344828,2.0
framingham,label_flip,label_integrity,0.2,2,0.2,0.4049716578900773,0.05,high,tabular,health,label_integrity,content_safety,xgboost,3180,1060,fraction,0.6164820815398753,0.1317230212168311,0.14692794392475567,clean held-out test set (no pre-training detector reused),0.6145833333333334,0.144037356321839,2.0
framingham,label_flip,label_integrity,0.3,2,0.3,0.4491580494003517,0.05,high,tabular,health,label_integrity,content_safety,logreg,3180,1060,fraction,0.6878933804986908,0.18714758715341548,0.15860454799318988,clean held-out test set (no pre-training detector reused),0.6770833333333333,0.08153735632183912,2.0
framingham,label_flip,label_integrity,0.3,2,0.3,0.4491580494003517,0.05,high,tabular,health,label_integrity,content_safety,xgboost,3180,1060,fraction,0.5670966360137903,0.19129302448259208,0.1697858000887519,clean held-out test set (no pre-training detector reused),0.3645833333333333,0.11817528735632182,2.0
framingham,label_flip,label_integrity,0.4,2,0.4,0.4874475712098874,0.05,high,tabular,health,label_integrity,content_safety,logreg,3180,1060,fraction,0.6723274307546687,0.2678143761142436,0.19606167097904426,clean held-out test set (no pre-training detector reused),0.375,0.02155172413793105,2.0
framingham,label_flip,label_integrity,0.4,2,0.4,0.4874475712098874,0.05,high,tabular,health,label_integrity,content_safety,xgboost,3180,1060,fraction,0.5418926481459732,0.27272081623943345,0.20839085659971532,clean held-out test set (no pre-training detector reused),0.29166666666666663,0.07040229885057475,2.0
framingham,label_flip,label_integrity,0.0,3,0.0,0.232589110740306,0.05,high,tabular,health,label_integrity,content_safety,logreg,3180,1060,fraction,0.729520032610423,0.021185470072769278,0.11480518952332386,clean held-out test set (no pre-training detector reused),,,
framingham,label_flip,label_integrity,0.0,3,0.0,0.232589110740306,0.05,high,tabular,health,label_integrity,content_safety,xgboost,3180,1060,fraction,0.6646515451951444,0.05120232785318291,0.12731302750955073,clean held-out test set (no pre-training detector reused),,,
framingham,label_flip,label_integrity,0.03,3,0.0298742138364779,0.2594307740848616,0.05,high,tabular,health,label_integrity,content_safety,logreg,3180,1060,fraction,0.7272815205300576,0.0255527085566131,0.11564059042701336,clean held-out test set (no pre-training detector reused),,,
framingham,label_flip,label_integrity,0.03,3,0.0298742138364779,0.2594307740848616,0.05,high,tabular,health,label_integrity,content_safety,xgboost,3180,1060,fraction,0.6649900856023601,0.043354479274009615,0.12586977185692638,clean held-out test set (no pre-training detector reused),,,
framingham,label_flip,label_integrity,0.05,3,0.05,0.2827126857689218,0.05,high,tabular,health,label_integrity,content_safety,logreg,3180,1060,fraction,0.7291331292878906,0.040714373256487905,0.11666648029890837,clean held-out test set (no pre-training detector reused),,,
framingham,label_flip,label_integrity,0.05,3,0.05,0.2827126857689218,0.05,high,tabular,health,label_integrity,content_safety,xgboost,3180,1060,fraction,0.6516902838903129,0.05030179689155084,0.12836607801554062,clean held-out test set (no pre-training detector reused),,,
framingham,label_flip,label_integrity,0.1,3,0.1,0.3277226364352104,0.05,high,tabular,health,label_integrity,content_safety,logreg,3180,1060,fraction,0.7312749155376228,0.07405781203319789,0.12043062370202826,clean held-out test set (no pre-training detector reused),,,
framingham,label_flip,label_integrity,0.1,3,0.1,0.3277226364352104,0.05,high,tabular,health,label_integrity,content_safety,xgboost,3180,1060,fraction,0.6220438168012767,0.0781880711679751,0.13459650600398082,clean held-out test set (no pre-training detector reused),,,
framingham,label_flip,label_integrity,0.2,3,0.2,0.4074908786915603,0.05,high,tabular,health,label_integrity,content_safety,logreg,3180,1060,fraction,0.7290985843483788,0.14674607754675886,0.13780863412996913,clean held-out test set (no pre-training detector reused),,,
framingham,label_flip,label_integrity,0.2,3,0.2,0.4074908786915603,0.05,high,tabular,health,label_integrity,content_safety,xgboost,3180,1060,fraction,0.6132003122862532,0.13742835216294483,0.14957440314090434,clean held-out test set (no pre-training detector reused),,,
framingham,label_flip,label_integrity,0.3,3,0.3,0.4595301109718118,0.05,high,tabular,health,label_integrity,content_safety,logreg,3180,1060,fraction,0.7160820511403285,0.2155784309844349,0.16582667219822086,clean held-out test set (no pre-training detector reused),,,
framingham,label_flip,label_integrity,0.3,3,0.3,0.4595301109718118,0.05,high,tabular,health,label_integrity,content_safety,xgboost,3180,1060,fraction,0.6182438734549777,0.20915124429003248,0.17333424583181223,clean held-out test set (no pre-training detector reused),,,
framingham,label_flip,label_integrity,0.4,3,0.4,0.4911196889558695,0.05,high,tabular,health,label_integrity,content_safety,logreg,3180,1060,fraction,0.4496507506615356,0.2767822830895538,0.207609867181092,clean held-out test set (no pre-training detector reused),,,
framingham,label_flip,label_integrity,0.4,3,0.4,0.4911196889558695,0.05,high,tabular,health,label_integrity,content_safety,xgboost,3180,1060,fraction,0.48467241033860947,0.284898301199922,0.2253154880711989,clean held-out test set (no pre-training detector reused),,,
framingham,label_flip,label_integrity,0.0,4,0.0,0.2313800834937671,0.05,high,tabular,health,label_integrity,content_safety,logreg,3180,1060,fraction,0.7265284408487,0.012846316746577904,0.11644470684679588,clean held-out test set (no pre-training detector reused),0.7407407407407407,0.0,1.0
framingham,label_flip,label_integrity,0.0,4,0.0,0.2313800834937671,0.05,high,tabular,health,label_integrity,content_safety,xgboost,3180,1060,fraction,0.6864217660754875,0.044603066677381384,0.12535701979180153,clean held-out test set (no pre-training detector reused),0.49074074074074076,0.0,1.0
framingham,label_flip,label_integrity,0.03,4,0.0298742138364779,0.2654673644914253,0.05,high,tabular,health,label_integrity,content_safety,logreg,3180,1060,fraction,0.7240550231796544,0.02881929049607166,0.11684373165910972,clean held-out test set (no pre-training detector reused),0.6203703703703703,0.0,1.0
framingham,label_flip,label_integrity,0.03,4,0.0298742138364779,0.2654673644914253,0.05,high,tabular,health,label_integrity,content_safety,xgboost,3180,1060,fraction,0.6527300865696185,0.055359488156325416,0.1279460129069158,clean held-out test set (no pre-training detector reused),0.40740740740740744,0.0,1.0
framingham,label_flip,label_integrity,0.05,4,0.05,0.2792958290571316,0.05,high,tabular,health,label_integrity,content_safety,logreg,3180,1060,fraction,0.7263142622237269,0.0381210161955879,0.11747673946057977,clean held-out test set (no pre-training detector reused),0.7685185185185185,0.0,1.0
framingham,label_flip,label_integrity,0.05,4,0.05,0.2792958290571316,0.05,high,tabular,health,label_integrity,content_safety,xgboost,3180,1060,fraction,0.6665307899045868,0.02993223416742007,0.12786625170906096,clean held-out test set (no pre-training detector reused),0.5462962962962963,0.0,1.0
framingham,label_flip,label_integrity,0.1,4,0.1,0.3361132983653582,0.05,high,tabular,health,label_integrity,content_safety,logreg,3180,1060,fraction,0.7235092131353679,0.08534993616801809,0.123075573058164,clean held-out test set (no pre-training detector reused),0.5555555555555556,0.0,1.0
framingham,label_flip,label_integrity,0.1,4,0.1,0.3361132983653582,0.05,high,tabular,health,label_integrity,content_safety,xgboost,3180,1060,fraction,0.6132555841894721,0.07249302587928777,0.13581626965749277,clean held-out test set (no pre-training detector reused),0.3611111111111111,0.0,1.0
framingham,label_flip,label_integrity,0.2,4,0.2,0.401291939822199,0.05,high,tabular,health,label_integrity,content_safety,logreg,3180,1060,fraction,0.7120679291690559,0.13796270128003124,0.1368126651022124,clean held-out test set (no pre-training detector reused),0.5185185185185186,0.0,1.0
framingham,label_flip,label_integrity,0.2,4,0.2,0.401291939822199,0.05,high,tabular,health,label_integrity,content_safety,xgboost,3180,1060,fraction,0.65647821250665,0.12260546097356195,0.14245382799951567,clean held-out test set (no pre-training detector reused),0.6018518518518519,0.0,1.0
framingham,label_flip,label_integrity,0.3,4,0.3,0.4619587109940154,0.05,high,tabular,health,label_integrity,content_safety,logreg,3180,1060,fraction,0.6901457105548608,0.22647601868009745,0.17271597757031296,clean held-out test set (no pre-training detector reused),0.4351851851851852,0.0,1.0
framingham,label_flip,label_integrity,0.3,4,0.3,0.4619587109940154,0.05,high,tabular,health,label_integrity,content_safety,xgboost,3180,1060,fraction,0.6329254727474971,0.22821940573037797,0.18086165962902684,clean held-out test set (no pre-training detector reused),0.37962962962962965,0.0,1.0
framingham,label_flip,label_integrity,0.4,4,0.4,0.4873110236349743,0.05,high,tabular,health,label_integrity,content_safety,logreg,3180,1060,fraction,0.5826694947457147,0.27931873711794747,0.2039514842073241,clean held-out test set (no pre-training detector reused),0.4537037037037038,0.0,1.0
framingham,label_flip,label_integrity,0.4,4,0.4,0.4873110236349743,0.05,high,tabular,health,label_integrity,content_safety,xgboost,3180,1060,fraction,0.5289037508895321,0.2806635579972897,0.21940672120341942,clean held-out test set (no pre-training detector reused),0.49074074074074076,0.0,1.0
framingham,range_violation,measurement_range_violation,0.0,0,0.0,0.0981132075471698,0.01,high,tabular,health,measurement_range_violation,physical_safety,logreg,3180,1060,fraction,0.6917416867603065,0.023175751708461492,0.12025431525833377,clean held-out test set (no pre-training detector reused),0.536,0.0,1.0
framingham,range_violation,measurement_range_violation,0.0,0,0.0,0.0981132075471698,0.01,high,tabular,health,measurement_range_violation,physical_safety,xgboost,3180,1060,fraction,0.6385424799121177,0.06240751027669934,0.12923574052760411,clean held-out test set (no pre-training detector reused),0.288,0.0,1.0
framingham,range_violation,measurement_range_violation,0.03,0,0.0298742138364779,0.1235849056603773,0.01,high,tabular,health,measurement_range_violation,physical_safety,logreg,3180,1060,fraction,0.6793745984150781,0.023536176136919877,0.1215297802554883,clean held-out test set (no pre-training detector reused),0.496,0.0,1.0
framingham,range_violation,measurement_range_violation,0.03,0,0.0298742138364779,0.1235849056603773,0.01,high,tabular,health,measurement_range_violation,physical_safety,xgboost,3180,1060,fraction,0.6443391207621996,0.05576987356729455,0.12785517313343725,clean held-out test set (no pre-training detector reused),0.312,0.0,1.0
framingham,range_violation,measurement_range_violation,0.05,0,0.05,0.1418238993710691,0.01,high,tabular,health,measurement_range_violation,physical_safety,logreg,3180,1060,fraction,0.670082009686401,0.01530723249943804,0.12240469171132291,clean held-out test set (no pre-training detector reused),0.544,0.0,1.0
framingham,range_violation,measurement_range_violation,0.05,0,0.05,0.1418238993710691,0.01,high,tabular,health,measurement_range_violation,physical_safety,xgboost,3180,1060,fraction,0.6447467510484389,0.061187736885314634,0.1295858741795264,clean held-out test set (no pre-training detector reused),0.368,0.0,1.0
framingham,range_violation,measurement_range_violation,0.1,0,0.1,0.1886792452830188,0.01,high,tabular,health,measurement_range_violation,physical_safety,logreg,3180,1060,fraction,0.656726936071135,0.017238030582851043,0.12336706383065771,clean held-out test set (no pre-training detector reused),0.56,0.0,1.0
framingham,range_violation,measurement_range_violation,0.1,0,0.1,0.1886792452830188,0.01,high,tabular,health,measurement_range_violation,physical_safety,xgboost,3180,1060,fraction,0.6559738563897775,0.05128697775247208,0.12958214958316683,clean held-out test set (no pre-training detector reused),0.44,0.0,1.0
framingham,range_violation,measurement_range_violation,0.2,0,0.2,0.2770440251572327,0.01,high,tabular,health,measurement_range_violation,physical_safety,logreg,3180,1060,fraction,0.6524502725595727,0.019625559668237345,0.12387776848807722,clean held-out test set (no pre-training detector reused),0.5920000000000001,0.0,1.0
framingham,range_violation,measurement_range_violation,0.2,0,0.2,0.2770440251572327,0.01,high,tabular,health,measurement_range_violation,physical_safety,xgboost,3180,1060,fraction,0.6485466943947381,0.061631434309770756,0.1292093397152763,clean held-out test set (no pre-training detector reused),0.288,0.0,1.0
framingham,range_violation,measurement_range_violation,0.3,0,0.3,0.3732704402515723,0.01,high,tabular,health,measurement_range_violation,physical_safety,logreg,3180,1060,fraction,0.6472892585965082,0.020719546692425893,0.1242006430979568,clean held-out test set (no pre-training detector reused),0.536,0.0,1.0
framingham,range_violation,measurement_range_violation,0.3,0,0.3,0.3732704402515723,0.01,high,tabular,health,measurement_range_violation,physical_safety,xgboost,3180,1060,fraction,0.6600501592521711,0.05031802590743129,0.12701633597679932,clean held-out test set (no pre-training detector reused),0.368,0.0,1.0
framingham,range_violation,measurement_range_violation,0.4,0,0.4,0.4553459119496855,0.01,high,tabular,health,measurement_range_violation,physical_safety,logreg,3180,1060,fraction,0.6428467793752893,0.02059211863436173,0.12449406849547517,clean held-out test set (no pre-training detector reused),0.536,0.0,1.0
framingham,range_violation,measurement_range_violation,0.4,0,0.4,0.4553459119496855,0.01,high,tabular,health,measurement_range_violation,physical_safety,xgboost,3180,1060,fraction,0.6541222476319444,0.05246974734396165,0.12692369313706742,clean held-out test set (no pre-training detector reused),0.312,0.0,1.0
framingham,range_violation,measurement_range_violation,0.0,1,0.0,0.10062893081761,0.01,high,tabular,health,measurement_range_violation,physical_safety,logreg,3180,1060,fraction,0.7319450873641519,0.02290506449119662,0.11684721309322112,clean held-out test set (no pre-training detector reused),,,
framingham,range_violation,measurement_range_violation,0.0,1,0.0,0.10062893081761,0.01,high,tabular,health,measurement_range_violation,physical_safety,xgboost,3180,1060,fraction,0.6645133654370972,0.06507795564720475,0.12899946286528086,clean held-out test set (no pre-training detector reused),,,
framingham,range_violation,measurement_range_violation,0.03,1,0.0298742138364779,0.1283018867924528,0.01,high,tabular,health,measurement_range_violation,physical_safety,logreg,3180,1060,fraction,0.7192878215270244,0.02486195078461042,0.11898337556669575,clean held-out test set (no pre-training detector reused),,,
framingham,range_violation,measurement_range_violation,0.03,1,0.0298742138364779,0.1283018867924528,0.01,high,tabular,health,measurement_range_violation,physical_safety,xgboost,3180,1060,fraction,0.6712565376298025,0.060597365792568365,0.12711430099434573,clean held-out test set (no pre-training detector reused),,,
framingham,range_violation,measurement_range_violation,0.05,1,0.05,0.1443396226415094,0.01,high,tabular,health,measurement_range_violation,physical_safety,logreg,3180,1060,fraction,0.7132010031850434,0.023477076825928155,0.11978626578350404,clean held-out test set (no pre-training detector reused),,,
framingham,range_violation,measurement_range_violation,0.05,1,0.05,0.1443396226415094,0.01,high,tabular,health,measurement_range_violation,physical_safety,xgboost,3180,1060,fraction,0.6570585674904483,0.06401427282099523,0.1297127103348997,clean held-out test set (no pre-training detector reused),,,
framingham,range_violation,measurement_range_violation,0.1,1,0.1,0.190251572327044,0.01,high,tabular,health,measurement_range_violation,physical_safety,logreg,3180,1060,fraction,0.6963637996669868,0.014510378826714264,0.12163426553020182,clean held-out test set (no pre-training detector reused),,,
framingham,range_violation,measurement_range_violation,0.1,1,0.1,0.190251572327044,0.01,high,tabular,health,measurement_range_violation,physical_safety,xgboost,3180,1060,fraction,0.6647551800136798,0.061495218602369346,0.12707738198177487,clean held-out test set (no pre-training detector reused),,,
framingham,range_violation,measurement_range_violation,0.2,1,0.2,0.2817610062893081,0.01,high,tabular,health,measurement_range_violation,physical_safety,logreg,3180,1060,fraction,0.6826287317170907,0.01783268541879987,0.12317117024110988,clean held-out test set (no pre-training detector reused),,,
framingham,range_violation,measurement_range_violation,0.2,1,0.2,0.2817610062893081,0.01,high,tabular,health,measurement_range_violation,physical_safety,xgboost,3180,1060,fraction,0.6685205784204671,0.05470449693527355,0.12710796531589813,clean held-out test set (no pre-training detector reused),,,
framingham,range_violation,measurement_range_violation,0.3,1,0.3,0.3735849056603773,0.01,high,tabular,health,measurement_range_violation,physical_safety,logreg,3180,1060,fraction,0.6845217944023381,0.020929057299971795,0.12300537882082158,clean held-out test set (no pre-training detector reused),,,
framingham,range_violation,measurement_range_violation,0.3,1,0.3,0.3735849056603773,0.01,high,tabular,health,measurement_range_violation,physical_safety,xgboost,3180,1060,fraction,0.6678849515334498,0.05295828537958376,0.12610580012591974,clean held-out test set (no pre-training detector reused),,,
framingham,range_violation,measurement_range_violation,0.4,1,0.4,0.4550314465408805,0.01,high,tabular,health,measurement_range_violation,physical_safety,logreg,3180,1060,fraction,0.6753121135284892,0.01902350882910268,0.12363103049798482,clean held-out test set (no pre-training detector reused),,,
framingham,range_violation,measurement_range_violation,0.4,1,0.4,0.4550314465408805,0.01,high,tabular,health,measurement_range_violation,physical_safety,xgboost,3180,1060,fraction,0.674393218137475,0.04205779175950602,0.12486947245209228,clean held-out test set (no pre-training detector reused),,,
framingham,range_violation,measurement_range_violation,0.0,2,0.0,0.1037735849056603,0.01,high,tabular,health,measurement_range_violation,physical_safety,logreg,3180,1060,fraction,0.7419216658951631,0.02006204308906418,0.11466857738772655,clean held-out test set (no pre-training detector reused),0.5,0.16666666666666663,2.0
framingham,range_violation,measurement_range_violation,0.0,2,0.0,0.1037735849056603,0.01,high,tabular,health,measurement_range_violation,physical_safety,xgboost,3180,1060,fraction,0.681758199241393,0.048558243094143944,0.12304723804299206,clean held-out test set (no pre-training detector reused),0.396551724137931,0.36386494252873564,2.0
framingham,range_violation,measurement_range_violation,0.03,2,0.0298742138364779,0.1311320754716981,0.01,high,tabular,health,measurement_range_violation,physical_safety,logreg,3180,1060,fraction,0.7229841300547883,0.023551579062154077,0.11874931766351869,clean held-out test set (no pre-training detector reused),0.65625,0.03340517241379315,2.0
framingham,range_violation,measurement_range_violation,0.03,2,0.0298742138364779,0.1311320754716981,0.01,high,tabular,health,measurement_range_violation,physical_safety,xgboost,3180,1060,fraction,0.6824767339832388,0.04729395596033736,0.12293691307038122,clean held-out test set (no pre-training detector reused),0.41379310344827586,0.36745689655172414,2.0
framingham,range_violation,measurement_range_violation,0.05,2,0.05,0.1496855345911949,0.01,high,tabular,health,measurement_range_violation,physical_safety,logreg,3180,1060,fraction,0.7318552705214214,0.021416021156686914,0.11801948390086053,clean held-out test set (no pre-training detector reused),0.6354166666666666,0.105962643678161,2.0
framingham,range_violation,measurement_range_violation,0.05,2,0.05,0.1496855345911949,0.01,high,tabular,health,measurement_range_violation,physical_safety,xgboost,3180,1060,fraction,0.6674635032714058,0.05604563232814401,0.1262131566375779,clean held-out test set (no pre-training detector reused),0.5689655172413793,0.2227011494252873,2.0
framingham,range_violation,measurement_range_violation,0.1,2,0.1,0.1937106918238993,0.01,high,tabular,health,measurement_range_violation,physical_safety,logreg,3180,1060,fraction,0.7125791942738308,0.027313888025369104,0.12019244328769377,clean held-out test set (no pre-training detector reused),0.4895833333333333,0.21731321839080459,2.0
framingham,range_violation,measurement_range_violation,0.1,2,0.1,0.1937106918238993,0.01,high,tabular,health,measurement_range_violation,physical_safety,xgboost,3180,1060,fraction,0.6758302876211664,0.049036675848435816,0.12535719439879484,clean held-out test set (no pre-training detector reused),0.6206896551724137,0.18139367816091956,2.0
framingham,range_violation,measurement_range_violation,0.2,2,0.2,0.2836477987421383,0.01,high,tabular,health,measurement_range_violation,physical_safety,logreg,3180,1060,fraction,0.701365906908297,0.031411432534312445,0.12121827092249216,clean held-out test set (no pre-training detector reused),0.4375,0.20043103448275856,2.0
framingham,range_violation,measurement_range_violation,0.2,2,0.2,0.2836477987421383,0.01,high,tabular,health,measurement_range_violation,physical_safety,xgboost,3180,1060,fraction,0.6936831123608702,0.04114121688696785,0.12239426579035476,clean held-out test set (no pre-training detector reused),0.5689655172413792,0.2747844827586208,2.0
framingham,range_violation,measurement_range_violation,0.3,2,0.3,0.3726415094339622,0.01,high,tabular,health,measurement_range_violation,physical_safety,logreg,3180,1060,fraction,0.6994313902956356,0.030068569916328766,0.1215421393351831,clean held-out test set (no pre-training detector reused),0.4375,0.1831896551724138,2.0
framingham,range_violation,measurement_range_violation,0.3,2,0.3,0.3726415094339622,0.01,high,tabular,health,measurement_range_violation,physical_safety,xgboost,3180,1060,fraction,0.6906155217322215,0.05342107379505903,0.12040830779927564,clean held-out test set (no pre-training detector reused),0.6724137931034483,0.09841954022988497,2.0
framingham,range_violation,measurement_range_violation,0.4,2,0.4,0.4628930817610063,0.01,high,tabular,health,measurement_range_violation,physical_safety,logreg,3180,1060,fraction,0.6972619680942939,0.02687439642735654,0.12169808707697269,clean held-out test set (no pre-training detector reused),0.46875,0.16918103448275867,2.0
framingham,range_violation,measurement_range_violation,0.4,2,0.4,0.4628930817610063,0.01,high,tabular,health,measurement_range_violation,physical_safety,xgboost,3180,1060,fraction,0.6941391055624262,0.033716552041225,0.12001054881451632,clean held-out test set (no pre-training detector reused),0.43103448275862066,0.22521551724137934,2.0
framingham,range_violation,measurement_range_violation,0.0,3,0.0,0.1037735849056603,0.01,high,tabular,health,measurement_range_violation,physical_safety,logreg,3180,1060,fraction,0.729520032610423,0.021185470072769278,0.11480518952332386,clean held-out test set (no pre-training detector reused),,,
framingham,range_violation,measurement_range_violation,0.0,3,0.0,0.1037735849056603,0.01,high,tabular,health,measurement_range_violation,physical_safety,xgboost,3180,1060,fraction,0.6646515451951444,0.05120232785318291,0.12731302750955073,clean held-out test set (no pre-training detector reused),,,
framingham,range_violation,measurement_range_violation,0.03,3,0.0298742138364779,0.130503144654088,0.01,high,tabular,health,measurement_range_violation,physical_safety,logreg,3180,1060,fraction,0.7005713732995252,0.009002869735634045,0.1189976330922078,clean held-out test set (no pre-training detector reused),,,
framingham,range_violation,measurement_range_violation,0.03,3,0.0298742138364779,0.130503144654088,0.01,high,tabular,health,measurement_range_violation,physical_safety,xgboost,3180,1060,fraction,0.6624199421026814,0.0493432533173857,0.1262898726575349,clean held-out test set (no pre-training detector reused),,,
framingham,range_violation,measurement_range_violation,0.05,3,0.05,0.1487421383647798,0.01,high,tabular,health,measurement_range_violation,physical_safety,logreg,3180,1060,fraction,0.6864148570875852,0.011713867051324727,0.12076696656838994,clean held-out test set (no pre-training detector reused),,,
framingham,range_violation,measurement_range_violation,0.05,3,0.05,0.1487421383647798,0.01,high,tabular,health,measurement_range_violation,physical_safety,xgboost,3180,1060,fraction,0.6586269077442846,0.05792631186140737,0.12719978433659057,clean held-out test set (no pre-training detector reused),,,
framingham,range_violation,measurement_range_violation,0.1,3,0.1,0.1946540880503144,0.01,high,tabular,health,measurement_range_violation,physical_safety,logreg,3180,1060,fraction,0.6734535957827539,0.012347515231577715,0.12225554810321111,clean held-out test set (no pre-training detector reused),,,
framingham,range_violation,measurement_range_violation,0.1,3,0.1,0.1946540880503144,0.01,high,tabular,health,measurement_range_violation,physical_safety,xgboost,3180,1060,fraction,0.6574869247403948,0.04830462924393667,0.12684535446512785,clean held-out test set (no pre-training detector reused),,,
framingham,range_violation,measurement_range_violation,0.2,3,0.2,0.2830188679245283,0.01,high,tabular,health,measurement_range_violation,physical_safety,logreg,3180,1060,fraction,0.6691147513800704,0.015027933895190578,0.12255846060937585,clean held-out test set (no pre-training detector reused),,,
framingham,range_violation,measurement_range_violation,0.2,3,0.2,0.2830188679245283,0.01,high,tabular,health,measurement_range_violation,physical_safety,xgboost,3180,1060,fraction,0.6413751649520861,0.04952079565352145,0.12616752369063033,clean held-out test set (no pre-training detector reused),,,
framingham,range_violation,measurement_range_violation,0.3,3,0.3,0.3672955974842767,0.01,high,tabular,health,measurement_range_violation,physical_safety,logreg,3180,1060,fraction,0.6625304859091192,0.013463200741108475,0.12353141750706004,clean held-out test set (no pre-training detector reused),,,
framingham,range_violation,measurement_range_violation,0.3,3,0.3,0.3672955974842767,0.01,high,tabular,health,measurement_range_violation,physical_safety,xgboost,3180,1060,fraction,0.6767837279516923,0.03776481106003114,0.12291582226730473,clean held-out test set (no pre-training detector reused),,,
framingham,range_violation,measurement_range_violation,0.4,3,0.4,0.4616352201257861,0.01,high,tabular,health,measurement_range_violation,physical_safety,logreg,3180,1060,fraction,0.6641610070540768,0.01820014153246406,0.12342892874157672,clean held-out test set (no pre-training detector reused),,,
framingham,range_violation,measurement_range_violation,0.4,3,0.4,0.4616352201257861,0.01,high,tabular,health,measurement_range_violation,physical_safety,xgboost,3180,1060,fraction,0.6522982748257209,0.04718761097920954,0.1278336225214644,clean held-out test set (no pre-training detector reused),,,
framingham,range_violation,measurement_range_violation,0.0,4,0.0,0.1037735849056603,0.01,high,tabular,health,measurement_range_violation,physical_safety,logreg,3180,1060,fraction,0.7265284408487,0.012846316746577904,0.11644470684679588,clean held-out test set (no pre-training detector reused),0.7407407407407407,0.0,1.0
framingham,range_violation,measurement_range_violation,0.0,4,0.0,0.1037735849056603,0.01,high,tabular,health,measurement_range_violation,physical_safety,xgboost,3180,1060,fraction,0.6864217660754875,0.044603066677381384,0.12535701979180153,clean held-out test set (no pre-training detector reused),0.49074074074074076,0.0,1.0
framingham,range_violation,measurement_range_violation,0.03,4,0.0298742138364779,0.130188679245283,0.01,high,tabular,health,measurement_range_violation,physical_safety,logreg,3180,1060,fraction,0.7091316093105521,0.01382367349126445,0.11909965484026507,clean held-out test set (no pre-training detector reused),0.8148148148148148,0.0,1.0
framingham,range_violation,measurement_range_violation,0.03,4,0.0298742138364779,0.130188679245283,0.01,high,tabular,health,measurement_range_violation,physical_safety,xgboost,3180,1060,fraction,0.6717954386861869,0.04349568500798548,0.12676729891073416,clean held-out test set (no pre-training detector reused),0.5092592592592593,0.0,1.0
framingham,range_violation,measurement_range_violation,0.05,4,0.05,0.1493710691823899,0.01,high,tabular,health,measurement_range_violation,physical_safety,logreg,3180,1060,fraction,0.7138435390599631,0.009674335730330282,0.11872287474981705,clean held-out test set (no pre-training detector reused),0.8055555555555556,0.0,1.0
framingham,range_violation,measurement_range_violation,0.05,4,0.05,0.1493710691823899,0.01,high,tabular,health,measurement_range_violation,physical_safety,xgboost,3180,1060,fraction,0.6624752140059003,0.05938427706495069,0.12866446957133637,clean held-out test set (no pre-training detector reused),0.49074074074074076,0.0,1.0
framingham,range_violation,measurement_range_violation,0.1,4,0.1,0.1937106918238993,0.01,high,tabular,health,measurement_range_violation,physical_safety,logreg,3180,1060,fraction,0.7035906010128578,0.014801885866591247,0.11998725543166108,clean held-out test set (no pre-training detector reused),0.7962962962962963,0.0,1.0
framingham,range_violation,measurement_range_violation,0.1,4,0.1,0.1937106918238993,0.01,high,tabular,health,measurement_range_violation,physical_safety,xgboost,3180,1060,fraction,0.6779237109555821,0.04547505383313862,0.12494691647856822,clean held-out test set (no pre-training detector reused),0.5462962962962963,0.0,1.0
framingham,range_violation,measurement_range_violation,0.2,4,0.2,0.2852201257861635,0.01,high,tabular,health,measurement_range_violation,physical_safety,logreg,3180,1060,fraction,0.6911820587402152,0.023479063725586405,0.12105866218742305,clean held-out test set (no pre-training detector reused),0.8055555555555556,0.0,1.0
framingham,range_violation,measurement_range_violation,0.2,4,0.2,0.2852201257861635,0.01,high,tabular,health,measurement_range_violation,physical_safety,xgboost,3180,1060,fraction,0.6692943850655318,0.05125382021618654,0.12508565630649646,clean held-out test set (no pre-training detector reused),0.46296296296296297,0.0,1.0
framingham,range_violation,measurement_range_violation,0.3,4,0.3,0.3726415094339622,0.01,high,tabular,health,measurement_range_violation,physical_safety,logreg,3180,1060,fraction,0.6872508446237711,0.029794865115459,0.1214925251945426,clean held-out test set (no pre-training detector reused),0.7962962962962963,0.0,1.0
framingham,range_violation,measurement_range_violation,0.3,4,0.3,0.3726415094339622,0.01,high,tabular,health,measurement_range_violation,physical_safety,xgboost,3180,1060,fraction,0.6836339894568845,0.03906156296450821,0.12453003027046972,clean held-out test set (no pre-training detector reused),0.4814814814814815,0.0,1.0
framingham,range_violation,measurement_range_violation,0.4,4,0.4,0.4610062893081761,0.01,high,tabular,health,measurement_range_violation,physical_safety,logreg,3180,1060,fraction,0.6890402724904827,0.02509168145307134,0.12142962840954866,clean held-out test set (no pre-training detector reused),0.7962962962962963,0.0,1.0
framingham,range_violation,measurement_range_violation,0.4,4,0.4,0.4610062893081761,0.01,high,tabular,health,measurement_range_violation,physical_safety,xgboost,3180,1060,fraction,0.7026578876460388,0.03402360102122228,0.12101349693422132,clean held-out test set (no pre-training detector reused),0.5092592592592593,0.0,1.0
framingham,subgroup_dropout,representation_imbalance,0.0,0,0.0,0.245754716981132,0.1,high,tabular,health,representation_imbalance,content_safety,logreg,3180,1060,fraction,0.6917416867603065,0.023175751708461492,0.12025431525833377,clean held-out test set (no pre-training detector reused),0.536,0.0,1.0
framingham,subgroup_dropout,representation_imbalance,0.0,0,0.0,0.245754716981132,0.1,high,tabular,health,representation_imbalance,content_safety,xgboost,3180,1060,fraction,0.6385424799121177,0.06240751027669934,0.12923574052760411,clean held-out test set (no pre-training detector reused),0.288,0.0,1.0
framingham,subgroup_dropout,representation_imbalance,0.03,0,0.0302114803625377,0.2488993710691824,0.1,high,tabular,health,representation_imbalance,content_safety,logreg,3180,1060,fraction,0.6916518699175758,0.023202996379405927,0.12025662924474206,clean held-out test set (no pre-training detector reused),0.528,0.0,1.0
framingham,subgroup_dropout,representation_imbalance,0.03,0,0.0302114803625377,0.2488993710691824,0.1,high,tabular,health,representation_imbalance,content_safety,xgboost,3180,1060,fraction,0.6477590697738689,0.0676335611369654,0.1292376842678895,clean held-out test set (no pre-training detector reused),0.304,0.0,1.0
framingham,subgroup_dropout,representation_imbalance,0.05,0,0.0513595166163142,0.2511006289308176,0.1,high,tabular,health,representation_imbalance,content_safety,logreg,3180,1060,fraction,0.6916795058691851,0.023145272011517958,0.12025462861217266,clean held-out test set (no pre-training detector reused),0.528,0.0,1.0
framingham,subgroup_dropout,representation_imbalance,0.05,0,0.0513595166163142,0.2511006289308176,0.1,high,tabular,health,representation_imbalance,content_safety,xgboost,3180,1060,fraction,0.6433442265042595,0.06532831866039351,0.1291791631437103,clean held-out test set (no pre-training detector reused),0.36799999999999994,0.0,1.0
framingham,subgroup_dropout,representation_imbalance,0.1,0,0.0996978851963746,0.2561320754716981,0.1,high,tabular,health,representation_imbalance,content_safety,logreg,3180,1060,fraction,0.6916242339659664,0.023174846688114786,0.12027220153177315,clean held-out test set (no pre-training detector reused),0.528,0.0,1.0
framingham,subgroup_dropout,representation_imbalance,0.1,0,0.0996978851963746,0.2561320754716981,0.1,high,tabular,health,representation_imbalance,content_safety,xgboost,3180,1060,fraction,0.6464739980240295,0.0598450850267051,0.12770833077729768,clean held-out test set (no pre-training detector reused),0.344,0.0,1.0
framingham,subgroup_dropout,representation_imbalance,0.2,0,0.1993957703927492,0.2665094339622641,0.1,high,tabular,health,representation_imbalance,content_safety,logreg,3180,1060,fraction,0.6914238733167979,0.024184416204214316,0.12031066759667076,clean held-out test set (no pre-training detector reused),0.536,0.0,1.0
framingham,subgroup_dropout,representation_imbalance,0.2,0,0.1993957703927492,0.2665094339622641,0.1,high,tabular,health,representation_imbalance,content_safety,xgboost,3180,1060,fraction,0.6463427272538846,0.06030388831332291,0.1273022535095322,clean held-out test set (no pre-training detector reused),0.256,0.0,1.0
framingham,subgroup_dropout,representation_imbalance,0.3,0,0.2990936555891239,0.2768867924528302,0.1,high,tabular,health,representation_imbalance,content_safety,logreg,3180,1060,fraction,0.6920042283005963,0.023805813538564025,0.12034208160495162,clean held-out test set (no pre-training detector reused),0.544,0.0,1.0
framingham,subgroup_dropout,representation_imbalance,0.3,0,0.2990936555891239,0.2768867924528302,0.1,high,tabular,health,representation_imbalance,content_safety,xgboost,3180,1060,fraction,0.632082576223409,0.06548243900058123,0.1308449071162039,clean held-out test set (no pre-training detector reused),0.288,0.0,1.0
framingham,subgroup_dropout,representation_imbalance,0.4,0,0.3987915407854985,0.2872641509433962,0.1,high,tabular,health,representation_imbalance,content_safety,logreg,3180,1060,fraction,0.6916518699175758,0.025432407352824066,0.1203428341343849,clean held-out test set (no pre-training detector reused),0.52,0.0,1.0
framingham,subgroup_dropout,representation_imbalance,0.4,0,0.3987915407854985,0.2872641509433962,0.1,high,tabular,health,representation_imbalance,content_safety,xgboost,3180,1060,fraction,0.6505019379711066,0.05930958693882204,0.1281698217097297,clean held-out test set (no pre-training detector reused),0.328,0.0,1.0
framingham,subgroup_dropout,representation_imbalance,0.0,1,0.0,0.2441823899371069,0.1,high,tabular,health,representation_imbalance,content_safety,logreg,3180,1060,fraction,0.7319450873641519,0.02290506449119662,0.11684721309322112,clean held-out test set (no pre-training detector reused),,,
framingham,subgroup_dropout,representation_imbalance,0.0,1,0.0,0.2441823899371069,0.1,high,tabular,health,representation_imbalance,content_safety,xgboost,3180,1060,fraction,0.6645133654370972,0.06507795564720475,0.12899946286528086,clean held-out test set (no pre-training detector reused),,,
framingham,subgroup_dropout,representation_imbalance,0.03,1,0.0305810397553516,0.2473270440251572,0.1,high,tabular,health,representation_imbalance,content_safety,logreg,3180,1060,fraction,0.7318483615335191,0.020769093562996967,0.11681935775205293,clean held-out test set (no pre-training detector reused),,,
framingham,subgroup_dropout,representation_imbalance,0.03,1,0.0305810397553516,0.2473270440251572,0.1,high,tabular,health,representation_imbalance,content_safety,xgboost,3180,1060,fraction,0.6515175591927538,0.07997646187036737,0.1314570408008522,clean held-out test set (no pre-training detector reused),,,
framingham,subgroup_dropout,representation_imbalance,0.05,1,0.0489296636085626,0.2492138364779874,0.1,high,tabular,health,representation_imbalance,content_safety,logreg,3180,1060,fraction,0.7317170907633741,0.019473775024960133,0.11682568399062264,clean held-out test set (no pre-training detector reused),,,
framingham,subgroup_dropout,representation_imbalance,0.05,1,0.0489296636085626,0.2492138364779874,0.1,high,tabular,health,representation_imbalance,content_safety,xgboost,3180,1060,fraction,0.6447536600363414,0.06488135344906763,0.13023690721576214,clean held-out test set (no pre-training detector reused),,,
framingham,subgroup_dropout,representation_imbalance,0.1,1,0.1009174311926605,0.2545597484276729,0.1,high,tabular,health,representation_imbalance,content_safety,logreg,3180,1060,fraction,0.7320487221826874,0.020441059400791294,0.11679599628855188,clean held-out test set (no pre-training detector reused),,,
framingham,subgroup_dropout,representation_imbalance,0.1,1,0.1009174311926605,0.2545597484276729,0.1,high,tabular,health,representation_imbalance,content_safety,xgboost,3180,1060,fraction,0.653921886982776,0.0641449264222141,0.1291120911589514,clean held-out test set (no pre-training detector reused),,,
framingham,subgroup_dropout,representation_imbalance,0.2,1,0.1987767584097859,0.2646226415094339,0.1,high,tabular,health,representation_imbalance,content_safety,logreg,3180,1060,fraction,0.7315581840416198,0.02219316305149668,0.11690684897519275,clean held-out test set (no pre-training detector reused),,,
framingham,subgroup_dropout,representation_imbalance,0.2,1,0.1987767584097859,0.2646226415094339,0.1,high,tabular,health,representation_imbalance,content_safety,xgboost,3180,1060,fraction,0.6549167812407161,0.07105474564650992,0.1302877197127674,clean held-out test set (no pre-training detector reused),,,
framingham,subgroup_dropout,representation_imbalance,0.3,1,0.2996941896024465,0.275,0.1,high,tabular,health,representation_imbalance,content_safety,logreg,3180,1060,fraction,0.7317309087391788,0.01908675137689316,0.11682568414141452,clean held-out test set (no pre-training detector reused),,,
framingham,subgroup_dropout,representation_imbalance,0.3,1,0.2996941896024465,0.275,0.1,high,tabular,health,representation_imbalance,content_safety,xgboost,3180,1060,fraction,0.65960798402642,0.05891329155101459,0.1292580174672034,clean held-out test set (no pre-training detector reused),,,
framingham,subgroup_dropout,representation_imbalance,0.4,1,0.400611620795107,0.285377358490566,0.1,high,tabular,health,representation_imbalance,content_safety,logreg,3180,1060,fraction,0.7317516357028859,0.020906806068864726,0.11689417110707276,clean held-out test set (no pre-training detector reused),,,
framingham,subgroup_dropout,representation_imbalance,0.4,1,0.400611620795107,0.285377358490566,0.1,high,tabular,health,representation_imbalance,content_safety,xgboost,3180,1060,fraction,0.6515313771685585,0.07486077795565163,0.13002810200579878,clean held-out test set (no pre-training detector reused),,,
framingham,subgroup_dropout,representation_imbalance,0.0,2,0.0,0.2397798742138364,0.1,high,tabular,health,representation_imbalance,content_safety,logreg,3180,1060,fraction,0.7419216658951631,0.02006204308906418,0.11466857738772655,clean held-out test set (no pre-training detector reused),0.5,0.16666666666666663,2.0
framingham,subgroup_dropout,representation_imbalance,0.0,2,0.0,0.2397798742138364,0.1,high,tabular,health,representation_imbalance,content_safety,xgboost,3180,1060,fraction,0.681758199241393,0.048558243094143944,0.12304723804299206,clean held-out test set (no pre-training detector reused),0.396551724137931,0.36386494252873564,2.0
framingham,subgroup_dropout,representation_imbalance,0.03,2,0.029585798816568,0.2429245283018868,0.1,high,tabular,health,representation_imbalance,content_safety,logreg,3180,1060,fraction,0.7419907557741867,0.02046171596537549,0.11466133858996053,clean held-out test set (no pre-training detector reused),0.5,0.16666666666666663,2.0
framingham,subgroup_dropout,representation_imbalance,0.03,2,0.029585798816568,0.2429245283018868,0.1,high,tabular,health,representation_imbalance,content_safety,xgboost,3180,1060,fraction,0.6817098363260767,0.04886800238954888,0.1230866485125519,clean held-out test set (no pre-training detector reused),0.4310344827586207,0.40229885057471265,2.0
framingham,subgroup_dropout,representation_imbalance,0.05,2,0.0502958579881656,0.245125786163522,0.1,high,tabular,health,representation_imbalance,content_safety,logreg,3180,1060,fraction,0.7417765771492134,0.01954889514473338,0.11469133828301989,clean held-out test set (no pre-training detector reused),0.4827586206896552,0.18390804597701144,2.0
framingham,subgroup_dropout,representation_imbalance,0.05,2,0.0502958579881656,0.245125786163522,0.1,high,tabular,health,representation_imbalance,content_safety,xgboost,3180,1060,fraction,0.6889504556477521,0.04466640581904014,0.12191140532892898,clean held-out test set (no pre-training detector reused),0.43103448275862066,0.3397988505747126,2.0
framingham,subgroup_dropout,representation_imbalance,0.1,2,0.1005917159763313,0.2504716981132076,0.1,high,tabular,health,representation_imbalance,content_safety,logreg,3180,1060,fraction,0.7417765771492134,0.01736694872610344,0.11464425733153152,clean held-out test set (no pre-training detector reused),0.5,0.15625,2.0
framingham,subgroup_dropout,representation_imbalance,0.1,2,0.1005917159763313,0.2504716981132076,0.1,high,tabular,health,representation_imbalance,content_safety,xgboost,3180,1060,fraction,0.675726652802631,0.04671019241060042,0.12336264806344693,clean held-out test set (no pre-training detector reused),0.4482758620689655,0.26005747126436773,2.0
framingham,subgroup_dropout,representation_imbalance,0.2,2,0.2011834319526627,0.2611635220125786,0.1,high,tabular,health,representation_imbalance,content_safety,logreg,3180,1060,fraction,0.7414863996573141,0.019817968736425277,0.1147647692119514,clean held-out test set (no pre-training detector reused),0.4827586206896552,0.18390804597701144,2.0
framingham,subgroup_dropout,representation_imbalance,0.2,2,0.2011834319526627,0.2611635220125786,0.1,high,tabular,health,representation_imbalance,content_safety,xgboost,3180,1060,fraction,0.673039056508612,0.045818015180290945,0.12407118584361232,clean held-out test set (no pre-training detector reused),0.2931034482758621,0.5298132183908045,2.0
framingham,subgroup_dropout,representation_imbalance,0.3,2,0.2988165680473373,0.2715408805031446,0.1,high,tabular,health,representation_imbalance,content_safety,logreg,3180,1060,fraction,0.7412929479960481,0.01857841273610264,0.11479838971938165,clean held-out test set (no pre-training detector reused),0.4827586206896552,0.2047413793103448,2.0
framingham,subgroup_dropout,representation_imbalance,0.3,2,0.2988165680473373,0.2715408805031446,0.1,high,tabular,health,representation_imbalance,content_safety,xgboost,3180,1060,fraction,0.6827185485598215,0.039563228045853806,0.12284546818606026,clean held-out test set (no pre-training detector reused),0.3620689655172414,0.3775143678160919,2.0
framingham,subgroup_dropout,representation_imbalance,0.4,2,0.3994082840236686,0.2822327044025157,0.1,high,tabular,health,representation_imbalance,content_safety,logreg,3180,1060,fraction,0.7424398399878401,0.017733798490282345,0.11465554891839465,clean held-out test set (no pre-training detector reused),0.5,0.16666666666666663,2.0
framingham,subgroup_dropout,representation_imbalance,0.4,2,0.3994082840236686,0.2822327044025157,0.1,high,tabular,health,representation_imbalance,content_safety,xgboost,3180,1060,fraction,0.6733015980489018,0.04568391864952403,0.1243432565027149,clean held-out test set (no pre-training detector reused),0.29310344827586204,0.39439655172413796,2.0
framingham,subgroup_dropout,representation_imbalance,0.0,3,0.0,0.2463836477987421,0.1,high,tabular,health,representation_imbalance,content_safety,logreg,3180,1060,fraction,0.729520032610423,0.021185470072769278,0.11480518952332386,clean held-out test set (no pre-training detector reused),,,
framingham,subgroup_dropout,representation_imbalance,0.0,3,0.0,0.2463836477987421,0.1,high,tabular,health,representation_imbalance,content_safety,xgboost,3180,1060,fraction,0.6646515451951444,0.05120232785318291,0.12731302750955073,clean held-out test set (no pre-training detector reused),,,
framingham,subgroup_dropout,representation_imbalance,0.03,3,0.0303030303030303,0.2495283018867924,0.1,high,tabular,health,representation_imbalance,content_safety,logreg,3180,1060,fraction,0.7295062146346183,0.021182847591553207,0.11479385289343391,clean held-out test set (no pre-training detector reused),,,
framingham,subgroup_dropout,representation_imbalance,0.03,3,0.0303030303030303,0.2495283018867924,0.1,high,tabular,health,representation_imbalance,content_safety,xgboost,3180,1060,fraction,0.6579981898451696,0.053069905778788534,0.12704570514507232,clean held-out test set (no pre-training detector reused),,,
framingham,subgroup_dropout,representation_imbalance,0.05,3,0.0484848484848484,0.2514150943396226,0.1,high,tabular,health,representation_imbalance,content_safety,logreg,3180,1060,fraction,0.7293334899370592,0.02019616165263478,0.11479930964595256,clean held-out test set (no pre-training detector reused),,,
framingham,subgroup_dropout,representation_imbalance,0.05,3,0.0484848484848484,0.2514150943396226,0.1,high,tabular,health,representation_imbalance,content_safety,xgboost,3180,1060,fraction,0.6652319001789427,0.049683077817888194,0.12639107424578822,clean held-out test set (no pre-training detector reused),,,
framingham,subgroup_dropout,representation_imbalance,0.1,3,0.1,0.2567610062893082,0.1,high,tabular,health,representation_imbalance,content_safety,logreg,3180,1060,fraction,0.7290225854814529,0.018527662849094927,0.11481993720171402,clean held-out test set (no pre-training detector reused),,,
framingham,subgroup_dropout,representation_imbalance,0.1,3,0.1,0.2567610062893082,0.1,high,tabular,health,representation_imbalance,content_safety,xgboost,3180,1060,fraction,0.6635322891549618,0.05380850201165129,0.12645001575389256,clean held-out test set (no pre-training detector reused),,,
framingham,subgroup_dropout,representation_imbalance,0.2,3,0.2,0.2671383647798742,0.1,high,tabular,health,representation_imbalance,content_safety,logreg,3180,1060,fraction,0.7292091281548166,0.019285358318701023,0.11480089026698694,clean held-out test set (no pre-training detector reused),,,
framingham,subgroup_dropout,representation_imbalance,0.2,3,0.2,0.2671383647798742,0.1,high,tabular,health,representation_imbalance,content_safety,xgboost,3180,1060,fraction,0.671664167916042,0.05144020120156403,0.1257735818176838,clean held-out test set (no pre-training detector reused),,,
framingham,subgroup_dropout,representation_imbalance,0.3,3,0.3,0.2775157232704403,0.1,high,tabular,health,representation_imbalance,content_safety,logreg,3180,1060,fraction,0.7291400382757928,0.0230643528763968,0.11488777649576332,clean held-out test set (no pre-training detector reused),,,
framingham,subgroup_dropout,representation_imbalance,0.3,3,0.3,0.2775157232704403,0.1,high,tabular,health,representation_imbalance,content_safety,xgboost,3180,1060,fraction,0.6695085636905049,0.05328137146227748,0.12643290153725248,clean held-out test set (no pre-training detector reused),,,
framingham,subgroup_dropout,representation_imbalance,0.4,3,0.4,0.2878930817610062,0.1,high,tabular,health,representation_imbalance,content_safety,logreg,3180,1060,fraction,0.7295200326104229,0.019555744415429357,0.11481349897940331,clean held-out test set (no pre-training detector reused),,,
framingham,subgroup_dropout,representation_imbalance,0.4,3,0.4,0.2878930817610062,0.1,high,tabular,health,representation_imbalance,content_safety,xgboost,3180,1060,fraction,0.6639330104532988,0.05032084393930042,0.12606599697065576,clean held-out test set (no pre-training detector reused),,,
framingham,subgroup_dropout,representation_imbalance,0.0,4,0.0,0.2501572327044025,0.1,high,tabular,health,representation_imbalance,content_safety,logreg,3180,1060,fraction,0.7265284408487,0.012846316746577904,0.11644470684679588,clean held-out test set (no pre-training detector reused),0.7407407407407407,0.0,1.0
framingham,subgroup_dropout,representation_imbalance,0.0,4,0.0,0.2501572327044025,0.1,high,tabular,health,representation_imbalance,content_safety,xgboost,3180,1060,fraction,0.6864217660754875,0.044603066677381384,0.12535701979180153,clean held-out test set (no pre-training detector reused),0.49074074074074076,0.0,1.0
framingham,subgroup_dropout,representation_imbalance,0.03,4,0.0290322580645161,0.2529874213836478,0.1,high,tabular,health,representation_imbalance,content_safety,logreg,3180,1060,fraction,0.726507713884993,0.012836761797728725,0.1164456277677684,clean held-out test set (no pre-training detector reused),0.7407407407407407,0.0,1.0
framingham,subgroup_dropout,representation_imbalance,0.03,4,0.0290322580645161,0.2529874213836478,0.1,high,tabular,health,representation_imbalance,content_safety,xgboost,3180,1060,fraction,0.6745175799197176,0.04236311146677559,0.1254965438050998,clean held-out test set (no pre-training detector reused),0.5555555555555556,0.0,1.0
framingham,subgroup_dropout,representation_imbalance,0.05,4,0.0516129032258064,0.255188679245283,0.1,high,tabular,health,representation_imbalance,content_safety,logreg,3180,1060,fraction,0.7265215318607977,0.01226746766509723,0.11645764512700175,clean held-out test set (no pre-training detector reused),0.7407407407407407,0.0,1.0
framingham,subgroup_dropout,representation_imbalance,0.05,4,0.0516129032258064,0.255188679245283,0.1,high,tabular,health,representation_imbalance,content_safety,xgboost,3180,1060,fraction,0.6807771229592576,0.051335424344266224,0.1264877884051957,clean held-out test set (no pre-training detector reused),0.5462962962962963,0.0,1.0
framingham,subgroup_dropout,representation_imbalance,0.1,4,0.1,0.2599056603773585,0.1,high,tabular,health,representation_imbalance,content_safety,logreg,3180,1060,fraction,0.726279717284215,0.01323079695309165,0.11642951619338711,clean held-out test set (no pre-training detector reused),0.7407407407407407,0.0,1.0
framingham,subgroup_dropout,representation_imbalance,0.1,4,0.1,0.2599056603773585,0.1,high,tabular,health,representation_imbalance,content_safety,xgboost,3180,1060,fraction,0.6754572022744388,0.04510640212508218,0.12473484719629696,clean held-out test set (no pre-training detector reused),0.5555555555555556,0.0,1.0
framingham,subgroup_dropout,representation_imbalance,0.2,4,0.2,0.2696540880503144,0.1,high,tabular,health,representation_imbalance,content_safety,logreg,3180,1060,fraction,0.7264455329938717,0.015517018792204079,0.11646623230538869,clean held-out test set (no pre-training detector reused),0.712962962962963,0.0,1.0
framingham,subgroup_dropout,representation_imbalance,0.2,4,0.2,0.2696540880503144,0.1,high,tabular,health,representation_imbalance,content_safety,xgboost,3180,1060,fraction,0.6776335334636828,0.04846621422307952,0.12546291673026252,clean held-out test set (no pre-training detector reused),0.47222222222222227,0.0,1.0
framingham,subgroup_dropout,representation_imbalance,0.3,4,0.3,0.2794025157232704,0.1,high,tabular,health,representation_imbalance,content_safety,logreg,3180,1060,fraction,0.7261760824656796,0.011985640874233535,0.11648883378282775,clean held-out test set (no pre-training detector reused),0.7407407407407407,0.0,1.0
framingham,subgroup_dropout,representation_imbalance,0.3,4,0.3,0.2794025157232704,0.1,high,tabular,health,representation_imbalance,content_safety,xgboost,3180,1060,fraction,0.6677122268358909,0.054094716293500066,0.12668003019916738,clean held-out test set (no pre-training detector reused),0.5,0.0,1.0
framingham,subgroup_dropout,representation_imbalance,0.4,4,0.4,0.2891509433962264,0.1,high,tabular,health,representation_imbalance,content_safety,logreg,3180,1060,fraction,0.7265215318607977,0.014859611057034653,0.1165872309955149,clean held-out test set (no pre-training detector reused),0.7407407407407407,0.0,1.0
framingham,subgroup_dropout,representation_imbalance,0.4,4,0.4,0.2891509433962264,0.1,high,tabular,health,representation_imbalance,content_safety,xgboost,3180,1060,fraction,0.6909540621394371,0.03955828370394642,0.12378233882787498,clean held-out test set (no pre-training detector reused),0.6018518518518519,0.0,1.0
german_credit,edge_case_dropout,safety_critical_edge_case_coverage,0.0,0,0.0,0.1375,0.25,medium,tabular,loan_finance,safety_critical_edge_case_coverage,physical_safety,logreg,750,250,fraction,0.7954285714285715,0.08071770514694288,0.16646575608556138,clean held-out test set (no pre-training detector reused),0.777056277056277,0.050674815380697735,3.0
german_credit,edge_case_dropout,safety_critical_edge_case_coverage,0.0,0,0.0,0.1375,0.25,medium,tabular,loan_finance,safety_critical_edge_case_coverage,physical_safety,xgboost,750,250,fraction,0.7779047619047619,0.10128037218353712,0.17457983527022133,clean held-out test set (no pre-training detector reused),0.722943722943723,0.05681818181818166,3.0
german_credit,edge_case_dropout,safety_critical_edge_case_coverage,0.03,0,0.0303030303030303,0.15625,0.25,medium,tabular,loan_finance,safety_critical_edge_case_coverage,physical_safety,logreg,750,250,fraction,0.8008380952380952,0.06375546526070497,0.16430053852111834,clean held-out test set (no pre-training detector reused),0.7835497835497836,0.04085497835497831,3.0
german_credit,edge_case_dropout,safety_critical_edge_case_coverage,0.03,0,0.0303030303030303,0.15625,0.25,medium,tabular,loan_finance,safety_critical_edge_case_coverage,physical_safety,xgboost,750,250,fraction,0.7874285714285714,0.09929032067535447,0.1689571428918327,clean held-out test set (no pre-training detector reused),0.7226890756302521,0.06600140056022408,3.0
german_credit,edge_case_dropout,safety_critical_edge_case_coverage,0.05,0,0.0495867768595041,0.15,0.25,medium,tabular,loan_finance,safety_critical_edge_case_coverage,physical_safety,logreg,750,250,fraction,0.7901714285714286,0.09012687374486213,0.17182567490197148,clean held-out test set (no pre-training detector reused),0.7683982683982684,0.06195887445887449,3.0
german_credit,edge_case_dropout,safety_critical_edge_case_coverage,0.05,0,0.0495867768595041,0.15,0.25,medium,tabular,loan_finance,safety_critical_edge_case_coverage,physical_safety,xgboost,750,250,fraction,0.7847619047619048,0.09665331496181898,0.1751694212672963,clean held-out test set (no pre-training detector reused),0.7226890756302522,0.08782679738562083,3.0
german_credit,edge_case_dropout,safety_critical_edge_case_coverage,0.1,0,0.1005509641873278,0.14375,0.25,medium,tabular,loan_finance,safety_critical_edge_case_coverage,physical_safety,logreg,750,250,fraction,0.7877333333333333,0.08695702499843855,0.17068805283371602,clean held-out test set (no pre-training detector reused),0.7683982683982684,0.029921059332823963,3.0
german_credit,edge_case_dropout,safety_critical_edge_case_coverage,0.1,0,0.1005509641873278,0.14375,0.25,medium,tabular,loan_finance,safety_critical_edge_case_coverage,physical_safety,xgboost,750,250,fraction,0.7594666666666666,0.11422534129163248,0.18392184522234079,clean held-out test set (no pre-training detector reused),0.7012987012987013,0.07747113997113997,3.0
german_credit,edge_case_dropout,safety_critical_edge_case_coverage,0.2,0,0.199724517906336,0.175,0.25,medium,tabular,loan_finance,safety_critical_edge_case_coverage,physical_safety,logreg,750,250,fraction,0.766247619047619,0.11068203899463777,0.17665614048400444,clean held-out test set (no pre-training detector reused),0.73109243697479,0.03775676937441641,3.0
german_credit,edge_case_dropout,safety_critical_edge_case_coverage,0.2,0,0.199724517906336,0.175,0.25,medium,tabular,loan_finance,safety_critical_edge_case_coverage,physical_safety,xgboost,750,250,fraction,0.7512380952380953,0.11239760756958278,0.18899650708382842,clean held-out test set (no pre-training detector reused),0.6470588235294117,0.13369514472455657,3.0
german_credit,edge_case_dropout,safety_critical_edge_case_coverage,0.3,0,0.3002754820936639,0.23125,0.25,medium,tabular,loan_finance,safety_critical_edge_case_coverage,physical_safety,logreg,750,250,fraction,0.7492571428571431,0.12674863328038724,0.19098943118044034,clean held-out test set (no pre-training detector reused),0.7351190476190476,0.046393557422969245,3.0
german_credit,edge_case_dropout,safety_critical_edge_case_coverage,0.3,0,0.3002754820936639,0.23125,0.25,medium,tabular,loan_finance,safety_critical_edge_case_coverage,physical_safety,xgboost,750,250,fraction,0.7414857142857143,0.1461954875732772,0.1993224527847314,clean held-out test set (no pre-training detector reused),0.6764705882352942,0.07948179271708677,3.0
german_credit,edge_case_dropout,safety_critical_edge_case_coverage,0.4,0,0.3994490358126721,0.2625,0.25,medium,tabular,loan_finance,safety_critical_edge_case_coverage,physical_safety,logreg,750,250,fraction,0.7513142857142857,0.11933923389807526,0.1870711202112814,clean held-out test set (no pre-training detector reused),0.6845238095238095,0.07738095238095233,3.0
german_credit,edge_case_dropout,safety_critical_edge_case_coverage,0.4,0,0.3994490358126721,0.2625,0.25,medium,tabular,loan_finance,safety_critical_edge_case_coverage,physical_safety,xgboost,750,250,fraction,0.7296761904761905,0.1609772975879023,0.2075466575851723,clean held-out test set (no pre-training detector reused),0.6428571428571428,0.06746031746031744,3.0
german_credit,edge_case_dropout,safety_critical_edge_case_coverage,0.0,1,0.0,0.14375,0.25,medium,tabular,loan_finance,safety_critical_edge_case_coverage,physical_safety,logreg,750,250,fraction,0.7891047619047619,0.07739500909516561,0.16939314698575889,clean held-out test set (no pre-training detector reused),0.7904761904761906,0.08644688644688647,3.0
german_credit,edge_case_dropout,safety_critical_edge_case_coverage,0.0,1,0.0,0.14375,0.25,medium,tabular,loan_finance,safety_critical_edge_case_coverage,physical_safety,xgboost,750,250,fraction,0.7904,0.08267878722422756,0.1717463770151465,clean held-out test set (no pre-training detector reused),0.7964497041420118,0.030534422842115272,3.0
german_credit,edge_case_dropout,safety_critical_edge_case_coverage,0.03,1,0.0303448275862068,0.15625,0.25,medium,tabular,loan_finance,safety_critical_edge_case_coverage,physical_safety,logreg,750,250,fraction,0.7953523809523809,0.07116047013330667,0.1673151518708978,clean held-out test set (no pre-training detector reused),0.7873015873015874,0.09553864938480316,3.0
german_credit,edge_case_dropout,safety_critical_edge_case_coverage,0.03,1,0.0303448275862068,0.15625,0.25,medium,tabular,loan_finance,safety_critical_edge_case_coverage,physical_safety,xgboost,750,250,fraction,0.7759238095238095,0.10190827667899431,0.17769109334806796,clean held-out test set (no pre-training detector reused),0.7846153846153846,0.03956043956043964,3.0
german_credit,edge_case_dropout,safety_critical_edge_case_coverage,0.05,1,0.0496551724137931,0.14375,0.25,medium,tabular,loan_finance,safety_critical_edge_case_coverage,physical_safety,logreg,750,250,fraction,0.7897142857142857,0.08976382562653355,0.16867745199711867,clean held-out test set (no pre-training detector reused),0.7984126984126985,0.08442753827369198,3.0
german_credit,edge_case_dropout,safety_critical_edge_case_coverage,0.05,1,0.0496551724137931,0.14375,0.25,medium,tabular,loan_finance,safety_critical_edge_case_coverage,physical_safety,xgboost,750,250,fraction,0.8003047619047619,0.08651336424052716,0.1685219309545037,clean held-out test set (no pre-training detector reused),0.8158730158730159,0.008302808302808384,3.0
german_credit,edge_case_dropout,safety_critical_edge_case_coverage,0.1,1,0.0993103448275862,0.15,0.25,medium,tabular,loan_finance,safety_critical_edge_case_coverage,physical_safety,logreg,750,250,fraction,0.7913904761904763,0.06980139651981086,0.1687478082621877,clean held-out test set (no pre-training detector reused),0.7984126984126985,0.07732694655771577,3.0
german_credit,edge_case_dropout,safety_critical_edge_case_coverage,0.1,1,0.0993103448275862,0.15,0.25,medium,tabular,loan_finance,safety_critical_edge_case_coverage,physical_safety,xgboost,750,250,fraction,0.8030476190476191,0.07446036152564921,0.16326133519513752,clean held-out test set (no pre-training detector reused),0.8031746031746031,0.02832722832722845,3.0
german_credit,edge_case_dropout,safety_critical_edge_case_coverage,0.2,1,0.2,0.1625,0.25,medium,tabular,loan_finance,safety_critical_edge_case_coverage,physical_safety,logreg,750,250,fraction,0.7968761904761904,0.07637687734958847,0.16755123320018342,clean held-out test set (no pre-training detector reused),0.7968253968253969,0.0836479759556682,3.0
german_credit,edge_case_dropout,safety_critical_edge_case_coverage,0.2,1,0.2,0.1625,0.25,medium,tabular,loan_finance,safety_critical_edge_case_coverage,physical_safety,xgboost,750,250,fraction,0.7999238095238096,0.10213961914181709,0.17461801060870114,clean held-out test set (no pre-training detector reused),0.7893491124260354,0.05314173006480716,3.0
german_credit,edge_case_dropout,safety_critical_edge_case_coverage,0.3,1,0.3006896551724138,0.20625,0.25,medium,tabular,loan_finance,safety_critical_edge_case_coverage,physical_safety,logreg,750,250,fraction,0.7749333333333334,0.0769114948421265,0.17822348522431322,clean held-out test set (no pre-training detector reused),0.753968253968254,0.10875363952287032,3.0
german_credit,edge_case_dropout,safety_critical_edge_case_coverage,0.3,1,0.3006896551724138,0.20625,0.25,medium,tabular,loan_finance,safety_critical_edge_case_coverage,physical_safety,xgboost,750,250,fraction,0.7513142857142857,0.13750308359425978,0.19437165885569763,clean held-out test set (no pre-training detector reused),0.7668639053254438,0.02434488588334749,3.0
german_credit,edge_case_dropout,safety_critical_edge_case_coverage,0.4,1,0.4,0.24375,0.25,medium,tabular,loan_finance,safety_critical_edge_case_coverage,physical_safety,logreg,750,250,fraction,0.7654095238095239,0.10982586875671814,0.18766988440617874,clean held-out test set (no pre-training detector reused),0.7952380952380952,0.037897999436460994,3.0
german_credit,edge_case_dropout,safety_critical_edge_case_coverage,0.4,1,0.4,0.24375,0.25,medium,tabular,loan_finance,safety_critical_edge_case_coverage,physical_safety,xgboost,750,250,fraction,0.7673142857142857,0.11135285842628218,0.18590063981966548,clean held-out test set (no pre-training detector reused),0.7875457875457876,0.025152625152625063,3.0
german_credit,edge_case_dropout,safety_critical_edge_case_coverage,0.0,2,0.0,0.0812499999999999,0.25,medium,tabular,loan_finance,safety_critical_edge_case_coverage,physical_safety,logreg,750,250,fraction,0.7609142857142858,0.08076451236633456,0.17691248204051446,clean held-out test set (no pre-training detector reused),0.74,0.06905752753977967,3.0
german_credit,edge_case_dropout,safety_critical_edge_case_coverage,0.0,2,0.0,0.0812499999999999,0.25,medium,tabular,loan_finance,safety_critical_edge_case_coverage,physical_safety,xgboost,750,250,fraction,0.7735619047619048,0.11325770493992604,0.17975877021140138,clean held-out test set (no pre-training detector reused),0.6727272727272727,0.16815400022254368,3.0
german_credit,edge_case_dropout,safety_critical_edge_case_coverage,0.03,2,0.0304709141274238,0.09375,0.25,medium,tabular,loan_finance,safety_critical_edge_case_coverage,physical_safety,logreg,750,250,fraction,0.7564952380952381,0.0710282395301555,0.17818452701116058,clean held-out test set (no pre-training detector reused),0.730909090909091,0.06958050517414038,3.0
german_credit,edge_case_dropout,safety_critical_edge_case_coverage,0.03,2,0.0304709141274238,0.09375,0.25,medium,tabular,loan_finance,safety_critical_edge_case_coverage,physical_safety,xgboost,750,250,fraction,0.7612952380952381,0.1290945698779542,0.18426734154940128,clean held-out test set (no pre-training detector reused),0.6590909090909091,0.17077445198620234,3.0
german_credit,edge_case_dropout,safety_critical_edge_case_coverage,0.05,2,0.0498614958448753,0.0812499999999999,0.25,medium,tabular,loan_finance,safety_critical_edge_case_coverage,physical_safety,logreg,750,250,fraction,0.7494857142857143,0.11031696665972988,0.18303056143879326,clean held-out test set (no pre-training detector reused),0.7172727272727273,0.09545677089128735,3.0
german_credit,edge_case_dropout,safety_critical_edge_case_coverage,0.05,2,0.0498614958448753,0.0812499999999999,0.25,medium,tabular,loan_finance,safety_critical_edge_case_coverage,physical_safety,xgboost,750,250,fraction,0.7717333333333334,0.09503083003754727,0.17780020144375772,clean held-out test set (no pre-training detector reused),0.7272727272727273,0.1258484477578724,3.0
german_credit,edge_case_dropout,safety_critical_edge_case_coverage,0.1,2,0.0997229916897507,0.1,0.25,medium,tabular,loan_finance,safety_critical_edge_case_coverage,physical_safety,logreg,750,250,fraction,0.7538285714285714,0.0975793543616643,0.18272254222192197,clean held-out test set (no pre-training detector reused),0.7245454545454545,0.07839212195393352,3.0
german_credit,edge_case_dropout,safety_critical_edge_case_coverage,0.1,2,0.0997229916897507,0.1,0.25,medium,tabular,loan_finance,safety_critical_edge_case_coverage,physical_safety,xgboost,750,250,fraction,0.7622857142857143,0.10392380053317175,0.18605251796152653,clean held-out test set (no pre-training detector reused),0.6954545454545454,0.13685879603872264,3.0
german_credit,edge_case_dropout,safety_critical_edge_case_coverage,0.2,2,0.1994459833795014,0.15625,0.25,medium,tabular,loan_finance,safety_critical_edge_case_coverage,physical_safety,logreg,750,250,fraction,0.7420190476190476,0.09349122265065274,0.18856141084340114,clean held-out test set (no pre-training detector reused),0.7045454545454545,0.08003226883275849,3.0
german_credit,edge_case_dropout,safety_critical_edge_case_coverage,0.2,2,0.1994459833795014,0.15625,0.25,medium,tabular,loan_finance,safety_critical_edge_case_coverage,physical_safety,xgboost,750,250,fraction,0.7593904761904763,0.12042173321172595,0.19216613661542012,clean held-out test set (no pre-training detector reused),0.6090909090909091,0.22077445198620227,3.0
german_credit,edge_case_dropout,safety_critical_edge_case_coverage,0.3,2,0.3005540166204986,0.175,0.25,medium,tabular,loan_finance,safety_critical_edge_case_coverage,physical_safety,logreg,750,250,fraction,0.7516952380952382,0.09788085102294086,0.18681781164468445,clean held-out test set (no pre-training detector reused),0.7100000000000001,0.08681762545899618,3.0
german_credit,edge_case_dropout,safety_critical_edge_case_coverage,0.3,2,0.3005540166204986,0.175,0.25,medium,tabular,loan_finance,safety_critical_edge_case_coverage,physical_safety,xgboost,750,250,fraction,0.776,0.09072963305562735,0.17187194481287685,clean held-out test set (no pre-training detector reused),0.759090909090909,0.034054745743852255,3.0
german_credit,edge_case_dropout,safety_critical_edge_case_coverage,0.4,2,0.4002770083102493,0.25625,0.25,medium,tabular,loan_finance,safety_critical_edge_case_coverage,physical_safety,logreg,750,250,fraction,0.6914285714285714,0.14885651730100058,0.22531101594009892,clean held-out test set (no pre-training detector reused),0.6618181818181817,0.09272727272727277,3.0
german_credit,edge_case_dropout,safety_critical_edge_case_coverage,0.4,2,0.4002770083102493,0.25625,0.25,medium,tabular,loan_finance,safety_critical_edge_case_coverage,physical_safety,xgboost,750,250,fraction,0.7156571428571429,0.1653568030020688,0.21599701107594915,clean held-out test set (no pre-training detector reused),0.6727272727272727,0.13755424502058522,3.0
german_credit,edge_case_dropout,safety_critical_edge_case_coverage,0.0,3,0.0,0.0875,0.25,medium,tabular,loan_finance,safety_critical_edge_case_coverage,physical_safety,logreg,750,250,fraction,0.7828571428571429,0.06032472625532601,0.16712712266009214,clean held-out test set (no pre-training detector reused),0.7474120082815735,0.050907319449518984,2.0
german_credit,edge_case_dropout,safety_critical_edge_case_coverage,0.0,3,0.0,0.0875,0.25,medium,tabular,loan_finance,safety_critical_edge_case_coverage,physical_safety,xgboost,750,250,fraction,0.7699809523809524,0.08226491963351144,0.17364471218340075,clean held-out test set (no pre-training detector reused),0.7422360248447205,0.10370235050541954,2.0
german_credit,edge_case_dropout,safety_critical_edge_case_coverage,0.03,3,0.0303448275862068,0.0875,0.25,medium,tabular,loan_finance,safety_critical_edge_case_coverage,physical_safety,logreg,750,250,fraction,0.7872761904761905,0.05150072196582348,0.16387934237510404,clean held-out test set (no pre-training detector reused),0.7525879917184265,0.046665042828725634,2.0
german_credit,edge_case_dropout,safety_critical_edge_case_coverage,0.03,3,0.0303448275862068,0.0875,0.25,medium,tabular,loan_finance,safety_critical_edge_case_coverage,physical_safety,xgboost,750,250,fraction,0.7823238095238095,0.08008836450846865,0.16754549351394393,clean held-out test set (no pre-training detector reused),0.7660455486542442,0.0761579994316568,2.0
german_credit,edge_case_dropout,safety_critical_edge_case_coverage,0.05,3,0.0496551724137931,0.09375,0.25,medium,tabular,loan_finance,safety_critical_edge_case_coverage,physical_safety,logreg,750,250,fraction,0.7788952380952382,0.06004691141032176,0.16822504993530574,clean held-out test set (no pre-training detector reused),0.7101449275362319,0.09377664109121908,2.0
german_credit,edge_case_dropout,safety_critical_edge_case_coverage,0.05,3,0.0496551724137931,0.09375,0.25,medium,tabular,loan_finance,safety_critical_edge_case_coverage,physical_safety,xgboost,750,250,fraction,0.7577904761904762,0.0972398091321811,0.18165536436770346,clean held-out test set (no pre-training detector reused),0.7370600414078675,0.08833678398895783,2.0
german_credit,edge_case_dropout,safety_critical_edge_case_coverage,0.1,3,0.0993103448275862,0.1,0.25,medium,tabular,loan_finance,safety_critical_edge_case_coverage,physical_safety,logreg,750,250,fraction,0.7900952380952381,0.059937051687173865,0.16538289000424972,clean held-out test set (no pre-training detector reused),0.7701863354037267,0.0010554946616327943,2.0
german_credit,edge_case_dropout,safety_critical_edge_case_coverage,0.1,3,0.0993103448275862,0.1,0.25,medium,tabular,loan_finance,safety_critical_edge_case_coverage,physical_safety,xgboost,750,250,fraction,0.7882666666666667,0.0847259858320467,0.16943140864507086,clean held-out test set (no pre-training detector reused),0.7908902691511387,0.05598181301506122,2.0
german_credit,edge_case_dropout,safety_critical_edge_case_coverage,0.2,3,0.2,0.10625,0.25,medium,tabular,loan_finance,safety_critical_edge_case_coverage,physical_safety,logreg,750,250,fraction,0.7798857142857143,0.07763812687854486,0.1693511227672084,clean held-out test set (no pre-training detector reused),0.7215320910973085,0.06651646165712655,2.0
german_credit,edge_case_dropout,safety_critical_edge_case_coverage,0.2,3,0.2,0.10625,0.25,medium,tabular,loan_finance,safety_critical_edge_case_coverage,physical_safety,xgboost,750,250,fraction,0.7717333333333333,0.09697999242739754,0.1727107073468811,clean held-out test set (no pre-training detector reused),0.7722567287784678,0.055941217066536764,2.0
german_credit,edge_case_dropout,safety_critical_edge_case_coverage,0.3,3,0.3006896551724138,0.13125,0.25,medium,tabular,loan_finance,safety_critical_edge_case_coverage,physical_safety,logreg,750,250,fraction,0.7539809523809524,0.08940566309965971,0.18100313737460658,clean held-out test set (no pre-training detector reused),0.6221532091097308,0.14535379369138968,2.0
german_credit,edge_case_dropout,safety_critical_edge_case_coverage,0.3,3,0.3006896551724138,0.13125,0.25,medium,tabular,loan_finance,safety_critical_edge_case_coverage,physical_safety,xgboost,750,250,fraction,0.7920761904761905,0.09553288226923906,0.1651461165118885,clean held-out test set (no pre-training detector reused),0.7070393374741201,0.1323630901636017,2.0
german_credit,edge_case_dropout,safety_critical_edge_case_coverage,0.4,3,0.4,0.25,0.25,medium,tabular,loan_finance,safety_critical_edge_case_coverage,physical_safety,logreg,750,250,fraction,0.7565714285714286,0.08109850159666974,0.18044992129508391,clean held-out test set (no pre-training detector reused),0.7091097308488613,0.03785572199894449,2.0
german_credit,edge_case_dropout,safety_critical_edge_case_coverage,0.4,3,0.4,0.25,0.25,medium,tabular,loan_finance,safety_critical_edge_case_coverage,physical_safety,xgboost,750,250,fraction,0.7555809523809525,0.10114660292700864,0.186049941487299,clean held-out test set (no pre-training detector reused),0.7581699346405228,0.02650915438639223,2.0
german_credit,edge_case_dropout,safety_critical_edge_case_coverage,0.0,4,0.0,0.1,0.25,medium,tabular,loan_finance,safety_critical_edge_case_coverage,physical_safety,logreg,750,250,fraction,0.7735619047619049,0.0512879745803525,0.17246571957988965,clean held-out test set (no pre-training detector reused),0.7747641509433962,0.010950134770889575,2.0
german_credit,edge_case_dropout,safety_critical_edge_case_coverage,0.0,4,0.0,0.1,0.25,medium,tabular,loan_finance,safety_critical_edge_case_coverage,physical_safety,xgboost,750,250,fraction,0.7880380952380952,0.08629479375295342,0.17108031341340013,clean held-out test set (no pre-training detector reused),0.7983490566037735,0.0781390386343217,2.0
german_credit,edge_case_dropout,safety_critical_edge_case_coverage,0.03,4,0.0300957592339261,0.1,0.25,medium,tabular,loan_finance,safety_critical_edge_case_coverage,physical_safety,logreg,750,250,fraction,0.7746285714285714,0.06010280422453458,0.1725972116020018,clean held-out test set (no pre-training detector reused),0.7767857142857142,0.0038746630727763964,2.0
german_credit,edge_case_dropout,safety_critical_edge_case_coverage,0.03,4,0.0300957592339261,0.1,0.25,medium,tabular,loan_finance,safety_critical_edge_case_coverage,physical_safety,xgboost,750,250,fraction,0.7863619047619047,0.10031375490128996,0.1745623911032283,clean held-out test set (no pre-training detector reused),0.8030660377358491,0.06300539083557954,2.0
german_credit,edge_case_dropout,safety_critical_edge_case_coverage,0.05,4,0.0506155950752394,0.1,0.25,medium,tabular,loan_finance,safety_critical_edge_case_coverage,physical_safety,logreg,750,250,fraction,0.7709714285714285,0.06319319222789772,0.17412690913905923,clean held-out test set (no pre-training detector reused),0.7827380952380952,0.004997753818508643,2.0
german_credit,edge_case_dropout,safety_critical_edge_case_coverage,0.05,4,0.0506155950752394,0.1,0.25,medium,tabular,loan_finance,safety_critical_edge_case_coverage,physical_safety,xgboost,750,250,fraction,0.803047619047619,0.08487074680416845,0.16592054173749426,clean held-out test set (no pre-training detector reused),0.7924528301886793,0.10040431266846361,2.0
german_credit,edge_case_dropout,safety_critical_edge_case_coverage,0.1,4,0.0998632010943912,0.1125,0.25,medium,tabular,loan_finance,safety_critical_edge_case_coverage,physical_safety,logreg,750,250,fraction,0.7731809523809523,0.0703272048544287,0.17232298577775154,clean held-out test set (no pre-training detector reused),0.7771226415094339,0.010079739442947044,2.0
german_credit,edge_case_dropout,safety_critical_edge_case_coverage,0.1,4,0.0998632010943912,0.1125,0.25,medium,tabular,loan_finance,safety_critical_edge_case_coverage,physical_safety,xgboost,750,250,fraction,0.7547428571428572,0.11175257730227899,0.1869301034761599,clean held-out test set (no pre-training detector reused),0.7393867924528301,0.09841082659478895,2.0
german_credit,edge_case_dropout,safety_critical_edge_case_coverage,0.2,4,0.1997264021887825,0.1687499999999999,0.25,medium,tabular,loan_finance,safety_critical_edge_case_coverage,physical_safety,logreg,750,250,fraction,0.7788952380952382,0.06406757427358264,0.17282233310007292,clean held-out test set (no pre-training detector reused),0.7783018867924528,0.008900494159928218,2.0
german_credit,edge_case_dropout,safety_critical_edge_case_coverage,0.2,4,0.1997264021887825,0.1687499999999999,0.25,medium,tabular,loan_finance,safety_critical_edge_case_coverage,physical_safety,xgboost,750,250,fraction,0.7920761904761905,0.0780406145894667,0.17234413996995332,clean held-out test set (no pre-training detector reused),0.8325471698113208,0.018643306379155455,2.0
german_credit,edge_case_dropout,safety_critical_edge_case_coverage,0.3,4,0.2995896032831737,0.175,0.25,medium,tabular,loan_finance,safety_critical_edge_case_coverage,physical_safety,logreg,750,250,fraction,0.7584761904761905,0.08629394907824914,0.1812051271951831,clean held-out test set (no pre-training detector reused),0.7334905660377358,0.029902291105121437,2.0
german_credit,edge_case_dropout,safety_critical_edge_case_coverage,0.3,4,0.2995896032831737,0.175,0.25,medium,tabular,loan_finance,safety_critical_edge_case_coverage,physical_safety,xgboost,750,250,fraction,0.7627428571428572,0.08869285643138572,0.17954186222776566,clean held-out test set (no pre-training detector reused),0.7558962264150944,0.040234725965857976,2.0
german_credit,edge_case_dropout,safety_critical_edge_case_coverage,0.4,4,0.399452804377565,0.21875,0.25,medium,tabular,loan_finance,safety_critical_edge_case_coverage,physical_safety,logreg,750,250,fraction,0.7520000000000001,0.08141702935230434,0.1855556783352499,clean held-out test set (no pre-training detector reused),0.7735849056603774,0.007665094339622591,2.0
german_credit,edge_case_dropout,safety_critical_edge_case_coverage,0.4,4,0.399452804377565,0.21875,0.25,medium,tabular,loan_finance,safety_critical_edge_case_coverage,physical_safety,xgboost,750,250,fraction,0.7424000000000001,0.10734682853939012,0.18706549489439273,clean held-out test set (no pre-training detector reused),0.7299528301886793,0.08701145552560641,2.0
german_credit,label_flip,label_integrity,0.0,0,0.0,0.3200480842851271,0.1,medium,tabular,loan_finance,label_integrity,content_safety,logreg,750,250,fraction,0.7954285714285715,0.08071770514694288,0.16646575608556138,clean held-out test set (no pre-training detector reused),0.777056277056277,0.050674815380697735,3.0
german_credit,label_flip,label_integrity,0.0,0,0.0,0.3200480842851271,0.1,medium,tabular,loan_finance,label_integrity,content_safety,xgboost,750,250,fraction,0.7779047619047619,0.10128037218353712,0.17457983527022133,clean held-out test set (no pre-training detector reused),0.722943722943723,0.05681818181818166,3.0
german_credit,label_flip,label_integrity,0.03,0,0.0293333333333333,0.3484717960161788,0.1,medium,tabular,loan_finance,label_integrity,content_safety,logreg,750,250,fraction,0.7890285714285713,0.058324557178460995,0.16595935118311203,clean held-out test set (no pre-training detector reused),0.7683982683982684,0.046727782021899644,3.0
german_credit,label_flip,label_integrity,0.03,0,0.0293333333333333,0.3484717960161788,0.1,medium,tabular,loan_finance,label_integrity,content_safety,xgboost,750,250,fraction,0.7468952380952381,0.10493126577418296,0.18265769623983766,clean held-out test set (no pre-training detector reused),0.6428571428571428,0.12996031746031755,3.0
german_credit,label_flip,label_integrity,0.05,0,0.0506666666666666,0.3616734556806576,0.1,medium,tabular,loan_finance,label_integrity,content_safety,logreg,750,250,fraction,0.7722666666666667,0.05785423563752395,0.1726734792434403,clean held-out test set (no pre-training detector reused),0.7100840336134454,0.10737628384687203,3.0
german_credit,label_flip,label_integrity,0.05,0,0.0506666666666666,0.3616734556806576,0.1,medium,tabular,loan_finance,label_integrity,content_safety,xgboost,750,250,fraction,0.7436190476190476,0.07596893314644694,0.17877876467674503,clean held-out test set (no pre-training detector reused),0.6218487394957983,0.1618814192343604,3.0
german_credit,label_flip,label_integrity,0.1,0,0.1,0.3736254066338927,0.1,medium,tabular,loan_finance,label_integrity,content_safety,logreg,750,250,fraction,0.7756952380952381,0.07784051544407349,0.16893876921253317,clean held-out test set (no pre-training detector reused),0.7647058823529411,0.04481792717086841,3.0
german_credit,label_flip,label_integrity,0.1,0,0.1,0.3736254066338927,0.1,medium,tabular,loan_finance,label_integrity,content_safety,xgboost,750,250,fraction,0.7129904761904762,0.10850359766697512,0.19829112729996784,clean held-out test set (no pre-training detector reused),0.6688311688311689,0.06033549783549774,3.0
german_credit,label_flip,label_integrity,0.2,0,0.2,0.4385835931289103,0.1,medium,tabular,loan_finance,label_integrity,content_safety,logreg,750,250,fraction,0.7015619047619047,0.07962070993310205,0.1950216390668151,clean held-out test set (no pre-training detector reused),0.5714285714285714,0.17559523809523814,3.0
german_credit,label_flip,label_integrity,0.2,0,0.2,0.4385835931289103,0.1,medium,tabular,loan_finance,label_integrity,content_safety,xgboost,750,250,fraction,0.6377904761904762,0.11890610473230483,0.22379403610227508,clean held-out test set (no pre-training detector reused),0.5630252100840336,0.1234827264239029,3.0
german_credit,label_flip,label_integrity,0.3,0,0.3,0.4724371382162104,0.1,medium,tabular,loan_finance,label_integrity,content_safety,logreg,750,250,fraction,0.7264,0.11437727255833613,0.19471642913002052,clean held-out test set (no pre-training detector reused),0.7410714285714286,0.031655844155844104,3.0
german_credit,label_flip,label_integrity,0.3,0,0.3,0.4724371382162104,0.1,medium,tabular,loan_finance,label_integrity,content_safety,xgboost,750,250,fraction,0.5347809523809524,0.17786315035074948,0.2647768349823216,clean held-out test set (no pre-training detector reused),0.4831932773109244,0.0912114845938376,3.0
german_credit,label_flip,label_integrity,0.4,0,0.4,0.4853134662851895,0.1,medium,tabular,loan_finance,label_integrity,content_safety,logreg,750,250,fraction,0.6027428571428571,0.19490650716731403,0.24886935205799143,clean held-out test set (no pre-training detector reused),0.5129870129870131,0.16856060606060597,3.0
german_credit,label_flip,label_integrity,0.4,0,0.4,0.4853134662851895,0.1,medium,tabular,loan_finance,label_integrity,content_safety,xgboost,750,250,fraction,0.6129523809523809,0.21129566171765327,0.2540113182223991,clean held-out test set (no pre-training detector reused),0.5346320346320346,0.11318542568542578,3.0
german_credit,label_flip,label_integrity,0.0,1,0.0,0.3087041517547352,0.1,medium,tabular,loan_finance,label_integrity,content_safety,logreg,750,250,fraction,0.7891047619047619,0.07739500909516561,0.16939314698575889,clean held-out test set (no pre-training detector reused),0.7904761904761906,0.08644688644688647,3.0
german_credit,label_flip,label_integrity,0.0,1,0.0,0.3087041517547352,0.1,medium,tabular,loan_finance,label_integrity,content_safety,xgboost,750,250,fraction,0.7904,0.08267878722422756,0.1717463770151465,clean held-out test set (no pre-training detector reused),0.7964497041420118,0.030534422842115272,3.0
german_credit,label_flip,label_integrity,0.03,1,0.0293333333333333,0.3262958587659275,0.1,medium,tabular,loan_finance,label_integrity,content_safety,logreg,750,250,fraction,0.7760000000000001,0.0821885852287273,0.17383966252197566,clean held-out test set (no pre-training detector reused),0.7761904761904762,0.0924485770639617,3.0
german_credit,label_flip,label_integrity,0.03,1,0.0293333333333333,0.3262958587659275,0.1,medium,tabular,loan_finance,label_integrity,content_safety,xgboost,750,250,fraction,0.7891047619047619,0.07752789344871415,0.16922609454297735,clean held-out test set (no pre-training detector reused),0.8390532544378698,0.018089602704987384,3.0
german_credit,label_flip,label_integrity,0.05,1,0.0506666666666666,0.3460389204560188,0.1,medium,tabular,loan_finance,label_integrity,content_safety,logreg,750,250,fraction,0.7648761904761905,0.0490904428005773,0.17598661711985533,clean held-out test set (no pre-training detector reused),0.7777777777777778,0.06837606837606836,3.0
german_credit,label_flip,label_integrity,0.05,1,0.0506666666666666,0.3460389204560188,0.1,medium,tabular,loan_finance,label_integrity,content_safety,xgboost,750,250,fraction,0.7792,0.08245319389179348,0.1702833256889701,clean held-out test set (no pre-training detector reused),0.7278106508875739,0.16229923922231626,3.0
german_credit,label_flip,label_integrity,0.1,1,0.1,0.4009400303716272,0.1,medium,tabular,loan_finance,label_integrity,content_safety,logreg,750,250,fraction,0.730895238095238,0.08619160846097008,0.1904183047297022,clean held-out test set (no pre-training detector reused),0.7095238095238096,0.09520991828684144,3.0
german_credit,label_flip,label_integrity,0.1,1,0.1,0.4009400303716272,0.1,medium,tabular,loan_finance,label_integrity,content_safety,xgboost,750,250,fraction,0.7491047619047619,0.07799574647285043,0.1815317366698177,clean held-out test set (no pre-training detector reused),0.7507936507936508,0.051404151404151444,3.0
german_credit,label_flip,label_integrity,0.2,1,0.2,0.4226013688816597,0.1,medium,tabular,loan_finance,label_integrity,content_safety,logreg,750,250,fraction,0.7830095238095238,0.10977542677613886,0.18234884510316876,clean held-out test set (no pre-training detector reused),0.738095238095238,0.14474499859115242,3.0
german_credit,label_flip,label_integrity,0.2,1,0.2,0.4226013688816597,0.1,medium,tabular,loan_finance,label_integrity,content_safety,xgboost,750,250,fraction,0.7658666666666667,0.0964325610399246,0.17829799722122464,clean held-out test set (no pre-training detector reused),0.7242603550295859,0.11090448013524934,3.0
german_credit,label_flip,label_integrity,0.3,1,0.3,0.4787799070357084,0.1,medium,tabular,loan_finance,label_integrity,content_safety,logreg,750,250,fraction,0.6889142857142857,0.1448944529009206,0.21293749008611618,clean held-out test set (no pre-training detector reused),0.7238095238095238,0.05962242885319813,3.0
german_credit,label_flip,label_integrity,0.3,1,0.3,0.4787799070357084,0.1,medium,tabular,loan_finance,label_integrity,content_safety,xgboost,750,250,fraction,0.6412190476190476,0.1614550427850336,0.23304876043129058,clean held-out test set (no pre-training detector reused),0.6142011834319526,0.15502958579881665,3.0
german_credit,label_flip,label_integrity,0.4,1,0.4,0.4893038644918954,0.1,medium,tabular,loan_finance,label_integrity,content_safety,logreg,750,250,fraction,0.6473904761904762,0.14950496634236363,0.22377492840646884,clean held-out test set (no pre-training detector reused),0.5604395604395604,0.17448107448107453,3.0
german_credit,label_flip,label_integrity,0.4,1,0.4,0.4893038644918954,0.1,medium,tabular,loan_finance,label_integrity,content_safety,xgboost,750,250,fraction,0.5540571428571428,0.1946668831855059,0.2641157637459088,clean held-out test set (no pre-training detector reused),0.5201465201465202,0.1512820512820512,3.0
german_credit,label_flip,label_integrity,0.0,2,0.0,0.316807656935905,0.1,medium,tabular,loan_finance,label_integrity,content_safety,logreg,750,250,fraction,0.7609142857142858,0.08076451236633456,0.17691248204051446,clean held-out test set (no pre-training detector reused),0.74,0.06905752753977967,3.0
german_credit,label_flip,label_integrity,0.0,2,0.0,0.316807656935905,0.1,medium,tabular,loan_finance,label_integrity,content_safety,xgboost,750,250,fraction,0.7735619047619048,0.11325770493992604,0.17975877021140138,clean held-out test set (no pre-training detector reused),0.6727272727272727,0.16815400022254368,3.0
german_credit,label_flip,label_integrity,0.03,2,0.0293333333333333,0.3359000537788132,0.1,medium,tabular,loan_finance,label_integrity,content_safety,logreg,750,250,fraction,0.7568,0.06599601089835294,0.1765887009738522,clean held-out test set (no pre-training detector reused),0.7318181818181818,0.04296761989540443,3.0
german_credit,label_flip,label_integrity,0.03,2,0.0293333333333333,0.3359000537788132,0.1,medium,tabular,loan_finance,label_integrity,content_safety,xgboost,750,250,fraction,0.7472,0.1064966485351324,0.18304636951642428,clean held-out test set (no pre-training detector reused),0.6363636363636364,0.15800600867920334,3.0
german_credit,label_flip,label_integrity,0.05,2,0.0506666666666666,0.3343224653450095,0.1,medium,tabular,loan_finance,label_integrity,content_safety,logreg,750,250,fraction,0.7631238095238095,0.05872544091583751,0.175039204153801,clean held-out test set (no pre-training detector reused),0.7309090909090908,0.0671325247579837,3.0
german_credit,label_flip,label_integrity,0.05,2,0.0506666666666666,0.3343224653450095,0.1,medium,tabular,loan_finance,label_integrity,content_safety,xgboost,750,250,fraction,0.7649523809523809,0.10185696794185788,0.18125804512721935,clean held-out test set (no pre-training detector reused),0.6727272727272727,0.1277623233559586,3.0
german_credit,label_flip,label_integrity,0.1,2,0.1,0.3939568695519589,0.1,medium,tabular,loan_finance,label_integrity,content_safety,logreg,750,250,fraction,0.7300571428571428,0.07814192042418427,0.18671850188707304,clean held-out test set (no pre-training detector reused),0.7018181818181819,0.07786358072771771,3.0
german_credit,label_flip,label_integrity,0.1,2,0.1,0.3939568695519589,0.1,medium,tabular,loan_finance,label_integrity,content_safety,xgboost,750,250,fraction,0.7105523809523809,0.10308715400844813,0.19820153909296476,clean held-out test set (no pre-training detector reused),0.5181818181818182,0.28230777790141315,3.0
german_credit,label_flip,label_integrity,0.2,2,0.2,0.4361604500015718,0.1,medium,tabular,loan_finance,label_integrity,content_safety,logreg,750,250,fraction,0.7539047619047619,0.07005289887196049,0.1792851389656365,clean held-out test set (no pre-training detector reused),0.7372727272727273,0.049090909090909074,3.0
german_credit,label_flip,label_integrity,0.2,2,0.2,0.4361604500015718,0.1,medium,tabular,loan_finance,label_integrity,content_safety,xgboost,750,250,fraction,0.718552380952381,0.08077876935899259,0.18785908003422747,clean held-out test set (no pre-training detector reused),0.5909090909090908,0.19611661288527882,3.0
german_credit,label_flip,label_integrity,0.3,2,0.3,0.4770463719742165,0.1,medium,tabular,loan_finance,label_integrity,content_safety,logreg,750,250,fraction,0.700952380952381,0.13733825599745542,0.20845964097454794,clean held-out test set (no pre-training detector reused),0.6281818181818182,0.14660398353176807,3.0
german_credit,label_flip,label_integrity,0.3,2,0.3,0.4770463719742165,0.1,medium,tabular,loan_finance,label_integrity,content_safety,xgboost,750,250,fraction,0.6467047619047619,0.15305789306387305,0.22501043437412,clean held-out test set (no pre-training detector reused),0.5181818181818182,0.15011683542895293,3.0
german_credit,label_flip,label_integrity,0.4,2,0.4,0.5054209634927492,0.1,medium,tabular,loan_finance,label_integrity,content_safety,logreg,750,250,fraction,0.6210285714285714,0.1607230953562248,0.22920105190853116,clean held-out test set (no pre-training detector reused),0.5709090909090909,0.10718148436630681,3.0
german_credit,label_flip,label_integrity,0.4,2,0.4,0.5054209634927492,0.1,medium,tabular,loan_finance,label_integrity,content_safety,xgboost,750,250,fraction,0.6209523809523809,0.17485943954437969,0.24476372599385784,clean held-out test set (no pre-training detector reused),0.4363636363636363,0.32740625347724495,3.0
german_credit,label_flip,label_integrity,0.0,3,0.0,0.3144201522808914,0.1,medium,tabular,loan_finance,label_integrity,content_safety,logreg,750,250,fraction,0.7828571428571429,0.06032472625532601,0.16712712266009214,clean held-out test set (no pre-training detector reused),0.7474120082815735,0.050907319449518984,2.0
german_credit,label_flip,label_integrity,0.0,3,0.0,0.3144201522808914,0.1,medium,tabular,loan_finance,label_integrity,content_safety,xgboost,750,250,fraction,0.7699809523809524,0.08226491963351144,0.17364471218340075,clean held-out test set (no pre-training detector reused),0.7422360248447205,0.10370235050541954,2.0
german_credit,label_flip,label_integrity,0.03,3,0.0293333333333333,0.3402617114322036,0.1,medium,tabular,loan_finance,label_integrity,content_safety,logreg,750,250,fraction,0.7770666666666667,0.06870584036109362,0.1688971685005978,clean held-out test set (no pre-training detector reused),0.7318840579710145,0.014147688060731523,2.0
german_credit,label_flip,label_integrity,0.03,3,0.0293333333333333,0.3402617114322036,0.1,medium,tabular,loan_finance,label_integrity,content_safety,xgboost,750,250,fraction,0.7222857142857143,0.0846316469218582,0.1899509286702669,clean held-out test set (no pre-training detector reused),0.6459627329192547,0.12901392441034387,2.0
german_credit,label_flip,label_integrity,0.05,3,0.0506666666666666,0.3546204498342552,0.1,medium,tabular,loan_finance,label_integrity,content_safety,logreg,750,250,fraction,0.7625904761904762,0.06608443262720957,0.1713286746603257,clean held-out test set (no pre-training detector reused),0.6966873706004141,0.13898022977306868,2.0
german_credit,label_flip,label_integrity,0.05,3,0.0506666666666666,0.3546204498342552,0.1,medium,tabular,loan_finance,label_integrity,content_safety,xgboost,750,250,fraction,0.7241142857142857,0.09317271250300109,0.1897850306340906,clean held-out test set (no pre-training detector reused),0.7370600414078675,0.0705963544838224,2.0
german_credit,label_flip,label_integrity,0.1,3,0.1,0.3807868376665126,0.1,medium,tabular,loan_finance,label_integrity,content_safety,logreg,750,250,fraction,0.7763809523809524,0.08791885049346436,0.17128772684762675,clean held-out test set (no pre-training detector reused),0.7391304347826088,0.011569845329436057,2.0
german_credit,label_flip,label_integrity,0.1,3,0.1,0.3807868376665126,0.1,medium,tabular,loan_finance,label_integrity,content_safety,xgboost,750,250,fraction,0.7275428571428572,0.08687179762870073,0.18808867091402925,clean held-out test set (no pre-training detector reused),0.7194616977225673,0.016299273332521458,2.0
german_credit,label_flip,label_integrity,0.2,3,0.2,0.4310765975093157,0.1,medium,tabular,loan_finance,label_integrity,content_safety,logreg,750,250,fraction,0.7347809523809524,0.09254505778175674,0.18953324072624173,clean held-out test set (no pre-training detector reused),0.6925465838509316,0.13938618925831203,2.0
german_credit,label_flip,label_integrity,0.2,3,0.2,0.4310765975093157,0.1,medium,tabular,loan_finance,label_integrity,content_safety,xgboost,750,250,fraction,0.6663619047619047,0.13966301637887954,0.21557212482530888,clean held-out test set (no pre-training detector reused),0.6345755693581779,0.06196971542240093,2.0
german_credit,label_flip,label_integrity,0.3,3,0.3,0.4754401382445316,0.1,medium,tabular,loan_finance,label_integrity,content_safety,logreg,750,250,fraction,0.6971428571428571,0.15519435565328035,0.21190961228766753,clean held-out test set (no pre-training detector reused),0.5900621118012421,0.11021800024357575,2.0
german_credit,label_flip,label_integrity,0.3,3,0.3,0.4754401382445316,0.1,medium,tabular,loan_finance,label_integrity,content_safety,xgboost,750,250,fraction,0.6352761904761904,0.15847333449870346,0.22960481117562753,clean held-out test set (no pre-training detector reused),0.5947712418300655,0.00046685340802976594,2.0
german_credit,label_flip,label_integrity,0.4,3,0.4,0.4824698507992507,0.1,medium,tabular,loan_finance,label_integrity,content_safety,logreg,750,250,fraction,0.5960380952380951,0.18824260000752305,0.24254155895515192,clean held-out test set (no pre-training detector reused),0.5579710144927537,0.1040271180936142,2.0
german_credit,label_flip,label_integrity,0.4,3,0.4,0.4824698507992507,0.1,medium,tabular,loan_finance,label_integrity,content_safety,xgboost,750,250,fraction,0.5632761904761905,0.1925813013762236,0.27051013836145477,clean held-out test set (no pre-training detector reused),0.5175983436853002,0.11638858441927502,2.0
german_credit,label_flip,label_integrity,0.0,4,0.0,0.3207494633799857,0.1,medium,tabular,loan_finance,label_integrity,content_safety,logreg,750,250,fraction,0.7735619047619049,0.0512879745803525,0.17246571957988965,clean held-out test set (no pre-training detector reused),0.7747641509433962,0.010950134770889575,2.0
german_credit,label_flip,label_integrity,0.0,4,0.0,0.3207494633799857,0.1,medium,tabular,loan_finance,label_integrity,content_safety,xgboost,750,250,fraction,0.7880380952380952,0.08629479375295342,0.17108031341340013,clean held-out test set (no pre-training detector reused),0.7983490566037735,0.0781390386343217,2.0
german_credit,label_flip,label_integrity,0.03,4,0.0293333333333333,0.3460457327599747,0.1,medium,tabular,loan_finance,label_integrity,content_safety,logreg,750,250,fraction,0.7730285714285715,0.06432453559853304,0.17171115496664044,clean held-out test set (no pre-training detector reused),0.7747641509433962,0.012438230008984696,2.0
german_credit,label_flip,label_integrity,0.03,4,0.0293333333333333,0.3460457327599747,0.1,medium,tabular,loan_finance,label_integrity,content_safety,xgboost,750,250,fraction,0.7630476190476191,0.09339993556030096,0.18211937245157275,clean held-out test set (no pre-training detector reused),0.7393867924528302,0.1237084456424079,2.0
german_credit,label_flip,label_integrity,0.05,4,0.0506666666666666,0.3568011585321881,0.1,medium,tabular,loan_finance,label_integrity,content_safety,logreg,750,250,fraction,0.7490285714285714,0.03578684760419574,0.17878645898872816,clean held-out test set (no pre-training detector reused),0.7511792452830188,0.013701707097933502,2.0
german_credit,label_flip,label_integrity,0.05,4,0.0506666666666666,0.3568011585321881,0.1,medium,tabular,loan_finance,label_integrity,content_safety,xgboost,750,250,fraction,0.7662476190476191,0.07944379881024362,0.17807632774361198,clean held-out test set (no pre-training detector reused),0.7558962264150944,0.09975853548966751,2.0
german_credit,label_flip,label_integrity,0.1,4,0.1,0.3909451818996441,0.1,medium,tabular,loan_finance,label_integrity,content_safety,logreg,750,250,fraction,0.772952380952381,0.07528888624276285,0.17417967752419178,clean held-out test set (no pre-training detector reused),0.7983490566037736,0.0037342767295597268,2.0
german_credit,label_flip,label_integrity,0.1,4,0.1,0.3909451818996441,0.1,medium,tabular,loan_finance,label_integrity,content_safety,xgboost,750,250,fraction,0.748647619047619,0.10118988821003586,0.18430167385148025,clean held-out test set (no pre-training detector reused),0.7782738095238095,2.807726864328952e-05,2.0
german_credit,label_flip,label_integrity,0.2,4,0.2,0.4369895487253695,0.1,medium,tabular,loan_finance,label_integrity,content_safety,logreg,750,250,fraction,0.7616761904761905,0.10411275484777954,0.1845816014461105,clean held-out test set (no pre-training detector reused),0.7857142857142857,0.05272911051212936,2.0
german_credit,label_flip,label_integrity,0.2,4,0.2,0.4369895487253695,0.1,medium,tabular,loan_finance,label_integrity,content_safety,xgboost,750,250,fraction,0.707352380952381,0.094536241594702,0.2023122180199751,clean held-out test set (no pre-training detector reused),0.7916666666666666,0.010220125786163492,2.0
german_credit,label_flip,label_integrity,0.3,4,0.3,0.4793897963401949,0.1,medium,tabular,loan_finance,label_integrity,content_safety,logreg,750,250,fraction,0.6317714285714287,0.12381141742797128,0.21748474160138015,clean held-out test set (no pre-training detector reused),0.6473214285714286,0.024848382749326103,2.0
german_credit,label_flip,label_integrity,0.3,4,0.3,0.4793897963401949,0.1,medium,tabular,loan_finance,label_integrity,content_safety,xgboost,750,250,fraction,0.5685333333333333,0.1701117821782827,0.24810351686329046,clean held-out test set (no pre-training detector reused),0.5163690476190477,0.03669699011680139,2.0
german_credit,label_flip,label_integrity,0.4,4,0.4,0.499754119505098,0.1,medium,tabular,loan_finance,label_integrity,content_safety,logreg,750,250,fraction,0.6809142857142858,0.1618142846130556,0.21947072782175417,clean held-out test set (no pre-training detector reused),0.712797619047619,0.043098607367475394,2.0
german_credit,label_flip,label_integrity,0.4,4,0.4,0.499754119505098,0.1,medium,tabular,loan_finance,label_integrity,content_safety,xgboost,750,250,fraction,0.5558095238095239,0.21045980457961558,0.27244396401203697,clean held-out test set (no pre-training detector reused),0.5342261904761905,0.13558513027852648,2.0
german_credit,subgroup_dropout,representation_imbalance,0.0,0,0.0,0.2833333333333333,0.2,medium,tabular,loan_finance,representation_imbalance,content_safety,logreg,750,250,fraction,0.7954285714285715,0.08071770514694288,0.16646575608556138,clean held-out test set (no pre-training detector reused),0.777056277056277,0.050674815380697735,3.0
german_credit,subgroup_dropout,representation_imbalance,0.0,0,0.0,0.2833333333333333,0.2,medium,tabular,loan_finance,representation_imbalance,content_safety,xgboost,750,250,fraction,0.7779047619047619,0.10128037218353712,0.17457983527022133,clean held-out test set (no pre-training detector reused),0.722943722943723,0.05681818181818166,3.0
german_credit,subgroup_dropout,representation_imbalance,0.03,0,0.034090909090909,0.2873333333333333,0.2,medium,tabular,loan_finance,representation_imbalance,content_safety,logreg,750,250,fraction,0.796495238095238,0.07725557493031185,0.16621115764985347,clean held-out test set (no pre-training detector reused),0.7792207792207793,0.04851031321619548,3.0
german_credit,subgroup_dropout,representation_imbalance,0.03,0,0.034090909090909,0.2873333333333333,0.2,medium,tabular,loan_finance,representation_imbalance,content_safety,xgboost,750,250,fraction,0.7754666666666667,0.10298136194143447,0.17402791040482646,clean held-out test set (no pre-training detector reused),0.696969696969697,0.08477633477633473,3.0
german_credit,subgroup_dropout,representation_imbalance,0.05,0,0.0454545454545454,0.2886666666666667,0.2,medium,tabular,loan_finance,representation_imbalance,content_safety,logreg,750,250,fraction,0.7950476190476191,0.07625045552405277,0.16673092131610462,clean held-out test set (no pre-training detector reused),0.7813852813852814,0.05054749172396222,3.0
german_credit,subgroup_dropout,representation_imbalance,0.05,0,0.0454545454545454,0.2886666666666667,0.2,medium,tabular,loan_finance,representation_imbalance,content_safety,xgboost,750,250,fraction,0.7704380952380954,0.09152873538667337,0.17930242667201945,clean held-out test set (no pre-training detector reused),0.7100840336134453,0.08654295051353889,3.0
german_credit,subgroup_dropout,representation_imbalance,0.1,0,0.1022727272727272,0.2953333333333333,0.2,medium,tabular,loan_finance,representation_imbalance,content_safety,logreg,750,250,fraction,0.7934476190476191,0.08447313880908214,0.16909836723221452,clean held-out test set (no pre-training detector reused),0.777056277056277,0.04834054834054846,3.0
german_credit,subgroup_dropout,representation_imbalance,0.1,0,0.1022727272727272,0.2953333333333333,0.2,medium,tabular,loan_finance,representation_imbalance,content_safety,xgboost,750,250,fraction,0.7584,0.10535344147402792,0.18219884113771118,clean held-out test set (no pre-training detector reused),0.6680672268907563,0.09482959850606909,3.0
german_credit,subgroup_dropout,representation_imbalance,0.2,0,0.2045454545454545,0.3073333333333333,0.2,medium,tabular,loan_finance,representation_imbalance,content_safety,logreg,750,250,fraction,0.7976380952380951,0.08205866274698827,0.166196377619246,clean held-out test set (no pre-training detector reused),0.7835497835497836,0.044181308887191184,3.0
german_credit,subgroup_dropout,representation_imbalance,0.2,0,0.2045454545454545,0.3073333333333333,0.2,medium,tabular,loan_finance,representation_imbalance,content_safety,xgboost,750,250,fraction,0.7820952380952381,0.09289762532769237,0.1716986302937986,clean held-out test set (no pre-training detector reused),0.676470588235294,0.13801353874883293,3.0
german_credit,subgroup_dropout,representation_imbalance,0.3,0,0.2954545454545454,0.318,0.2,medium,tabular,loan_finance,representation_imbalance,content_safety,logreg,750,250,fraction,0.7988571428571428,0.07065819481523211,0.16368990995568472,clean held-out test set (no pre-training detector reused),0.7857142857142857,0.04621848739495804,3.0
german_credit,subgroup_dropout,representation_imbalance,0.3,0,0.2954545454545454,0.318,0.2,medium,tabular,loan_finance,representation_imbalance,content_safety,xgboost,750,250,fraction,0.7776,0.09481331383460201,0.17105137170076729,clean held-out test set (no pre-training detector reused),0.7207792207792207,0.08973665223665228,3.0
german_credit,subgroup_dropout,representation_imbalance,0.4,0,0.3977272727272727,0.3299999999999999,0.2,medium,tabular,loan_finance,representation_imbalance,content_safety,logreg,750,250,fraction,0.7883428571428571,0.08003690344813416,0.16953224185911214,clean held-out test set (no pre-training detector reused),0.7554112554112554,0.05131143366437485,3.0
german_credit,subgroup_dropout,representation_imbalance,0.4,0,0.3977272727272727,0.3299999999999999,0.2,medium,tabular,loan_finance,representation_imbalance,content_safety,xgboost,750,250,fraction,0.7733333333333332,0.0898370739328675,0.17845090358212967,clean held-out test set (no pre-training detector reused),0.6932773109243697,0.09243697478991597,3.0
german_credit,subgroup_dropout,representation_imbalance,0.0,1,0.0,0.278,0.2,medium,tabular,loan_finance,representation_imbalance,content_safety,logreg,750,250,fraction,0.7891047619047619,0.07739500909516561,0.16939314698575889,clean held-out test set (no pre-training detector reused),0.7904761904761906,0.08644688644688647,3.0
german_credit,subgroup_dropout,representation_imbalance,0.0,1,0.0,0.278,0.2,medium,tabular,loan_finance,representation_imbalance,content_safety,xgboost,750,250,fraction,0.7904,0.08267878722422756,0.1717463770151465,clean held-out test set (no pre-training detector reused),0.7964497041420118,0.030534422842115272,3.0
german_credit,subgroup_dropout,representation_imbalance,0.03,1,0.0240963855421686,0.2806666666666667,0.2,medium,tabular,loan_finance,representation_imbalance,content_safety,logreg,750,250,fraction,0.7894857142857143,0.06876354595730974,0.16927711191605038,clean held-out test set (no pre-training detector reused),0.7904761904761906,0.08526345449422368,3.0
german_credit,subgroup_dropout,representation_imbalance,0.03,1,0.0240963855421686,0.2806666666666667,0.2,medium,tabular,loan_finance,representation_imbalance,content_safety,xgboost,750,250,fraction,0.7926857142857143,0.08330385159514844,0.16915593687588618,clean held-out test set (no pre-training detector reused),0.8035502958579882,0.01696252465483228,3.0
german_credit,subgroup_dropout,representation_imbalance,0.05,1,0.0481927710843373,0.2833333333333334,0.2,medium,tabular,loan_finance,representation_imbalance,content_safety,logreg,750,250,fraction,0.7887238095238096,0.06291506851187273,0.16957245229057674,clean held-out test set (no pre-training detector reused),0.7841269841269841,0.09161266084343023,3.0
german_credit,subgroup_dropout,representation_imbalance,0.05,1,0.0481927710843373,0.2833333333333334,0.2,medium,tabular,loan_finance,representation_imbalance,content_safety,xgboost,750,250,fraction,0.7908571428571428,0.08447586894733831,0.16958771886269733,clean held-out test set (no pre-training detector reused),0.7881656804733728,0.08362919132149904,3.0
german_credit,subgroup_dropout,representation_imbalance,0.1,1,0.0963855421686747,0.2886666666666667,0.2,medium,tabular,loan_finance,representation_imbalance,content_safety,logreg,750,250,fraction,0.7865142857142857,0.07976664586505752,0.1705758594747982,clean held-out test set (no pre-training detector reused),0.7936507936507937,0.07853855546163235,3.0
german_credit,subgroup_dropout,representation_imbalance,0.1,1,0.0963855421686747,0.2886666666666667,0.2,medium,tabular,loan_finance,representation_imbalance,content_safety,xgboost,750,250,fraction,0.7904761904761904,0.07601124402368441,0.16957315710739368,clean held-out test set (no pre-training detector reused),0.7692307692307693,0.07326007326007322,3.0
german_credit,subgroup_dropout,representation_imbalance,0.2,1,0.2048192771084337,0.3006666666666667,0.2,medium,tabular,loan_finance,representation_imbalance,content_safety,logreg,750,250,fraction,0.7908571428571428,0.06910753161803415,0.16860060427868667,clean held-out test set (no pre-training detector reused),0.7952380952380953,0.08050154973231893,3.0
german_credit,subgroup_dropout,representation_imbalance,0.2,1,0.2048192771084337,0.3006666666666667,0.2,medium,tabular,loan_finance,representation_imbalance,content_safety,xgboost,750,250,fraction,0.7809523809523811,0.10797851576493123,0.17545799733367656,clean held-out test set (no pre-training detector reused),0.7715976331360946,0.08920822766976622,3.0
german_credit,subgroup_dropout,representation_imbalance,0.3,1,0.3012048192771084,0.3113333333333333,0.2,medium,tabular,loan_finance,representation_imbalance,content_safety,logreg,750,250,fraction,0.7913142857142856,0.07279811654202381,0.16838866663618324,clean held-out test set (no pre-training detector reused),0.7793650793650794,0.09992486146332302,3.0
german_credit,subgroup_dropout,representation_imbalance,0.3,1,0.3012048192771084,0.3113333333333333,0.2,medium,tabular,loan_finance,representation_imbalance,content_safety,xgboost,750,250,fraction,0.7885714285714287,0.07819136301707477,0.17326863315007301,clean held-out test set (no pre-training detector reused),0.7940828402366864,0.04840800225415609,3.0
german_credit,subgroup_dropout,representation_imbalance,0.4,1,0.3975903614457831,0.322,0.2,medium,tabular,loan_finance,representation_imbalance,content_safety,logreg,750,250,fraction,0.7955047619047619,0.07750957632861304,0.16728700671272587,clean held-out test set (no pre-training detector reused),0.7841269841269842,0.09161266084343012,3.0
german_credit,subgroup_dropout,representation_imbalance,0.4,1,0.3975903614457831,0.322,0.2,medium,tabular,loan_finance,representation_imbalance,content_safety,xgboost,750,250,fraction,0.7907809523809524,0.0789941534101963,0.16948911274758072,clean held-out test set (no pre-training detector reused),0.8071005917159764,0.03539025077486613,3.0
german_credit,subgroup_dropout,representation_imbalance,0.0,2,0.0,0.274,0.2,medium,tabular,loan_finance,representation_imbalance,content_safety,logreg,750,250,fraction,0.7609142857142858,0.08076451236633456,0.17691248204051446,clean held-out test set (no pre-training detector reused),0.74,0.06905752753977967,3.0
german_credit,subgroup_dropout,representation_imbalance,0.0,2,0.0,0.274,0.2,medium,tabular,loan_finance,representation_imbalance,content_safety,xgboost,750,250,fraction,0.7735619047619048,0.11325770493992604,0.17975877021140138,clean held-out test set (no pre-training detector reused),0.6727272727272727,0.16815400022254368,3.0
german_credit,subgroup_dropout,representation_imbalance,0.03,2,0.0348837209302325,0.278,0.2,medium,tabular,loan_finance,representation_imbalance,content_safety,logreg,750,250,fraction,0.7584000000000001,0.07975532723561693,0.17877986798074919,clean held-out test set (no pre-training detector reused),0.7354545454545455,0.06136308000445079,3.0
german_credit,subgroup_dropout,representation_imbalance,0.03,2,0.0348837209302325,0.278,0.2,medium,tabular,loan_finance,representation_imbalance,content_safety,xgboost,750,250,fraction,0.7709714285714285,0.10656348480610175,0.18086568714929557,clean held-out test set (no pre-training detector reused),0.6272727272727272,0.21116056526093252,3.0
german_credit,subgroup_dropout,representation_imbalance,0.05,2,0.0465116279069767,0.2793333333333333,0.2,medium,tabular,loan_finance,representation_imbalance,content_safety,logreg,750,250,fraction,0.7610666666666667,0.07096723419501091,0.1770457544155604,clean held-out test set (no pre-training detector reused),0.7372727272727273,0.06688883943473911,3.0
german_credit,subgroup_dropout,representation_imbalance,0.05,2,0.0465116279069767,0.2793333333333333,0.2,medium,tabular,loan_finance,representation_imbalance,content_safety,xgboost,750,250,fraction,0.7795809523809525,0.0951170823604334,0.1758083352465552,clean held-out test set (no pre-training detector reused),0.6681818181818181,0.175147435184155,3.0
german_credit,subgroup_dropout,representation_imbalance,0.1,2,0.1046511627906976,0.286,0.2,medium,tabular,loan_finance,representation_imbalance,content_safety,logreg,750,250,fraction,0.7622095238095238,0.0712871915143022,0.1776937872707458,clean held-out test set (no pre-training detector reused),0.7327272727272727,0.07633025481250699,3.0
german_credit,subgroup_dropout,representation_imbalance,0.1,2,0.1046511627906976,0.286,0.2,medium,tabular,loan_finance,representation_imbalance,content_safety,xgboost,750,250,fraction,0.7597714285714287,0.11112079789652489,0.18561188208401644,clean held-out test set (no pre-training detector reused),0.6499999999999999,0.1896572827417382,3.0
german_credit,subgroup_dropout,representation_imbalance,0.2,2,0.1976744186046511,0.2966666666666666,0.2,medium,tabular,loan_finance,representation_imbalance,content_safety,logreg,750,250,fraction,0.7676952380952381,0.07014411327849968,0.17373438718870068,clean held-out test set (no pre-training detector reused),0.7336363636363636,0.08643707577612103,3.0
german_credit,subgroup_dropout,representation_imbalance,0.2,2,0.1976744186046511,0.2966666666666666,0.2,medium,tabular,loan_finance,representation_imbalance,content_safety,xgboost,750,250,fraction,0.7778285714285713,0.09778287682076917,0.17661413337758775,clean held-out test set (no pre-training detector reused),0.6909090909090909,0.1609880939134305,3.0
german_credit,subgroup_dropout,representation_imbalance,0.3,2,0.3023255813953488,0.3086666666666666,0.2,medium,tabular,loan_finance,representation_imbalance,content_safety,logreg,750,250,fraction,0.7662476190476191,0.09359448116260874,0.17602230770809535,clean held-out test set (no pre-training detector reused),0.7227272727272727,0.10346611772560377,3.0
german_credit,subgroup_dropout,representation_imbalance,0.3,2,0.3023255813953488,0.3086666666666666,0.2,medium,tabular,loan_finance,representation_imbalance,content_safety,xgboost,750,250,fraction,0.7727238095238095,0.1032062368430197,0.17800858278380655,clean held-out test set (no pre-training detector reused),0.6409090909090909,0.20731612328919558,3.0
german_credit,subgroup_dropout,representation_imbalance,0.4,2,0.3953488372093023,0.3193333333333333,0.2,medium,tabular,loan_finance,representation_imbalance,content_safety,logreg,750,250,fraction,0.7615238095238095,0.09350590535261238,0.1761767455742446,clean held-out test set (no pre-training detector reused),0.7236363636363636,0.09521308556804264,3.0
german_credit,subgroup_dropout,representation_imbalance,0.4,2,0.3953488372093023,0.3193333333333333,0.2,medium,tabular,loan_finance,representation_imbalance,content_safety,xgboost,750,250,fraction,0.7676190476190476,0.11363035119720735,0.18179208865354465,clean held-out test set (no pre-training detector reused),0.6727272727272728,0.15713808834983856,3.0
german_credit,subgroup_dropout,representation_imbalance,0.0,3,0.0,0.2566666666666666,0.2,medium,tabular,loan_finance,representation_imbalance,content_safety,logreg,750,250,fraction,0.7828571428571429,0.06032472625532601,0.16712712266009214,clean held-out test set (no pre-training detector reused),0.7474120082815735,0.050907319449518984,2.0
german_credit,subgroup_dropout,representation_imbalance,0.0,3,0.0,0.2566666666666666,0.2,medium,tabular,loan_finance,representation_imbalance,content_safety,xgboost,750,250,fraction,0.7699809523809524,0.08226491963351144,0.17364471218340075,clean held-out test set (no pre-training detector reused),0.7422360248447205,0.10370235050541954,2.0
german_credit,subgroup_dropout,representation_imbalance,0.03,3,0.0326086956521739,0.2606666666666666,0.2,medium,tabular,loan_finance,representation_imbalance,content_safety,logreg,750,250,fraction,0.7824,0.052070924249418685,0.16753529771806477,clean held-out test set (no pre-training detector reused),0.7453416149068323,0.05204400600820047,2.0
german_credit,subgroup_dropout,representation_imbalance,0.03,3,0.0326086956521739,0.2606666666666666,0.2,medium,tabular,loan_finance,representation_imbalance,content_safety,xgboost,750,250,fraction,0.7765333333333334,0.07384572620689868,0.17058659147639008,clean held-out test set (no pre-training detector reused),0.7826086956521738,0.049324077457069904,2.0
german_credit,subgroup_dropout,representation_imbalance,0.05,3,0.0543478260869565,0.2633333333333333,0.2,medium,tabular,loan_finance,representation_imbalance,content_safety,logreg,750,250,fraction,0.7797333333333334,0.04090801703761136,0.1684677956126036,clean held-out test set (no pre-training detector reused),0.7298136645962733,0.07130678358299847,2.0
german_credit,subgroup_dropout,representation_imbalance,0.05,3,0.0543478260869565,0.2633333333333333,0.2,medium,tabular,loan_finance,representation_imbalance,content_safety,xgboost,750,250,fraction,0.7693714285714286,0.08021902571385726,0.17517235547338814,clean held-out test set (no pre-training detector reused),0.7587991718426501,0.08900661713960956,2.0
german_credit,subgroup_dropout,representation_imbalance,0.1,3,0.0978260869565217,0.2686666666666666,0.2,medium,tabular,loan_finance,representation_imbalance,content_safety,logreg,750,250,fraction,0.7841523809523809,0.0426183713444443,0.16679871347319297,clean held-out test set (no pre-training detector reused),0.7432712215320911,0.045711038038403706,2.0
german_credit,subgroup_dropout,representation_imbalance,0.1,3,0.0978260869565217,0.2686666666666666,0.2,medium,tabular,loan_finance,representation_imbalance,content_safety,xgboost,750,250,fraction,0.7846095238095238,0.08018304841592905,0.16863838179259255,clean held-out test set (no pre-training detector reused),0.7494824016563146,0.10299192140624369,2.0
german_credit,subgroup_dropout,representation_imbalance,0.2,3,0.1956521739130435,0.2806666666666667,0.2,medium,tabular,loan_finance,representation_imbalance,content_safety,logreg,750,250,fraction,0.7840000000000001,0.06124359482523913,0.1662031351081027,clean held-out test set (no pre-training detector reused),0.7474120082815734,0.049039905817399476,2.0
german_credit,subgroup_dropout,representation_imbalance,0.2,3,0.1956521739130435,0.2806666666666667,0.2,medium,tabular,loan_finance,representation_imbalance,content_safety,xgboost,750,250,fraction,0.7722666666666667,0.07933217252232136,0.17360009896750594,clean held-out test set (no pre-training detector reused),0.769151138716356,0.08238947753014259,2.0
german_credit,subgroup_dropout,representation_imbalance,0.3,3,0.3043478260869565,0.294,0.2,medium,tabular,loan_finance,representation_imbalance,content_safety,logreg,750,250,fraction,0.7836952380952381,0.08017263836574003,0.16436308467273192,clean held-out test set (no pre-training detector reused),0.7412008281573499,0.05805220638980235,2.0
german_credit,subgroup_dropout,representation_imbalance,0.3,3,0.3043478260869565,0.294,0.2,medium,tabular,loan_finance,representation_imbalance,content_safety,xgboost,750,250,fraction,0.7676952380952382,0.08379023337969559,0.175472978347636,clean held-out test set (no pre-training detector reused),0.7650103519668737,0.055717939349652856,2.0
german_credit,subgroup_dropout,representation_imbalance,0.4,3,0.4021739130434782,0.306,0.2,medium,tabular,loan_finance,representation_imbalance,content_safety,logreg,750,250,fraction,0.777752380952381,0.05094096970054557,0.16880763110276795,clean held-out test set (no pre-training detector reused),0.7080745341614907,0.08837737993748218,2.0
german_credit,subgroup_dropout,representation_imbalance,0.4,3,0.4021739130434782,0.306,0.2,medium,tabular,loan_finance,representation_imbalance,content_safety,xgboost,750,250,fraction,0.7667809523809523,0.08210000669676812,0.17485265680027604,clean held-out test set (no pre-training detector reused),0.727743271221532,0.11912881094466776,2.0
german_credit,subgroup_dropout,representation_imbalance,0.0,4,0.0,0.278,0.2,medium,tabular,loan_finance,representation_imbalance,content_safety,logreg,750,250,fraction,0.7735619047619049,0.0512879745803525,0.17246571957988965,clean held-out test set (no pre-training detector reused),0.7747641509433962,0.010950134770889575,2.0
german_credit,subgroup_dropout,representation_imbalance,0.0,4,0.0,0.278,0.2,medium,tabular,loan_finance,representation_imbalance,content_safety,xgboost,750,250,fraction,0.7880380952380952,0.08629479375295342,0.17108031341340013,clean held-out test set (no pre-training detector reused),0.7983490566037735,0.0781390386343217,2.0
german_credit,subgroup_dropout,representation_imbalance,0.03,4,0.0333333333333333,0.282,0.2,medium,tabular,loan_finance,representation_imbalance,content_safety,logreg,750,250,fraction,0.7724952380952381,0.05372024995697407,0.17273877184554584,clean held-out test set (no pre-training detector reused),0.7712264150943396,0.01746406109613663,2.0
german_credit,subgroup_dropout,representation_imbalance,0.03,4,0.0333333333333333,0.282,0.2,medium,tabular,loan_finance,representation_imbalance,content_safety,xgboost,750,250,fraction,0.7968761904761905,0.07126456958334892,0.16868983413654842,clean held-out test set (no pre-training detector reused),0.8018867924528301,0.07460130278526511,2.0
german_credit,subgroup_dropout,representation_imbalance,0.05,4,0.0444444444444444,0.2833333333333333,0.2,medium,tabular,loan_finance,representation_imbalance,content_safety,logreg,750,250,fraction,0.7744761904761905,0.07169048402602077,0.17216347586562453,clean held-out test set (no pre-training detector reused),0.7724056603773585,0.01479672057502246,2.0
german_credit,subgroup_dropout,representation_imbalance,0.05,4,0.0444444444444444,0.2833333333333333,0.2,medium,tabular,loan_finance,representation_imbalance,content_safety,xgboost,750,250,fraction,0.8080761904761905,0.06805039920890703,0.16082282945686963,clean held-out test set (no pre-training detector reused),0.8054245283018868,0.08892070979335132,2.0
german_credit,subgroup_dropout,representation_imbalance,0.1,4,0.1,0.29,0.2,medium,tabular,loan_finance,representation_imbalance,content_safety,logreg,750,250,fraction,0.7702095238095238,0.07248481693506248,0.17324835345483813,clean held-out test set (no pre-training detector reused),0.7735849056603773,0.015105570530098977,2.0
german_credit,subgroup_dropout,representation_imbalance,0.1,4,0.1,0.29,0.2,medium,tabular,loan_finance,representation_imbalance,content_safety,xgboost,750,250,fraction,0.7801904761904762,0.08252557686367072,0.17420241357533603,clean held-out test set (no pre-training detector reused),0.7665094339622642,0.11741913746630717,2.0
german_credit,subgroup_dropout,representation_imbalance,0.2,4,0.2,0.302,0.2,medium,tabular,loan_finance,representation_imbalance,content_safety,logreg,750,250,fraction,0.7792761904761906,0.06589162489083389,0.17087559019776796,clean held-out test set (no pre-training detector reused),0.7818396226415094,0.005362758310871518,2.0
german_credit,subgroup_dropout,representation_imbalance,0.2,4,0.2,0.302,0.2,medium,tabular,loan_finance,representation_imbalance,content_safety,xgboost,750,250,fraction,0.8075428571428571,0.07778405213018413,0.1638159322502415,clean held-out test set (no pre-training detector reused),0.8431603773584906,0.04076819407008081,2.0
german_credit,subgroup_dropout,representation_imbalance,0.3,4,0.3,0.314,0.2,medium,tabular,loan_finance,representation_imbalance,content_safety,logreg,750,250,fraction,0.7675428571428571,0.06265064556530735,0.17433938485402575,clean held-out test set (no pre-training detector reused),0.7830188679245282,0.005671608265948036,2.0
german_credit,subgroup_dropout,representation_imbalance,0.3,4,0.3,0.314,0.2,medium,tabular,loan_finance,representation_imbalance,content_safety,xgboost,750,250,fraction,0.7946666666666666,0.08867756130057386,0.1693395375812865,clean held-out test set (no pre-training detector reused),0.8089622641509434,0.07347821203953286,2.0
german_credit,subgroup_dropout,representation_imbalance,0.4,4,0.4,0.3259999999999999,0.2,medium,tabular,loan_finance,representation_imbalance,content_safety,logreg,750,250,fraction,0.7692190476190477,0.06353534192349988,0.17321561531341798,clean held-out test set (no pre-training detector reused),0.7665094339622642,0.016228661275831002,2.0
german_credit,subgroup_dropout,representation_imbalance,0.4,4,0.4,0.3259999999999999,0.2,medium,tabular,loan_finance,representation_imbalance,content_safety,xgboost,750,250,fraction,0.7790476190476191,0.09612741511827337,0.17374023139867342,clean held-out test set (no pre-training detector reused),0.7783018867924528,0.10413858939802345,2.0
