dataset,record_id,dimension,subdimension,record_risk,record_flag,units
german_credit,0,content_safety,label_integrity,0.054750040933967514,False,fraction
german_credit,1,content_safety,label_integrity,0.28387089411947886,False,fraction
german_credit,2,content_safety,label_integrity,0.02376071147551795,False,fraction
german_credit,3,content_safety,label_integrity,0.2544868620447016,False,fraction
german_credit,4,content_safety,label_integrity,0.1977582844462228,False,fraction
german_credit,5,content_safety,label_integrity,0.3343984578908983,False,fraction
german_credit,6,content_safety,label_integrity,0.09499267149595414,False,fraction
german_credit,7,content_safety,label_integrity,0.3061684562214856,False,fraction
german_credit,8,content_safety,label_integrity,0.004524974934083992,False,fraction
german_credit,9,content_safety,label_integrity,0.32804862600006035,False,fraction
german_credit,10,content_safety,label_integrity,0.22226014515173886,False,fraction
german_credit,11,content_safety,label_integrity,0.10678508613545323,False,fraction
german_credit,12,content_safety,label_integrity,0.16972953560018966,False,fraction
german_credit,13,content_safety,label_integrity,0.5721900015883723,True,fraction
german_credit,14,content_safety,label_integrity,0.6820874494600544,True,fraction
german_credit,15,content_safety,label_integrity,0.6511253412734556,True,fraction
german_credit,16,content_safety,label_integrity,0.03557971882376876,False,fraction
german_credit,17,content_safety,label_integrity,0.8976314512020386,True,fraction
german_credit,18,content_safety,label_integrity,0.5900256218535216,True,fraction
german_credit,19,content_safety,label_integrity,0.1068856547647331,False,fraction
german_credit,20,content_safety,label_integrity,0.06977974035970236,False,fraction
german_credit,21,content_safety,label_integrity,0.18511330916549062,False,fraction
german_credit,22,content_safety,label_integrity,0.09072084541220626,False,fraction
german_credit,23,content_safety,label_integrity,0.050521038489361736,False,fraction
german_credit,24,content_safety,label_integrity,0.011046839605283965,False,fraction
german_credit,25,content_safety,label_integrity,0.15730643014131185,False,fraction
german_credit,26,content_safety,label_integrity,0.11696918650172372,False,fraction
german_credit,27,content_safety,label_integrity,0.17943737163619233,False,fraction
german_credit,28,content_safety,label_integrity,0.04793885759047645,False,fraction
german_credit,29,content_safety,label_integrity,0.2800666641248146,False,fraction
german_credit,30,content_safety,label_integrity,0.23284653867161575,False,fraction
german_credit,31,content_safety,label_integrity,0.578098743891786,True,fraction
german_credit,32,content_safety,label_integrity,0.4059161323229583,False,fraction
german_credit,33,content_safety,label_integrity,0.05259174263581001,False,fraction
german_credit,34,content_safety,label_integrity,0.47226054622381053,False,fraction
german_credit,35,content_safety,label_integrity,0.4318564026056795,False,fraction
german_credit,36,content_safety,label_integrity,0.36755485347487615,False,fraction
german_credit,37,content_safety,label_integrity,0.6614216145883453,True,fraction
german_credit,38,content_safety,label_integrity,0.11346860661569269,False,fraction
german_credit,39,content_safety,label_integrity,0.3443632082991376,False,fraction
german_credit,40,content_safety,label_integrity,0.13926351888289712,False,fraction
german_credit,41,content_safety,label_integrity,0.32482713177502553,False,fraction
german_credit,42,content_safety,label_integrity,0.3038431212952405,False,fraction
german_credit,43,content_safety,label_integrity,0.15198896205853996,False,fraction
german_credit,44,content_safety,label_integrity,0.35639781172485385,False,fraction
german_credit,45,content_safety,label_integrity,0.23621622375827322,False,fraction
german_credit,46,content_safety,label_integrity,0.09160560634705905,False,fraction
german_credit,47,content_safety,label_integrity,0.15180113191492917,False,fraction
german_credit,48,content_safety,label_integrity,0.1252038127212367,False,fraction
german_credit,49,content_safety,label_integrity,0.1852205578635423,False,fraction
german_credit,50,content_safety,label_integrity,0.36597818848660746,False,fraction
german_credit,51,content_safety,label_integrity,0.11098387491318151,False,fraction
german_credit,52,content_safety,label_integrity,0.07688505079643138,False,fraction
german_credit,53,content_safety,label_integrity,0.013861134308111422,False,fraction
german_credit,54,content_safety,label_integrity,0.22068458409596692,False,fraction
german_credit,55,content_safety,label_integrity,0.0474642287205882,False,fraction
german_credit,56,content_safety,label_integrity,0.8697954709103126,True,fraction
german_credit,57,content_safety,label_integrity,0.30020632138834447,False,fraction
german_credit,58,content_safety,label_integrity,0.6027116862335353,True,fraction
german_credit,59,content_safety,label_integrity,0.10775439975894041,False,fraction
german_credit,60,content_safety,label_integrity,0.26268396934188,False,fraction
german_credit,61,content_safety,label_integrity,0.009824343232738508,False,fraction
german_credit,62,content_safety,label_integrity,0.4613760267296173,False,fraction
german_credit,63,content_safety,label_integrity,0.1588935350553099,False,fraction
german_credit,64,content_safety,label_integrity,0.22530058748500048,False,fraction
german_credit,65,content_safety,label_integrity,0.2264333740993163,False,fraction
german_credit,66,content_safety,label_integrity,0.12852219335767368,False,fraction
german_credit,67,content_safety,label_integrity,0.42720662701277257,False,fraction
german_credit,68,content_safety,label_integrity,0.5709616514815856,True,fraction
german_credit,69,content_safety,label_integrity,0.21800490103588555,False,fraction
german_credit,70,content_safety,label_integrity,0.20008419622018925,False,fraction
german_credit,71,content_safety,label_integrity,0.009626564251916991,False,fraction
german_credit,72,content_safety,label_integrity,0.3377847148150682,False,fraction
german_credit,73,content_safety,label_integrity,0.4160206502467846,False,fraction
german_credit,74,content_safety,label_integrity,0.5672645323986578,True,fraction
german_credit,75,content_safety,label_integrity,0.2166140695000296,False,fraction
german_credit,76,content_safety,label_integrity,0.2884463189882507,False,fraction
german_credit,77,content_safety,label_integrity,0.09375034313085806,False,fraction
german_credit,78,content_safety,label_integrity,0.29236330941839617,False,fraction
german_credit,79,content_safety,label_integrity,0.6748069521719285,True,fraction
german_credit,80,content_safety,label_integrity,0.9711254878602354,True,fraction
german_credit,81,content_safety,label_integrity,0.056736153277594514,False,fraction
german_credit,82,content_safety,label_integrity,0.263604014884803,False,fraction
german_credit,83,content_safety,label_integrity,0.13984814287103842,False,fraction
german_credit,84,content_safety,label_integrity,0.24827736152590885,False,fraction
german_credit,85,content_safety,label_integrity,0.015903178409580998,False,fraction
german_credit,86,content_safety,label_integrity,0.35017889396356094,False,fraction
german_credit,87,content_safety,label_integrity,0.36131147094175153,False,fraction
german_credit,88,content_safety,label_integrity,0.38162471338303927,False,fraction
german_credit,89,content_safety,label_integrity,0.6018597849276042,True,fraction
german_credit,90,content_safety,label_integrity,0.02711332412131806,False,fraction
german_credit,91,content_safety,label_integrity,0.04487768849990903,False,fraction
german_credit,92,content_safety,label_integrity,0.954364565136384,True,fraction
german_credit,93,content_safety,label_integrity,0.5092260315273792,True,fraction
german_credit,94,content_safety,label_integrity,0.15144236573287162,False,fraction
german_credit,95,content_safety,label_integrity,0.035972720221125964,False,fraction
german_credit,96,content_safety,label_integrity,0.027909652174855415,False,fraction
german_credit,97,content_safety,label_integrity,0.3098468818134481,False,fraction
german_credit,98,content_safety,label_integrity,0.1419466761520296,False,fraction
german_credit,99,content_safety,label_integrity,0.20780426840462818,False,fraction
german_credit,100,content_safety,label_integrity,0.23966747242760278,False,fraction
german_credit,101,content_safety,label_integrity,0.4608523675720899,False,fraction
german_credit,102,content_safety,label_integrity,0.08187772728415221,False,fraction
german_credit,103,content_safety,label_integrity,0.14165975596667213,False,fraction
german_credit,104,content_safety,label_integrity,0.025473924965051076,False,fraction
german_credit,105,content_safety,label_integrity,0.6411983203956204,True,fraction
german_credit,106,content_safety,label_integrity,0.4821769717545835,False,fraction
german_credit,107,content_safety,label_integrity,0.30660352987947936,False,fraction
german_credit,108,content_safety,label_integrity,0.039148690935783215,False,fraction
german_credit,109,content_safety,label_integrity,0.07666467230071528,False,fraction
german_credit,110,content_safety,label_integrity,0.4566017505603479,False,fraction
german_credit,111,content_safety,label_integrity,0.7378467919313876,True,fraction
german_credit,112,content_safety,label_integrity,0.43059775367483644,False,fraction
german_credit,113,content_safety,label_integrity,0.40848257133096244,False,fraction
german_credit,114,content_safety,label_integrity,0.19177211981522702,False,fraction
german_credit,115,content_safety,label_integrity,0.023297323826576566,False,fraction
german_credit,116,content_safety,label_integrity,0.629189289752017,True,fraction
german_credit,117,content_safety,label_integrity,0.059939896654231384,False,fraction
german_credit,118,content_safety,label_integrity,0.6214410572647202,True,fraction
german_credit,119,content_safety,label_integrity,0.10753122889808808,False,fraction
german_credit,120,content_safety,label_integrity,0.4883389104278695,False,fraction
german_credit,121,content_safety,label_integrity,0.06896439088745243,False,fraction
german_credit,122,content_safety,label_integrity,0.1488132299316438,False,fraction
german_credit,123,content_safety,label_integrity,0.23210867958719084,False,fraction
german_credit,124,content_safety,label_integrity,0.6562688261657801,True,fraction
german_credit,125,content_safety,label_integrity,0.5826973080631004,True,fraction
german_credit,126,content_safety,label_integrity,0.4083797079704321,False,fraction
german_credit,127,content_safety,label_integrity,0.7071521688299051,True,fraction
german_credit,128,content_safety,label_integrity,0.08229675399279501,False,fraction
german_credit,129,content_safety,label_integrity,0.36230255645432774,False,fraction
german_credit,130,content_safety,label_integrity,0.5800772964437327,True,fraction
german_credit,131,content_safety,label_integrity,0.12161012244411706,False,fraction
german_credit,132,content_safety,label_integrity,0.15358124727443467,False,fraction
german_credit,133,content_safety,label_integrity,0.26924111779049353,False,fraction
german_credit,134,content_safety,label_integrity,0.22172128335236518,False,fraction
german_credit,135,content_safety,label_integrity,0.019623491870715992,False,fraction
german_credit,136,content_safety,label_integrity,0.026130712324357153,False,fraction
german_credit,137,content_safety,label_integrity,0.8837725853788522,True,fraction
german_credit,138,content_safety,label_integrity,0.014735302792393656,False,fraction
german_credit,139,content_safety,label_integrity,0.11296842340940139,False,fraction
german_credit,140,content_safety,label_integrity,0.006660183206321446,False,fraction
german_credit,141,content_safety,label_integrity,0.7438216320239988,True,fraction
german_credit,142,content_safety,label_integrity,0.5401258963017179,True,fraction
german_credit,143,content_safety,label_integrity,0.5895112430906816,True,fraction
german_credit,144,content_safety,label_integrity,0.16624516776995535,False,fraction
german_credit,145,content_safety,label_integrity,0.5221003208319284,True,fraction
german_credit,146,content_safety,label_integrity,0.22056046456511302,False,fraction
german_credit,147,content_safety,label_integrity,0.05590617082871052,False,fraction
german_credit,148,content_safety,label_integrity,0.32776389343306,False,fraction
german_credit,149,content_safety,label_integrity,0.02489609475376353,False,fraction
german_credit,150,content_safety,label_integrity,0.06790574334368038,False,fraction
german_credit,151,content_safety,label_integrity,0.006341436182270899,False,fraction
german_credit,152,content_safety,label_integrity,0.541822668543571,True,fraction
german_credit,153,content_safety,label_integrity,0.10885673028723808,False,fraction
german_credit,154,content_safety,label_integrity,0.1947815996998048,False,fraction
german_credit,155,content_safety,label_integrity,0.4896364031981243,False,fraction
german_credit,156,content_safety,label_integrity,0.016170495362533455,False,fraction
german_credit,157,content_safety,label_integrity,0.7324653134975717,True,fraction
german_credit,158,content_safety,label_integrity,0.35190453905584596,False,fraction
german_credit,159,content_safety,label_integrity,0.010969426245516334,False,fraction
german_credit,160,content_safety,label_integrity,0.025300104974540716,False,fraction
german_credit,161,content_safety,label_integrity,0.25768101242515107,False,fraction
german_credit,162,content_safety,label_integrity,0.048632736787846076,False,fraction
german_credit,163,content_safety,label_integrity,0.7648367067007361,True,fraction
german_credit,164,content_safety,label_integrity,0.24969824349231118,False,fraction
german_credit,165,content_safety,label_integrity,0.01916039344675402,False,fraction
german_credit,166,content_safety,label_integrity,0.34416954133293587,False,fraction
german_credit,167,content_safety,label_integrity,0.20461311660711035,False,fraction
german_credit,168,content_safety,label_integrity,0.14118834574125927,False,fraction
german_credit,169,content_safety,label_integrity,0.7037210575102304,True,fraction
german_credit,170,content_safety,label_integrity,0.12089166923720684,False,fraction
german_credit,171,content_safety,label_integrity,0.13212306596699475,False,fraction
german_credit,172,content_safety,label_integrity,0.5915232452575709,True,fraction
german_credit,173,content_safety,label_integrity,0.01626076103778662,False,fraction
german_credit,174,content_safety,label_integrity,0.3338688700863518,False,fraction
german_credit,175,content_safety,label_integrity,0.8589684415897316,True,fraction
german_credit,176,content_safety,label_integrity,0.464883075932381,False,fraction
german_credit,177,content_safety,label_integrity,0.12131673347833827,False,fraction
german_credit,178,content_safety,label_integrity,0.08425853623127733,False,fraction
german_credit,179,content_safety,label_integrity,0.5157085112524359,True,fraction
german_credit,180,content_safety,label_integrity,0.6731947371934011,True,fraction
german_credit,181,content_safety,label_integrity,0.3560624627830634,False,fraction
german_credit,182,content_safety,label_integrity,0.2327157360121842,False,fraction
german_credit,183,content_safety,label_integrity,0.008395453114648621,False,fraction
german_credit,184,content_safety,label_integrity,0.454243845481041,False,fraction
german_credit,185,content_safety,label_integrity,0.07435309304809479,False,fraction
german_credit,186,content_safety,label_integrity,0.5820650734988218,True,fraction
german_credit,187,content_safety,label_integrity,0.15262084013034327,False,fraction
german_credit,188,content_safety,label_integrity,0.7195026102169075,True,fraction
german_credit,189,content_safety,label_integrity,0.5781701711507817,True,fraction
german_credit,190,content_safety,label_integrity,0.9757917998294607,True,fraction
german_credit,191,content_safety,label_integrity,0.4024773641474978,False,fraction
german_credit,192,content_safety,label_integrity,0.6313626607926218,True,fraction
german_credit,193,content_safety,label_integrity,0.04859783981565635,False,fraction
german_credit,194,content_safety,label_integrity,0.5536773773658994,True,fraction
german_credit,195,content_safety,label_integrity,0.8000907616835511,True,fraction
german_credit,196,content_safety,label_integrity,0.02470207742841324,False,fraction
german_credit,197,content_safety,label_integrity,0.290513896422258,False,fraction
german_credit,198,content_safety,label_integrity,0.1269424566568247,False,fraction
german_credit,199,content_safety,label_integrity,0.4005532018567731,False,fraction
german_credit,200,content_safety,label_integrity,0.051157998763552426,False,fraction
german_credit,201,content_safety,label_integrity,0.6651001528828562,True,fraction
german_credit,202,content_safety,label_integrity,0.13620143289097097,False,fraction
german_credit,203,content_safety,label_integrity,0.991674888344803,True,fraction
german_credit,204,content_safety,label_integrity,0.12000197153809289,False,fraction
german_credit,205,content_safety,label_integrity,0.5213569807589806,True,fraction
german_credit,206,content_safety,label_integrity,0.03407815526612201,False,fraction
german_credit,207,content_safety,label_integrity,0.029769616619482964,False,fraction
german_credit,208,content_safety,label_integrity,0.8360209989202246,True,fraction
german_credit,209,content_safety,label_integrity,0.0004106544479201002,False,fraction
german_credit,210,content_safety,label_integrity,0.007906954224876639,False,fraction
german_credit,211,content_safety,label_integrity,0.04805496782659624,False,fraction
german_credit,212,content_safety,label_integrity,0.15336445816741406,False,fraction
german_credit,213,content_safety,label_integrity,0.802795979374779,True,fraction
german_credit,214,content_safety,label_integrity,0.02841014282273946,False,fraction
german_credit,215,content_safety,label_integrity,0.0001589453240287142,False,fraction
german_credit,216,content_safety,label_integrity,0.6394018677532491,True,fraction
german_credit,217,content_safety,label_integrity,0.18767576093488847,False,fraction
german_credit,218,content_safety,label_integrity,0.7457075355068021,True,fraction
german_credit,219,content_safety,label_integrity,0.10604258097008912,False,fraction
german_credit,220,content_safety,label_integrity,0.2943923495232763,False,fraction
german_credit,221,content_safety,label_integrity,0.7521046940308785,True,fraction
german_credit,222,content_safety,label_integrity,0.13297625373556243,False,fraction
german_credit,223,content_safety,label_integrity,0.046111162407056594,False,fraction
german_credit,224,content_safety,label_integrity,0.041298521595900306,False,fraction
german_credit,225,content_safety,label_integrity,0.43294214906769546,False,fraction
german_credit,226,content_safety,label_integrity,0.6355143088630173,True,fraction
german_credit,227,content_safety,label_integrity,0.4950295682839214,False,fraction
german_credit,228,content_safety,label_integrity,0.9506817929994323,True,fraction
german_credit,229,content_safety,label_integrity,0.856733087968915,True,fraction
german_credit,230,content_safety,label_integrity,0.5697281541592893,True,fraction
german_credit,231,content_safety,label_integrity,0.074554716921306,False,fraction
german_credit,232,content_safety,label_integrity,0.03709600122581602,False,fraction
german_credit,233,content_safety,label_integrity,0.19492455923777774,False,fraction
german_credit,234,content_safety,label_integrity,0.018220034485685987,False,fraction
german_credit,235,content_safety,label_integrity,0.31842318135010717,False,fraction
german_credit,236,content_safety,label_integrity,0.843490642023567,True,fraction
german_credit,237,content_safety,label_integrity,0.3381911076176686,False,fraction
german_credit,238,content_safety,label_integrity,0.08493211568793102,False,fraction
german_credit,239,content_safety,label_integrity,0.14476029690756376,False,fraction
german_credit,240,content_safety,label_integrity,0.26764902319980577,False,fraction
german_credit,241,content_safety,label_integrity,0.04969004763825313,False,fraction
german_credit,242,content_safety,label_integrity,0.16689175098566467,False,fraction
german_credit,243,content_safety,label_integrity,0.08520965161518468,False,fraction
german_credit,244,content_safety,label_integrity,0.1298381115927446,False,fraction
german_credit,245,content_safety,label_integrity,0.057213828867826,False,fraction
german_credit,246,content_safety,label_integrity,0.04303521865099047,False,fraction
german_credit,247,content_safety,label_integrity,0.27390101019735336,False,fraction
german_credit,248,content_safety,label_integrity,0.13367089436194857,False,fraction
german_credit,249,content_safety,label_integrity,0.7861240770172793,True,fraction
german_credit,250,content_safety,label_integrity,0.040166610274432135,False,fraction
german_credit,251,content_safety,label_integrity,0.09967955954474017,False,fraction
german_credit,252,content_safety,label_integrity,0.11212325220056962,False,fraction
german_credit,253,content_safety,label_integrity,0.06833909521184467,False,fraction
german_credit,254,content_safety,label_integrity,0.053689339559760296,False,fraction
german_credit,255,content_safety,label_integrity,0.34750420716138886,False,fraction
german_credit,256,content_safety,label_integrity,0.06991590962424354,False,fraction
german_credit,257,content_safety,label_integrity,0.19285185540229832,False,fraction
german_credit,258,content_safety,label_integrity,0.029793445631676407,False,fraction
german_credit,259,content_safety,label_integrity,0.08924987300304887,False,fraction
german_credit,260,content_safety,label_integrity,0.22938391532883728,False,fraction
german_credit,261,content_safety,label_integrity,0.470456869730296,False,fraction
german_credit,262,content_safety,label_integrity,0.3865349382098804,False,fraction
german_credit,263,content_safety,label_integrity,0.4089767097688588,False,fraction
german_credit,264,content_safety,label_integrity,0.017104199179172386,False,fraction
german_credit,265,content_safety,label_integrity,0.7226437413033864,True,fraction
german_credit,266,content_safety,label_integrity,0.059828475869490694,False,fraction
german_credit,267,content_safety,label_integrity,0.20391300884014574,False,fraction
german_credit,268,content_safety,label_integrity,0.8620853942536899,True,fraction
german_credit,269,content_safety,label_integrity,0.0861318119037886,False,fraction
german_credit,270,content_safety,label_integrity,0.021140120483120195,False,fraction
german_credit,271,content_safety,label_integrity,0.020794503135625475,False,fraction
german_credit,272,content_safety,label_integrity,0.9744801206733285,True,fraction
german_credit,273,content_safety,label_integrity,0.6048908175550773,True,fraction
german_credit,274,content_safety,label_integrity,0.17643290287134572,False,fraction
german_credit,275,content_safety,label_integrity,0.04336110034636176,False,fraction
german_credit,276,content_safety,label_integrity,0.07575360549133192,False,fraction
german_credit,277,content_safety,label_integrity,0.09199086319378758,False,fraction
german_credit,278,content_safety,label_integrity,0.9418207165449282,True,fraction
german_credit,279,content_safety,label_integrity,0.07603544114152583,False,fraction
german_credit,280,content_safety,label_integrity,0.014335379041812035,False,fraction
german_credit,281,content_safety,label_integrity,0.06223443589835387,False,fraction
german_credit,282,content_safety,label_integrity,0.12204265914429924,False,fraction
german_credit,283,content_safety,label_integrity,0.026678241645233136,False,fraction
german_credit,284,content_safety,label_integrity,0.6107491160632382,True,fraction
german_credit,285,content_safety,label_integrity,0.8878373743289791,True,fraction
german_credit,286,content_safety,label_integrity,0.5168140483182622,True,fraction
german_credit,287,content_safety,label_integrity,0.3523734592915506,False,fraction
german_credit,288,content_safety,label_integrity,0.10623524588554811,False,fraction
german_credit,289,content_safety,label_integrity,0.37644985741308945,False,fraction
german_credit,290,content_safety,label_integrity,0.011281631032643236,False,fraction
german_credit,291,content_safety,label_integrity,0.6300523102519444,True,fraction
german_credit,292,content_safety,label_integrity,0.3120073063249337,False,fraction
german_credit,293,content_safety,label_integrity,0.15299697950741187,False,fraction
german_credit,294,content_safety,label_integrity,0.4461477424020688,False,fraction
german_credit,295,content_safety,label_integrity,0.501541197603397,True,fraction
german_credit,296,content_safety,label_integrity,0.03788440335817178,False,fraction
german_credit,297,content_safety,label_integrity,0.043712627633722856,False,fraction
german_credit,298,content_safety,label_integrity,0.05526210032776513,False,fraction
german_credit,299,content_safety,label_integrity,0.02428588439387147,False,fraction
german_credit,300,content_safety,label_integrity,0.04863830408553471,False,fraction
german_credit,301,content_safety,label_integrity,0.5832808200185007,True,fraction
german_credit,302,content_safety,label_integrity,0.9090258033173899,True,fraction
german_credit,303,content_safety,label_integrity,0.3858135117750159,False,fraction
german_credit,304,content_safety,label_integrity,0.7082325357866125,True,fraction
german_credit,305,content_safety,label_integrity,0.04623946597852879,False,fraction
german_credit,306,content_safety,label_integrity,0.10332354985472658,False,fraction
german_credit,307,content_safety,label_integrity,0.6106927670252047,True,fraction
german_credit,308,content_safety,label_integrity,0.6436649337574147,True,fraction
german_credit,309,content_safety,label_integrity,0.7251114071737923,True,fraction
german_credit,310,content_safety,label_integrity,0.19656788522480761,False,fraction
german_credit,311,content_safety,label_integrity,0.2975865082151674,False,fraction
german_credit,312,content_safety,label_integrity,0.29660699583256067,False,fraction
german_credit,313,content_safety,label_integrity,0.5432102528254139,True,fraction
german_credit,314,content_safety,label_integrity,0.012198913525316657,False,fraction
german_credit,315,content_safety,label_integrity,0.16174591840605534,False,fraction
german_credit,316,content_safety,label_integrity,0.13506150239080117,False,fraction
german_credit,317,content_safety,label_integrity,0.06193956195754102,False,fraction
german_credit,318,content_safety,label_integrity,0.15251125289027567,False,fraction
german_credit,319,content_safety,label_integrity,0.37593344884033164,False,fraction
german_credit,320,content_safety,label_integrity,0.3241084588660832,False,fraction
german_credit,321,content_safety,label_integrity,0.35132700278197504,False,fraction
german_credit,322,content_safety,label_integrity,0.1308921209199081,False,fraction
german_credit,323,content_safety,label_integrity,0.1445912132529965,False,fraction
german_credit,324,content_safety,label_integrity,0.1324644484326698,False,fraction
german_credit,325,content_safety,label_integrity,0.03884554217751379,False,fraction
german_credit,326,content_safety,label_integrity,0.01986581345259797,False,fraction
german_credit,327,content_safety,label_integrity,0.08512059607903932,False,fraction
german_credit,328,content_safety,label_integrity,0.33413211744558957,False,fraction
german_credit,329,content_safety,label_integrity,0.2733726968586794,False,fraction
german_credit,330,content_safety,label_integrity,0.09809673075330716,False,fraction
german_credit,331,content_safety,label_integrity,0.9017898747892901,True,fraction
german_credit,332,content_safety,label_integrity,0.037641910037560566,False,fraction
german_credit,333,content_safety,label_integrity,0.5835387232387101,True,fraction
german_credit,334,content_safety,label_integrity,0.03739649566984049,False,fraction
german_credit,335,content_safety,label_integrity,0.8814103604229563,True,fraction
german_credit,336,content_safety,label_integrity,0.24082318660152535,False,fraction
german_credit,337,content_safety,label_integrity,0.8150037454001818,True,fraction
german_credit,338,content_safety,label_integrity,0.7150117229855483,True,fraction
german_credit,339,content_safety,label_integrity,0.5369068454903653,True,fraction
german_credit,340,content_safety,label_integrity,0.7197522526694625,True,fraction
german_credit,341,content_safety,label_integrity,0.40149744711401825,False,fraction
german_credit,342,content_safety,label_integrity,0.303604854309517,False,fraction
german_credit,343,content_safety,label_integrity,0.33027401348850727,False,fraction
german_credit,344,content_safety,label_integrity,0.12971782986436375,False,fraction
german_credit,345,content_safety,label_integrity,0.06513507033383548,False,fraction
german_credit,346,content_safety,label_integrity,0.045855048075205906,False,fraction
german_credit,347,content_safety,label_integrity,0.4469081967243371,False,fraction
german_credit,348,content_safety,label_integrity,0.020435946916993353,False,fraction
german_credit,349,content_safety,label_integrity,0.7773944777412022,True,fraction
german_credit,350,content_safety,label_integrity,0.11317708958024175,False,fraction
german_credit,351,content_safety,label_integrity,0.9682669022388929,True,fraction
german_credit,352,content_safety,label_integrity,0.012685808610947813,False,fraction
german_credit,353,content_safety,label_integrity,0.25601425905473163,False,fraction
german_credit,354,content_safety,label_integrity,0.10654342656134985,False,fraction
german_credit,355,content_safety,label_integrity,0.2449394429135756,False,fraction
german_credit,356,content_safety,label_integrity,0.005843720859047941,False,fraction
german_credit,357,content_safety,label_integrity,0.840956071133079,True,fraction
german_credit,358,content_safety,label_integrity,0.09737128512696613,False,fraction
german_credit,359,content_safety,label_integrity,0.3346401750467717,False,fraction
german_credit,360,content_safety,label_integrity,0.4413359061812313,False,fraction
german_credit,361,content_safety,label_integrity,0.03134662727363213,False,fraction
german_credit,362,content_safety,label_integrity,0.3639802780974766,False,fraction
german_credit,363,content_safety,label_integrity,0.1410218169830515,False,fraction
german_credit,364,content_safety,label_integrity,0.49936043874403535,False,fraction
german_credit,365,content_safety,label_integrity,0.017856110691374494,False,fraction
german_credit,366,content_safety,label_integrity,0.018667471385477086,False,fraction
german_credit,367,content_safety,label_integrity,0.6111343940570744,True,fraction
german_credit,368,content_safety,label_integrity,0.34251884643239017,False,fraction
german_credit,369,content_safety,label_integrity,0.24537325470126292,False,fraction
german_credit,370,content_safety,label_integrity,0.14135379722552588,False,fraction
german_credit,371,content_safety,label_integrity,0.05386486671258073,False,fraction
german_credit,372,content_safety,label_integrity,0.07476975377438044,False,fraction
german_credit,373,content_safety,label_integrity,0.3942819278655141,False,fraction
german_credit,374,content_safety,label_integrity,0.036497786915948294,False,fraction
german_credit,375,content_safety,label_integrity,0.31775165589772336,False,fraction
german_credit,376,content_safety,label_integrity,0.06571627387221413,False,fraction
german_credit,377,content_safety,label_integrity,0.015414040634618487,False,fraction
german_credit,378,content_safety,label_integrity,0.12034255564863805,False,fraction
german_credit,379,content_safety,label_integrity,0.08708305781158865,False,fraction
german_credit,380,content_safety,label_integrity,0.13286080867228567,False,fraction
german_credit,381,content_safety,label_integrity,0.6141489422598732,True,fraction
german_credit,382,content_safety,label_integrity,0.15547541824346034,False,fraction
german_credit,383,content_safety,label_integrity,0.36288913401338374,False,fraction
german_credit,384,content_safety,label_integrity,0.12686440526917353,False,fraction
german_credit,385,content_safety,label_integrity,0.12504747036688135,False,fraction
german_credit,386,content_safety,label_integrity,0.10831390634803673,False,fraction
german_credit,387,content_safety,label_integrity,0.6113773794238733,True,fraction
german_credit,388,content_safety,label_integrity,0.21453719916280212,False,fraction
german_credit,389,content_safety,label_integrity,0.07919622810150007,False,fraction
german_credit,390,content_safety,label_integrity,0.15242907996621002,False,fraction
german_credit,391,content_safety,label_integrity,0.08420512483433784,False,fraction
german_credit,392,content_safety,label_integrity,0.7968512193359703,True,fraction
german_credit,393,content_safety,label_integrity,0.1135641198410503,False,fraction
german_credit,394,content_safety,label_integrity,0.05147790144118258,False,fraction
german_credit,395,content_safety,label_integrity,0.7055177771237635,True,fraction
german_credit,396,content_safety,label_integrity,0.5072418502822021,True,fraction
german_credit,397,content_safety,label_integrity,0.41064760769890984,False,fraction
german_credit,398,content_safety,label_integrity,0.7198678011789398,True,fraction
german_credit,399,content_safety,label_integrity,0.014871381060169275,False,fraction
german_credit,400,content_safety,label_integrity,0.060582463180893,False,fraction
german_credit,401,content_safety,label_integrity,0.1682541558205468,False,fraction
german_credit,402,content_safety,label_integrity,0.6875353828413211,True,fraction
german_credit,403,content_safety,label_integrity,0.22229017724899436,False,fraction
german_credit,404,content_safety,label_integrity,0.2599425091943892,False,fraction
german_credit,405,content_safety,label_integrity,0.6056811388490894,True,fraction
german_credit,406,content_safety,label_integrity,0.0061738789379548464,False,fraction
german_credit,407,content_safety,label_integrity,0.1673710055301344,False,fraction
german_credit,408,content_safety,label_integrity,0.12814731034120797,False,fraction
german_credit,409,content_safety,label_integrity,0.8416410987144984,True,fraction
german_credit,410,content_safety,label_integrity,0.4780199832237265,False,fraction
german_credit,411,content_safety,label_integrity,0.02182204136811039,False,fraction
german_credit,412,content_safety,label_integrity,0.9477148059692422,True,fraction
german_credit,413,content_safety,label_integrity,0.09263248676279212,False,fraction
german_credit,414,content_safety,label_integrity,0.4234091682957346,False,fraction
german_credit,415,content_safety,label_integrity,0.03447540936179694,False,fraction
german_credit,416,content_safety,label_integrity,0.32063151745641993,False,fraction
german_credit,417,content_safety,label_integrity,0.7372472349049255,True,fraction
german_credit,418,content_safety,label_integrity,0.14664947474479928,False,fraction
german_credit,419,content_safety,label_integrity,0.6265575546215452,True,fraction
german_credit,420,content_safety,label_integrity,0.08513856991818214,False,fraction
german_credit,421,content_safety,label_integrity,0.07779453168413275,False,fraction
german_credit,422,content_safety,label_integrity,0.07638465875847911,False,fraction
german_credit,423,content_safety,label_integrity,0.042851835594932,False,fraction
german_credit,424,content_safety,label_integrity,0.8423858994700602,True,fraction
german_credit,425,content_safety,label_integrity,0.19577802282748102,False,fraction
german_credit,426,content_safety,label_integrity,0.09877291088528917,False,fraction
german_credit,427,content_safety,label_integrity,0.011292834955973441,False,fraction
german_credit,428,content_safety,label_integrity,0.03212383599128221,False,fraction
german_credit,429,content_safety,label_integrity,0.6702132180225528,True,fraction
german_credit,430,content_safety,label_integrity,0.017122489908494742,False,fraction
german_credit,431,content_safety,label_integrity,0.3486182138653623,False,fraction
german_credit,432,content_safety,label_integrity,0.2788761012595493,False,fraction
german_credit,433,content_safety,label_integrity,0.1818004674048006,False,fraction
german_credit,434,content_safety,label_integrity,0.37155528412771566,False,fraction
german_credit,435,content_safety,label_integrity,0.9068749768475375,True,fraction
german_credit,436,content_safety,label_integrity,0.0438349386636796,False,fraction
german_credit,437,content_safety,label_integrity,0.03694522208128148,False,fraction
german_credit,438,content_safety,label_integrity,0.6613393292268913,True,fraction
german_credit,439,content_safety,label_integrity,0.7610493588745181,True,fraction
german_credit,440,content_safety,label_integrity,0.17847396612390587,False,fraction
german_credit,441,content_safety,label_integrity,0.50948302957474,True,fraction
german_credit,442,content_safety,label_integrity,0.1940163002635058,False,fraction
german_credit,443,content_safety,label_integrity,0.7003243119318414,True,fraction
german_credit,444,content_safety,label_integrity,0.7262806743616845,True,fraction
german_credit,445,content_safety,label_integrity,0.09840420530400129,False,fraction
german_credit,446,content_safety,label_integrity,0.2004206266550328,False,fraction
german_credit,447,content_safety,label_integrity,0.035778507285645356,False,fraction
german_credit,448,content_safety,label_integrity,0.08143365737440345,False,fraction
german_credit,449,content_safety,label_integrity,0.8397883663050759,True,fraction
german_credit,450,content_safety,label_integrity,0.047057094208053374,False,fraction
german_credit,451,content_safety,label_integrity,0.07612868974113818,False,fraction
german_credit,452,content_safety,label_integrity,0.2185973793957967,False,fraction
german_credit,453,content_safety,label_integrity,0.05846405661568743,False,fraction
german_credit,454,content_safety,label_integrity,0.4311196159689644,False,fraction
german_credit,455,content_safety,label_integrity,0.15543109783013942,False,fraction
german_credit,456,content_safety,label_integrity,0.415307882659095,False,fraction
german_credit,457,content_safety,label_integrity,0.8406992745223865,True,fraction
german_credit,458,content_safety,label_integrity,0.7176425899728388,True,fraction
german_credit,459,content_safety,label_integrity,0.10819849143562321,False,fraction
german_credit,460,content_safety,label_integrity,0.30528574994778157,False,fraction
german_credit,461,content_safety,label_integrity,0.5303479070222613,True,fraction
german_credit,462,content_safety,label_integrity,0.5019109023650371,True,fraction
german_credit,463,content_safety,label_integrity,0.07022734391107599,False,fraction
german_credit,464,content_safety,label_integrity,0.10575089999887621,False,fraction
german_credit,465,content_safety,label_integrity,0.48408679686289613,False,fraction
german_credit,466,content_safety,label_integrity,0.584860467685252,True,fraction
german_credit,467,content_safety,label_integrity,0.3658006044149078,False,fraction
german_credit,468,content_safety,label_integrity,0.15930139150947675,False,fraction
german_credit,469,content_safety,label_integrity,0.02492307121459858,False,fraction
german_credit,470,content_safety,label_integrity,0.4315361633442085,False,fraction
german_credit,471,content_safety,label_integrity,0.17828601112967368,False,fraction
german_credit,472,content_safety,label_integrity,0.4703638523685253,False,fraction
german_credit,473,content_safety,label_integrity,0.0006103198881096672,False,fraction
german_credit,474,content_safety,label_integrity,0.8145647589469602,True,fraction
german_credit,475,content_safety,label_integrity,0.33097490329122703,False,fraction
german_credit,476,content_safety,label_integrity,0.09469912915252232,False,fraction
german_credit,477,content_safety,label_integrity,0.42224064814898465,False,fraction
german_credit,478,content_safety,label_integrity,0.08668303277387823,False,fraction
german_credit,479,content_safety,label_integrity,0.23367431455695742,False,fraction
german_credit,480,content_safety,label_integrity,0.14307741742579316,False,fraction
german_credit,481,content_safety,label_integrity,0.5934891996387774,True,fraction
german_credit,482,content_safety,label_integrity,0.34294541569558956,False,fraction
german_credit,483,content_safety,label_integrity,0.015563648735332669,False,fraction
german_credit,484,content_safety,label_integrity,0.018236051271060427,False,fraction
german_credit,485,content_safety,label_integrity,0.82876511913228,True,fraction
german_credit,486,content_safety,label_integrity,0.0558678585771375,False,fraction
german_credit,487,content_safety,label_integrity,0.5195601766838928,True,fraction
german_credit,488,content_safety,label_integrity,0.03508326084387847,False,fraction
german_credit,489,content_safety,label_integrity,0.13165440540839912,False,fraction
german_credit,490,content_safety,label_integrity,0.05169028430020761,False,fraction
german_credit,491,content_safety,label_integrity,0.2611159651201751,False,fraction
german_credit,492,content_safety,label_integrity,0.02461976065208804,False,fraction
german_credit,493,content_safety,label_integrity,0.04345899095010297,False,fraction
german_credit,494,content_safety,label_integrity,0.25105872515502003,False,fraction
german_credit,495,content_safety,label_integrity,0.534852553387861,True,fraction
german_credit,496,content_safety,label_integrity,0.2493503550245203,False,fraction
german_credit,497,content_safety,label_integrity,0.03574396031639537,False,fraction
german_credit,498,content_safety,label_integrity,0.20005342679637828,False,fraction
german_credit,499,content_safety,label_integrity,0.13164914177208553,False,fraction
german_credit,500,content_safety,label_integrity,0.18173707786545346,False,fraction
german_credit,501,content_safety,label_integrity,0.3784632524092484,False,fraction
german_credit,502,content_safety,label_integrity,0.09201455346489162,False,fraction
german_credit,503,content_safety,label_integrity,0.5933136904375353,True,fraction
german_credit,504,content_safety,label_integrity,0.11004315222548888,False,fraction
german_credit,505,content_safety,label_integrity,0.9855031616944138,True,fraction
german_credit,506,content_safety,label_integrity,0.0065981759188994404,False,fraction
german_credit,507,content_safety,label_integrity,0.4605408506297548,False,fraction
german_credit,508,content_safety,label_integrity,0.19374163379303688,False,fraction
german_credit,509,content_safety,label_integrity,0.06259372255108908,False,fraction
german_credit,510,content_safety,label_integrity,0.6158845137622913,True,fraction
german_credit,511,content_safety,label_integrity,0.06715366749887797,False,fraction
german_credit,512,content_safety,label_integrity,0.0652972066301114,False,fraction
german_credit,513,content_safety,label_integrity,0.6702640362325051,True,fraction
german_credit,514,content_safety,label_integrity,0.10070063897561743,False,fraction
german_credit,515,content_safety,label_integrity,0.11834222977542841,False,fraction
german_credit,516,content_safety,label_integrity,0.07313871678569728,False,fraction
german_credit,517,content_safety,label_integrity,0.6937033872563649,True,fraction
german_credit,518,content_safety,label_integrity,0.29579770879078615,False,fraction
german_credit,519,content_safety,label_integrity,0.014823646403678947,False,fraction
german_credit,520,content_safety,label_integrity,0.10694830354046847,False,fraction
german_credit,521,content_safety,label_integrity,0.5768032334887178,True,fraction
german_credit,522,content_safety,label_integrity,0.10068997123255097,False,fraction
german_credit,523,content_safety,label_integrity,0.0463375702967288,False,fraction
german_credit,524,content_safety,label_integrity,0.3363290745312004,False,fraction
german_credit,525,content_safety,label_integrity,0.2971671224324268,False,fraction
german_credit,526,content_safety,label_integrity,0.12937228487256913,False,fraction
german_credit,527,content_safety,label_integrity,0.012634842175780037,False,fraction
german_credit,528,content_safety,label_integrity,0.18826454142189109,False,fraction
german_credit,529,content_safety,label_integrity,0.3946277666632554,False,fraction
german_credit,530,content_safety,label_integrity,0.5809324574997208,True,fraction
german_credit,531,content_safety,label_integrity,0.5172870438607182,True,fraction
german_credit,532,content_safety,label_integrity,0.06047486205575148,False,fraction
german_credit,533,content_safety,label_integrity,0.0618215879972388,False,fraction
german_credit,534,content_safety,label_integrity,0.11264296680244223,False,fraction
german_credit,535,content_safety,label_integrity,0.6939929960889346,True,fraction
german_credit,536,content_safety,label_integrity,0.5224558745108387,True,fraction
german_credit,537,content_safety,label_integrity,0.1483908404072194,False,fraction
german_credit,538,content_safety,label_integrity,0.06686009662246462,False,fraction
german_credit,539,content_safety,label_integrity,0.348770827923901,False,fraction
german_credit,540,content_safety,label_integrity,0.6675315882194237,True,fraction
german_credit,541,content_safety,label_integrity,0.2736836945028578,False,fraction
german_credit,542,content_safety,label_integrity,0.695338847309703,True,fraction
german_credit,543,content_safety,label_integrity,0.9038732327510759,True,fraction
german_credit,544,content_safety,label_integrity,0.0546239524579295,False,fraction
german_credit,545,content_safety,label_integrity,0.4247940031154599,False,fraction
german_credit,546,content_safety,label_integrity,0.16177636588859,False,fraction
german_credit,547,content_safety,label_integrity,0.13371119405630827,False,fraction
german_credit,548,content_safety,label_integrity,0.2464580727066149,False,fraction
german_credit,549,content_safety,label_integrity,0.032940549643643235,False,fraction
german_credit,550,content_safety,label_integrity,0.03881447064151433,False,fraction
german_credit,551,content_safety,label_integrity,0.08632892266194758,False,fraction
german_credit,552,content_safety,label_integrity,0.7990058134775034,True,fraction
german_credit,553,content_safety,label_integrity,0.323283405154866,False,fraction
german_credit,554,content_safety,label_integrity,0.41136591377217857,False,fraction
german_credit,555,content_safety,label_integrity,0.678116550147032,True,fraction
german_credit,556,content_safety,label_integrity,0.17521834575157536,False,fraction
german_credit,557,content_safety,label_integrity,0.7288449378129945,True,fraction
german_credit,558,content_safety,label_integrity,0.28599598856598274,False,fraction
german_credit,559,content_safety,label_integrity,0.8731991863196886,True,fraction
german_credit,560,content_safety,label_integrity,0.18795517217487356,False,fraction
german_credit,561,content_safety,label_integrity,0.29628074008393324,False,fraction
german_credit,562,content_safety,label_integrity,0.21031729225296536,False,fraction
german_credit,563,content_safety,label_integrity,0.5955894705957266,True,fraction
german_credit,564,content_safety,label_integrity,0.3668722002543072,False,fraction
german_credit,565,content_safety,label_integrity,0.2945636367347284,False,fraction
german_credit,566,content_safety,label_integrity,0.6911184516197685,True,fraction
german_credit,567,content_safety,label_integrity,0.0061649163682804264,False,fraction
german_credit,568,content_safety,label_integrity,0.17786347963792215,False,fraction
german_credit,569,content_safety,label_integrity,0.34043329035329284,False,fraction
german_credit,570,content_safety,label_integrity,0.25119469368986136,False,fraction
german_credit,571,content_safety,label_integrity,0.08884952142318014,False,fraction
german_credit,572,content_safety,label_integrity,0.04091590193230854,False,fraction
german_credit,573,content_safety,label_integrity,0.7496947342209108,True,fraction
german_credit,574,content_safety,label_integrity,0.2745366684327555,False,fraction
german_credit,575,content_safety,label_integrity,0.1770068469824546,False,fraction
german_credit,576,content_safety,label_integrity,0.13280707341704856,False,fraction
german_credit,577,content_safety,label_integrity,0.04130496006698259,False,fraction
german_credit,578,content_safety,label_integrity,0.24605075246841834,False,fraction
german_credit,579,content_safety,label_integrity,0.10028704004205291,False,fraction
german_credit,580,content_safety,label_integrity,0.867598291291291,True,fraction
german_credit,581,content_safety,label_integrity,0.33670642670731177,False,fraction
german_credit,582,content_safety,label_integrity,0.11213356175460487,False,fraction
german_credit,583,content_safety,label_integrity,0.2550506765614845,False,fraction
german_credit,584,content_safety,label_integrity,0.13560857067436838,False,fraction
german_credit,585,content_safety,label_integrity,0.32655914696210564,False,fraction
german_credit,586,content_safety,label_integrity,0.35832427989222904,False,fraction
german_credit,587,content_safety,label_integrity,0.3221175873332691,False,fraction
german_credit,588,content_safety,label_integrity,0.8194822111794403,True,fraction
german_credit,589,content_safety,label_integrity,0.852586386441195,True,fraction
german_credit,590,content_safety,label_integrity,0.15762450777209924,False,fraction
german_credit,591,content_safety,label_integrity,0.5231002102006276,True,fraction
german_credit,592,content_safety,label_integrity,0.08815919761879565,False,fraction
german_credit,593,content_safety,label_integrity,0.24955743396309227,False,fraction
german_credit,594,content_safety,label_integrity,0.8154229866194111,True,fraction
german_credit,595,content_safety,label_integrity,0.5292636193101693,True,fraction
german_credit,596,content_safety,label_integrity,0.19209296354300587,False,fraction
german_credit,597,content_safety,label_integrity,0.6834517345769937,True,fraction
german_credit,598,content_safety,label_integrity,0.9103851701246729,True,fraction
german_credit,599,content_safety,label_integrity,0.09467062679214633,False,fraction
german_credit,600,content_safety,label_integrity,0.052918373105626304,False,fraction
german_credit,601,content_safety,label_integrity,0.7058755064519893,True,fraction
german_credit,602,content_safety,label_integrity,0.13344879533032816,False,fraction
german_credit,603,content_safety,label_integrity,0.7180733810285422,True,fraction
german_credit,604,content_safety,label_integrity,0.38992426759560117,False,fraction
german_credit,605,content_safety,label_integrity,0.6189754134452934,True,fraction
german_credit,606,content_safety,label_integrity,0.03650658037649723,False,fraction
german_credit,607,content_safety,label_integrity,0.6377283246096022,True,fraction
german_credit,608,content_safety,label_integrity,0.0923265226634804,False,fraction
german_credit,609,content_safety,label_integrity,0.04108667338463823,False,fraction
german_credit,610,content_safety,label_integrity,0.47456261180954484,False,fraction
german_credit,611,content_safety,label_integrity,0.7747429942925729,True,fraction
german_credit,612,content_safety,label_integrity,0.4998848852595523,False,fraction
german_credit,613,content_safety,label_integrity,0.443836675969008,False,fraction
german_credit,614,content_safety,label_integrity,0.9086160529546995,True,fraction
german_credit,615,content_safety,label_integrity,0.6165194033832112,True,fraction
german_credit,616,content_safety,label_integrity,0.37641102202192034,False,fraction
german_credit,617,content_safety,label_integrity,0.31583008665212375,False,fraction
german_credit,618,content_safety,label_integrity,0.43620067509789495,False,fraction
german_credit,619,content_safety,label_integrity,0.3986757123992196,False,fraction
german_credit,620,content_safety,label_integrity,0.17546635451458537,False,fraction
german_credit,621,content_safety,label_integrity,0.8488642895451568,True,fraction
german_credit,622,content_safety,label_integrity,0.6937103788913048,True,fraction
german_credit,623,content_safety,label_integrity,0.7390877767743741,True,fraction
german_credit,624,content_safety,label_integrity,0.5289465373521038,True,fraction
german_credit,625,content_safety,label_integrity,0.036130311384583336,False,fraction
german_credit,626,content_safety,label_integrity,0.06523371492717978,False,fraction
german_credit,627,content_safety,label_integrity,0.7718084598231778,True,fraction
german_credit,628,content_safety,label_integrity,0.04696105044260279,False,fraction
german_credit,629,content_safety,label_integrity,0.030106748059579247,False,fraction
german_credit,630,content_safety,label_integrity,0.4704637076600915,False,fraction
german_credit,631,content_safety,label_integrity,0.35275707323030836,False,fraction
german_credit,632,content_safety,label_integrity,0.26238583754276534,False,fraction
german_credit,633,content_safety,label_integrity,0.7024593619258308,True,fraction
german_credit,634,content_safety,label_integrity,0.3617760291037797,False,fraction
german_credit,635,content_safety,label_integrity,0.43506822178877735,False,fraction
german_credit,636,content_safety,label_integrity,0.05444262297085389,False,fraction
german_credit,637,content_safety,label_integrity,0.44121632739906014,False,fraction
german_credit,638,content_safety,label_integrity,0.21003090689756765,False,fraction
german_credit,639,content_safety,label_integrity,0.34880020342631857,False,fraction
german_credit,640,content_safety,label_integrity,0.48327732762025866,False,fraction
german_credit,641,content_safety,label_integrity,0.5455823588526355,True,fraction
german_credit,642,content_safety,label_integrity,0.892838435749992,True,fraction
german_credit,643,content_safety,label_integrity,0.01848637254058172,False,fraction
german_credit,644,content_safety,label_integrity,0.3032876703424101,False,fraction
german_credit,645,content_safety,label_integrity,0.7515605203173641,True,fraction
german_credit,646,content_safety,label_integrity,0.6476936281197178,True,fraction
german_credit,647,content_safety,label_integrity,0.8800287329655669,True,fraction
german_credit,648,content_safety,label_integrity,0.39240381886565345,False,fraction
german_credit,649,content_safety,label_integrity,0.28627852011099586,False,fraction
german_credit,650,content_safety,label_integrity,0.716293509484711,True,fraction
german_credit,651,content_safety,label_integrity,0.6994165396216769,True,fraction
german_credit,652,content_safety,label_integrity,0.3172493935975679,False,fraction
german_credit,653,content_safety,label_integrity,0.3799692755349793,False,fraction
german_credit,654,content_safety,label_integrity,0.017737706560762456,False,fraction
german_credit,655,content_safety,label_integrity,0.7312938249151365,True,fraction
german_credit,656,content_safety,label_integrity,0.40802192647675406,False,fraction
german_credit,657,content_safety,label_integrity,0.12014914234831842,False,fraction
german_credit,658,content_safety,label_integrity,0.6813441765935726,True,fraction
german_credit,659,content_safety,label_integrity,0.14155272535222452,False,fraction
german_credit,660,content_safety,label_integrity,0.38430474879315146,False,fraction
german_credit,661,content_safety,label_integrity,0.5335891340825119,True,fraction
german_credit,662,content_safety,label_integrity,0.0922069640362998,False,fraction
german_credit,663,content_safety,label_integrity,0.37150207836908833,False,fraction
german_credit,664,content_safety,label_integrity,0.14538920054080484,False,fraction
german_credit,665,content_safety,label_integrity,0.24385007135384273,False,fraction
german_credit,666,content_safety,label_integrity,0.6292322930652522,True,fraction
german_credit,667,content_safety,label_integrity,0.45728649322918624,False,fraction
german_credit,668,content_safety,label_integrity,0.5671434668503246,True,fraction
german_credit,669,content_safety,label_integrity,0.12303884585264968,False,fraction
german_credit,670,content_safety,label_integrity,0.04626090085556056,False,fraction
german_credit,671,content_safety,label_integrity,0.07095496666160284,False,fraction
german_credit,672,content_safety,label_integrity,0.660109978435377,True,fraction
german_credit,673,content_safety,label_integrity,0.0970153556622314,False,fraction
german_credit,674,content_safety,label_integrity,0.8465159175544384,True,fraction
german_credit,675,content_safety,label_integrity,0.10407440625742481,False,fraction
german_credit,676,content_safety,label_integrity,0.08817395682122886,False,fraction
german_credit,677,content_safety,label_integrity,0.24189578094508812,False,fraction
german_credit,678,content_safety,label_integrity,0.5531021750416414,True,fraction
german_credit,679,content_safety,label_integrity,0.12076582985984796,False,fraction
german_credit,680,content_safety,label_integrity,0.18053513975167323,False,fraction
german_credit,681,content_safety,label_integrity,0.0368922081292552,False,fraction
german_credit,682,content_safety,label_integrity,0.25192220872614857,False,fraction
german_credit,683,content_safety,label_integrity,0.12826081689854452,False,fraction
german_credit,684,content_safety,label_integrity,0.32002484547888466,False,fraction
german_credit,685,content_safety,label_integrity,0.6019089104368262,True,fraction
german_credit,686,content_safety,label_integrity,0.0318275875596995,False,fraction
german_credit,687,content_safety,label_integrity,0.6895058245650706,True,fraction
german_credit,688,content_safety,label_integrity,0.07123465022435183,False,fraction
german_credit,689,content_safety,label_integrity,0.3459519800747348,False,fraction
german_credit,690,content_safety,label_integrity,0.504165477703866,True,fraction
german_credit,691,content_safety,label_integrity,0.44961957284485565,False,fraction
german_credit,692,content_safety,label_integrity,0.22487454363334702,False,fraction
german_credit,693,content_safety,label_integrity,0.1457838181417508,False,fraction
german_credit,694,content_safety,label_integrity,0.06095593493954099,False,fraction
german_credit,695,content_safety,label_integrity,0.020932386524063595,False,fraction
german_credit,696,content_safety,label_integrity,0.047574568633376946,False,fraction
german_credit,697,content_safety,label_integrity,0.01950802884778946,False,fraction
german_credit,698,content_safety,label_integrity,0.08289186836632267,False,fraction
german_credit,699,content_safety,label_integrity,0.2861286217679887,False,fraction
german_credit,700,content_safety,label_integrity,0.9188844478726066,True,fraction
german_credit,701,content_safety,label_integrity,0.6743380435918169,True,fraction
german_credit,702,content_safety,label_integrity,0.395356040108805,False,fraction
german_credit,703,content_safety,label_integrity,0.4116966961419233,False,fraction
german_credit,704,content_safety,label_integrity,0.7823887687148388,True,fraction
german_credit,705,content_safety,label_integrity,0.188604666304807,False,fraction
german_credit,706,content_safety,label_integrity,0.34838877461958906,False,fraction
german_credit,707,content_safety,label_integrity,0.15342943207387705,False,fraction
german_credit,708,content_safety,label_integrity,0.4127999923681216,False,fraction
german_credit,709,content_safety,label_integrity,0.1260864947699709,False,fraction
german_credit,710,content_safety,label_integrity,0.045564519426018135,False,fraction
german_credit,711,content_safety,label_integrity,0.15477607752711853,False,fraction
german_credit,712,content_safety,label_integrity,0.013679817807802919,False,fraction
german_credit,713,content_safety,label_integrity,0.3373339626497993,False,fraction
german_credit,714,content_safety,label_integrity,0.10296417187899665,False,fraction
german_credit,715,content_safety,label_integrity,0.016420753015422673,False,fraction
german_credit,716,content_safety,label_integrity,0.031955723006813486,False,fraction
german_credit,717,content_safety,label_integrity,0.09518920959508936,False,fraction
german_credit,718,content_safety,label_integrity,0.023974889806022026,False,fraction
german_credit,719,content_safety,label_integrity,0.5533550852336225,True,fraction
german_credit,720,content_safety,label_integrity,0.7912228349393062,True,fraction
german_credit,721,content_safety,label_integrity,0.2544174197435699,False,fraction
german_credit,722,content_safety,label_integrity,0.2927752929988253,False,fraction
german_credit,723,content_safety,label_integrity,0.17212299507243456,False,fraction
german_credit,724,content_safety,label_integrity,0.4985716774161678,False,fraction
german_credit,725,content_safety,label_integrity,0.053913733621136606,False,fraction
german_credit,726,content_safety,label_integrity,0.0328064213126652,False,fraction
german_credit,727,content_safety,label_integrity,0.16029146821029383,False,fraction
german_credit,728,content_safety,label_integrity,0.05570965766518976,False,fraction
german_credit,729,content_safety,label_integrity,0.02089453381744566,False,fraction
german_credit,730,content_safety,label_integrity,0.3168132560645578,False,fraction
german_credit,731,content_safety,label_integrity,0.49541075191158035,False,fraction
german_credit,732,content_safety,label_integrity,0.05827608892967584,False,fraction
german_credit,733,content_safety,label_integrity,0.01606190434960031,False,fraction
german_credit,734,content_safety,label_integrity,0.022187135774277222,False,fraction
german_credit,735,content_safety,label_integrity,0.9188901130102551,True,fraction
german_credit,736,content_safety,label_integrity,0.5249781519258654,True,fraction
german_credit,737,content_safety,label_integrity,0.5317837028415972,True,fraction
german_credit,738,content_safety,label_integrity,0.1244379758978319,False,fraction
german_credit,739,content_safety,label_integrity,0.24462257041769164,False,fraction
german_credit,740,content_safety,label_integrity,0.7436003184345078,True,fraction
german_credit,741,content_safety,label_integrity,0.692204957707852,True,fraction
german_credit,742,content_safety,label_integrity,0.029325789548936054,False,fraction
german_credit,743,content_safety,label_integrity,0.8727448734080006,True,fraction
german_credit,744,content_safety,label_integrity,0.5842848216117457,True,fraction
german_credit,745,content_safety,label_integrity,0.4330300279637147,False,fraction
german_credit,746,content_safety,label_integrity,0.6807835572458805,True,fraction
german_credit,747,content_safety,label_integrity,0.46805241571759415,False,fraction
german_credit,748,content_safety,label_integrity,0.02572800222533711,False,fraction
german_credit,749,content_safety,label_integrity,0.013343818331669088,False,fraction
german_credit,750,content_safety,label_integrity,0.280064865947967,False,fraction
german_credit,751,content_safety,label_integrity,0.4765893445578948,False,fraction
german_credit,752,content_safety,label_integrity,0.24483275422589001,False,fraction
german_credit,753,content_safety,label_integrity,0.16395188002042638,False,fraction
german_credit,754,content_safety,label_integrity,0.9565856776962159,True,fraction
german_credit,755,content_safety,label_integrity,0.3614205713714539,False,fraction
german_credit,756,content_safety,label_integrity,0.035649042679257614,False,fraction
german_credit,757,content_safety,label_integrity,0.9692784366468817,True,fraction
german_credit,758,content_safety,label_integrity,0.055283318597602604,False,fraction
german_credit,759,content_safety,label_integrity,0.5682773255059131,True,fraction
german_credit,760,content_safety,label_integrity,0.02692869569358758,False,fraction
german_credit,761,content_safety,label_integrity,0.5209906990299102,True,fraction
german_credit,762,content_safety,label_integrity,0.5259039165182621,True,fraction
german_credit,763,content_safety,label_integrity,0.79728589045031,True,fraction
german_credit,764,content_safety,label_integrity,0.10525054095130004,False,fraction
german_credit,765,content_safety,label_integrity,0.2063882443575511,False,fraction
german_credit,766,content_safety,label_integrity,0.43073624059671767,False,fraction
german_credit,767,content_safety,label_integrity,0.015751432597913007,False,fraction
german_credit,768,content_safety,label_integrity,0.10712943234743588,False,fraction
german_credit,769,content_safety,label_integrity,0.020036740893798366,False,fraction
german_credit,770,content_safety,label_integrity,0.1403139480796579,False,fraction
german_credit,771,content_safety,label_integrity,0.20727102288546773,False,fraction
german_credit,772,content_safety,label_integrity,0.006813120198853051,False,fraction
german_credit,773,content_safety,label_integrity,0.09277998544682065,False,fraction
german_credit,774,content_safety,label_integrity,0.16891623022148394,False,fraction
german_credit,775,content_safety,label_integrity,0.35294125166876766,False,fraction
german_credit,776,content_safety,label_integrity,0.10450096730338843,False,fraction
german_credit,777,content_safety,label_integrity,0.30948111467159833,False,fraction
german_credit,778,content_safety,label_integrity,0.01281833153338685,False,fraction
german_credit,779,content_safety,label_integrity,0.33674024701387606,False,fraction
german_credit,780,content_safety,label_integrity,0.9109902503796946,True,fraction
german_credit,781,content_safety,label_integrity,0.03899273442818596,False,fraction
german_credit,782,content_safety,label_integrity,0.17800623876851662,False,fraction
german_credit,783,content_safety,label_integrity,0.26677496093640574,False,fraction
german_credit,784,content_safety,label_integrity,0.0672420052404259,False,fraction
german_credit,785,content_safety,label_integrity,0.09717367202580052,False,fraction
german_credit,786,content_safety,label_integrity,0.04174868543048349,False,fraction
german_credit,787,content_safety,label_integrity,0.03728614330485114,False,fraction
german_credit,788,content_safety,label_integrity,0.2906972594073921,False,fraction
german_credit,789,content_safety,label_integrity,0.10139553743000529,False,fraction
german_credit,790,content_safety,label_integrity,0.6528921096592533,True,fraction
german_credit,791,content_safety,label_integrity,0.01869112213565627,False,fraction
german_credit,792,content_safety,label_integrity,0.013458677874724989,False,fraction
german_credit,793,content_safety,label_integrity,0.5269076935403746,True,fraction
german_credit,794,content_safety,label_integrity,0.13796933051371618,False,fraction
german_credit,795,content_safety,label_integrity,0.213856965525397,False,fraction
german_credit,796,content_safety,label_integrity,0.964664959044508,True,fraction
german_credit,797,content_safety,label_integrity,0.12114081638762553,False,fraction
german_credit,798,content_safety,label_integrity,0.10692353403008947,False,fraction
german_credit,799,content_safety,label_integrity,0.08946951115027102,False,fraction
german_credit,800,content_safety,label_integrity,0.29046649830612714,False,fraction
german_credit,801,content_safety,label_integrity,0.07778901378183645,False,fraction
german_credit,802,content_safety,label_integrity,0.36294742451656115,False,fraction
german_credit,803,content_safety,label_integrity,0.022679022900010448,False,fraction
german_credit,804,content_safety,label_integrity,0.3926698965405606,False,fraction
german_credit,805,content_safety,label_integrity,0.3041115102755936,False,fraction
german_credit,806,content_safety,label_integrity,0.04367060257206612,False,fraction
german_credit,807,content_safety,label_integrity,0.01947058814949265,False,fraction
german_credit,808,content_safety,label_integrity,0.6441749414139443,True,fraction
german_credit,809,content_safety,label_integrity,0.5268869107987915,True,fraction
german_credit,810,content_safety,label_integrity,0.2631606145584192,False,fraction
german_credit,811,content_safety,label_integrity,0.12391662312861662,False,fraction
german_credit,812,content_safety,label_integrity,0.7148135931238493,True,fraction
german_credit,813,content_safety,label_integrity,0.6644482038474104,True,fraction
german_credit,814,content_safety,label_integrity,0.20945847634554704,False,fraction
german_credit,815,content_safety,label_integrity,0.7958898161781185,True,fraction
german_credit,816,content_safety,label_integrity,0.06868893322562974,False,fraction
german_credit,817,content_safety,label_integrity,0.026859886092838847,False,fraction
german_credit,818,content_safety,label_integrity,0.9620860551105961,True,fraction
german_credit,819,content_safety,label_integrity,0.3993024025456926,False,fraction
german_credit,820,content_safety,label_integrity,0.17962544645509726,False,fraction
german_credit,821,content_safety,label_integrity,0.34821490693735324,False,fraction
german_credit,822,content_safety,label_integrity,0.3364140401389222,False,fraction
german_credit,823,content_safety,label_integrity,0.3500025247171348,False,fraction
german_credit,824,content_safety,label_integrity,0.10550425881371817,False,fraction
german_credit,825,content_safety,label_integrity,0.5434662527161117,True,fraction
german_credit,826,content_safety,label_integrity,0.5348476768387134,True,fraction
german_credit,827,content_safety,label_integrity,0.6661898883551598,True,fraction
german_credit,828,content_safety,label_integrity,0.8052851718784366,True,fraction
german_credit,829,content_safety,label_integrity,0.602797315474639,True,fraction
german_credit,830,content_safety,label_integrity,0.0715912335301715,False,fraction
german_credit,831,content_safety,label_integrity,0.16433099802071538,False,fraction
german_credit,832,content_safety,label_integrity,0.07984791552681314,False,fraction
german_credit,833,content_safety,label_integrity,0.09734731154986664,False,fraction
german_credit,834,content_safety,label_integrity,0.7429923374861088,True,fraction
german_credit,835,content_safety,label_integrity,0.08442919467247367,False,fraction
german_credit,836,content_safety,label_integrity,0.10658144778262668,False,fraction
german_credit,837,content_safety,label_integrity,0.1307155010682276,False,fraction
german_credit,838,content_safety,label_integrity,0.19225151441460198,False,fraction
german_credit,839,content_safety,label_integrity,0.11660688791005314,False,fraction
german_credit,840,content_safety,label_integrity,0.4994768470875507,False,fraction
german_credit,841,content_safety,label_integrity,0.07273721925648668,False,fraction
german_credit,842,content_safety,label_integrity,0.7883395757831876,True,fraction
german_credit,843,content_safety,label_integrity,0.210912103396797,False,fraction
german_credit,844,content_safety,label_integrity,0.24326900108273508,False,fraction
german_credit,845,content_safety,label_integrity,0.06556494729218165,False,fraction
german_credit,846,content_safety,label_integrity,0.9039524584162562,True,fraction
german_credit,847,content_safety,label_integrity,0.4593814883254621,False,fraction
german_credit,848,content_safety,label_integrity,0.14250446328893063,False,fraction
german_credit,849,content_safety,label_integrity,0.7076291859569734,True,fraction
german_credit,850,content_safety,label_integrity,0.8322592348916718,True,fraction
german_credit,851,content_safety,label_integrity,0.006090341462624993,False,fraction
german_credit,852,content_safety,label_integrity,0.03575900709323632,False,fraction
german_credit,853,content_safety,label_integrity,0.17636817593693577,False,fraction
german_credit,854,content_safety,label_integrity,0.4220182084994054,False,fraction
german_credit,855,content_safety,label_integrity,0.21389407735644217,False,fraction
german_credit,856,content_safety,label_integrity,0.007691629498152386,False,fraction
german_credit,857,content_safety,label_integrity,0.08556572435364906,False,fraction
german_credit,858,content_safety,label_integrity,0.29379292289770875,False,fraction
german_credit,859,content_safety,label_integrity,0.013103344628235147,False,fraction
german_credit,860,content_safety,label_integrity,0.03200365402069405,False,fraction
german_credit,861,content_safety,label_integrity,0.8427364336025035,True,fraction
german_credit,862,content_safety,label_integrity,0.5259598654509128,True,fraction
german_credit,863,content_safety,label_integrity,0.06059755260862809,False,fraction
german_credit,864,content_safety,label_integrity,0.8562519268710544,True,fraction
german_credit,865,content_safety,label_integrity,0.2128695619729628,False,fraction
german_credit,866,content_safety,label_integrity,0.7213134585423019,True,fraction
german_credit,867,content_safety,label_integrity,0.047259430402520786,False,fraction
german_credit,868,content_safety,label_integrity,0.17771903861824023,False,fraction
german_credit,869,content_safety,label_integrity,0.6610517844716002,True,fraction
german_credit,870,content_safety,label_integrity,0.09034817953165375,False,fraction
german_credit,871,content_safety,label_integrity,0.022061142203660733,False,fraction
german_credit,872,content_safety,label_integrity,0.11108682725834507,False,fraction
german_credit,873,content_safety,label_integrity,0.14517158478937509,False,fraction
german_credit,874,content_safety,label_integrity,0.37516059420910763,False,fraction
german_credit,875,content_safety,label_integrity,0.11924209526600082,False,fraction
german_credit,876,content_safety,label_integrity,0.8543847165038811,True,fraction
german_credit,877,content_safety,label_integrity,0.21405567282088622,False,fraction
german_credit,878,content_safety,label_integrity,0.510971612550286,True,fraction
german_credit,879,content_safety,label_integrity,0.016601346582411525,False,fraction
german_credit,880,content_safety,label_integrity,0.03753648883080707,False,fraction
german_credit,881,content_safety,label_integrity,0.042394631794950066,False,fraction
german_credit,882,content_safety,label_integrity,0.2025003584802798,False,fraction
german_credit,883,content_safety,label_integrity,0.04377496239624612,False,fraction
german_credit,884,content_safety,label_integrity,0.7320350147405047,True,fraction
german_credit,885,content_safety,label_integrity,0.3049989430806638,False,fraction
german_credit,886,content_safety,label_integrity,0.2532850146926584,False,fraction
german_credit,887,content_safety,label_integrity,0.2169565670790714,False,fraction
german_credit,888,content_safety,label_integrity,0.3024655407047231,False,fraction
german_credit,889,content_safety,label_integrity,0.20469816997992396,False,fraction
german_credit,890,content_safety,label_integrity,0.62828936301388,True,fraction
german_credit,891,content_safety,label_integrity,0.025146677211256296,False,fraction
german_credit,892,content_safety,label_integrity,0.3253271629722889,False,fraction
german_credit,893,content_safety,label_integrity,0.21004322573934597,False,fraction
german_credit,894,content_safety,label_integrity,0.021372205899684027,False,fraction
german_credit,895,content_safety,label_integrity,0.04614646103449571,False,fraction
german_credit,896,content_safety,label_integrity,0.6591673176082126,True,fraction
german_credit,897,content_safety,label_integrity,0.0011896394597041837,False,fraction
german_credit,898,content_safety,label_integrity,0.03821006157316331,False,fraction
german_credit,899,content_safety,label_integrity,0.6826409727900452,True,fraction
german_credit,900,content_safety,label_integrity,0.8754924179671028,True,fraction
german_credit,901,content_safety,label_integrity,0.10125264465772899,False,fraction
german_credit,902,content_safety,label_integrity,0.026170878090468475,False,fraction
german_credit,903,content_safety,label_integrity,0.046634399468213794,False,fraction
german_credit,904,content_safety,label_integrity,0.08163621840975233,False,fraction
german_credit,905,content_safety,label_integrity,0.3591906102633108,False,fraction
german_credit,906,content_safety,label_integrity,0.16046158311685466,False,fraction
german_credit,907,content_safety,label_integrity,0.48646498158151275,False,fraction
german_credit,908,content_safety,label_integrity,0.036047041086895826,False,fraction
german_credit,909,content_safety,label_integrity,0.20754789505063242,False,fraction
german_credit,910,content_safety,label_integrity,0.23092305021132464,False,fraction
german_credit,911,content_safety,label_integrity,0.5172284374018532,True,fraction
german_credit,912,content_safety,label_integrity,0.25694230480750757,False,fraction
german_credit,913,content_safety,label_integrity,0.0181587138549818,False,fraction
german_credit,914,content_safety,label_integrity,0.24840976932221304,False,fraction
german_credit,915,content_safety,label_integrity,0.5701581737719897,True,fraction
german_credit,916,content_safety,label_integrity,0.017342801184119683,False,fraction
german_credit,917,content_safety,label_integrity,0.4103837255552111,False,fraction
german_credit,918,content_safety,label_integrity,0.6762610352908764,True,fraction
german_credit,919,content_safety,label_integrity,0.6085597792318251,True,fraction
german_credit,920,content_safety,label_integrity,0.13192471648450077,False,fraction
german_credit,921,content_safety,label_integrity,0.1549740501550131,False,fraction
german_credit,922,content_safety,label_integrity,0.37899231201425043,False,fraction
german_credit,923,content_safety,label_integrity,0.4880613389694234,False,fraction
german_credit,924,content_safety,label_integrity,0.12815700602218105,False,fraction
german_credit,925,content_safety,label_integrity,0.22742560577271564,False,fraction
german_credit,926,content_safety,label_integrity,0.6098995003872156,True,fraction
german_credit,927,content_safety,label_integrity,0.32355955781427304,False,fraction
german_credit,928,content_safety,label_integrity,0.03477362446358356,False,fraction
german_credit,929,content_safety,label_integrity,0.544915712781049,True,fraction
german_credit,930,content_safety,label_integrity,0.47243384053514514,False,fraction
german_credit,931,content_safety,label_integrity,0.5358722576673846,True,fraction
german_credit,932,content_safety,label_integrity,0.10233428813708012,False,fraction
german_credit,933,content_safety,label_integrity,0.02581977108116318,False,fraction
german_credit,934,content_safety,label_integrity,0.7165368508146195,True,fraction
german_credit,935,content_safety,label_integrity,0.28651587876165363,False,fraction
german_credit,936,content_safety,label_integrity,0.8585896466494733,True,fraction
german_credit,937,content_safety,label_integrity,0.36026573239224224,False,fraction
german_credit,938,content_safety,label_integrity,0.13028199777454064,False,fraction
german_credit,939,content_safety,label_integrity,0.007428385622183953,False,fraction
german_credit,940,content_safety,label_integrity,0.11749405088258447,False,fraction
german_credit,941,content_safety,label_integrity,0.09756459138207307,False,fraction
german_credit,942,content_safety,label_integrity,0.046436916727608746,False,fraction
german_credit,943,content_safety,label_integrity,0.036242790811869985,False,fraction
german_credit,944,content_safety,label_integrity,0.48318444839808394,False,fraction
german_credit,945,content_safety,label_integrity,0.9324115414906751,True,fraction
german_credit,946,content_safety,label_integrity,0.2675340029265397,False,fraction
german_credit,947,content_safety,label_integrity,0.04623849324946261,False,fraction
german_credit,948,content_safety,label_integrity,0.6442980695986844,True,fraction
german_credit,949,content_safety,label_integrity,0.9363138636845967,True,fraction
german_credit,950,content_safety,label_integrity,0.38860344004944103,False,fraction
german_credit,951,content_safety,label_integrity,0.7947067029885886,True,fraction
german_credit,952,content_safety,label_integrity,0.7056962354437923,True,fraction
german_credit,953,content_safety,label_integrity,0.6200075020762523,True,fraction
german_credit,954,content_safety,label_integrity,0.5468002785989705,True,fraction
german_credit,955,content_safety,label_integrity,0.15933573263537504,False,fraction
german_credit,956,content_safety,label_integrity,0.11452847346807493,False,fraction
german_credit,957,content_safety,label_integrity,0.05448843150062177,False,fraction
german_credit,958,content_safety,label_integrity,0.3406927476151643,False,fraction
german_credit,959,content_safety,label_integrity,0.44509980684123607,False,fraction
german_credit,960,content_safety,label_integrity,0.054279149601417664,False,fraction
german_credit,961,content_safety,label_integrity,0.46521943572013535,False,fraction
german_credit,962,content_safety,label_integrity,0.14586371178261548,False,fraction
german_credit,963,content_safety,label_integrity,0.9303544705170272,True,fraction
german_credit,964,content_safety,label_integrity,0.4966780917224922,False,fraction
german_credit,965,content_safety,label_integrity,0.3555123067710746,False,fraction
german_credit,966,content_safety,label_integrity,0.7995117130930904,True,fraction
german_credit,967,content_safety,label_integrity,0.2718852010372579,False,fraction
german_credit,968,content_safety,label_integrity,0.08426282427564258,False,fraction
german_credit,969,content_safety,label_integrity,0.24304043623660188,False,fraction
german_credit,970,content_safety,label_integrity,0.20892624898474943,False,fraction
german_credit,971,content_safety,label_integrity,0.37931403103166395,False,fraction
german_credit,972,content_safety,label_integrity,0.07570514307380094,False,fraction
german_credit,973,content_safety,label_integrity,0.05517402799330895,False,fraction
german_credit,974,content_safety,label_integrity,0.12314687910454647,False,fraction
german_credit,975,content_safety,label_integrity,0.19845823022105336,False,fraction
german_credit,976,content_safety,label_integrity,0.07037385463668877,False,fraction
german_credit,977,content_safety,label_integrity,0.20666444407360918,False,fraction
german_credit,978,content_safety,label_integrity,0.6764608186084102,True,fraction
german_credit,979,content_safety,label_integrity,0.2836557243327349,False,fraction
german_credit,980,content_safety,label_integrity,0.8917914467672252,True,fraction
german_credit,981,content_safety,label_integrity,0.5304585494818863,True,fraction
german_credit,982,content_safety,label_integrity,0.2522062804887225,False,fraction
german_credit,983,content_safety,label_integrity,0.5450517539373771,True,fraction
german_credit,984,content_safety,label_integrity,0.027252866953448307,False,fraction
german_credit,985,content_safety,label_integrity,0.5967892353732792,True,fraction
german_credit,986,content_safety,label_integrity,0.8229061644716159,True,fraction
german_credit,987,content_safety,label_integrity,0.047608636678941996,False,fraction
german_credit,988,content_safety,label_integrity,0.5014109227706179,True,fraction
german_credit,989,content_safety,label_integrity,0.1985496959953914,False,fraction
german_credit,990,content_safety,label_integrity,0.05573347351541491,False,fraction
german_credit,991,content_safety,label_integrity,0.2907114015879697,False,fraction
german_credit,992,content_safety,label_integrity,0.17917459073621056,False,fraction
german_credit,993,content_safety,label_integrity,0.7456470524022389,True,fraction
german_credit,994,content_safety,label_integrity,0.05172613943105131,False,fraction
german_credit,995,content_safety,label_integrity,0.05263711120165793,False,fraction
german_credit,996,content_safety,label_integrity,0.4890068642883547,False,fraction
german_credit,997,content_safety,label_integrity,0.04345660463385159,False,fraction
german_credit,998,content_safety,label_integrity,0.40070165268070235,False,fraction
german_credit,999,content_safety,label_integrity,0.14019953392225437,False,fraction
german_credit,0,content_safety,representation_imbalance,0.376,False,fraction
german_credit,1,content_safety,representation_imbalance,0.16000000000000003,False,fraction
german_credit,2,content_safety,representation_imbalance,0.0,False,fraction
german_credit,3,content_safety,representation_imbalance,0.0,False,fraction
german_credit,4,content_safety,representation_imbalance,0.376,False,fraction
german_credit,5,content_safety,representation_imbalance,0.0,False,fraction
german_credit,6,content_safety,representation_imbalance,0.376,False,fraction
german_credit,7,content_safety,representation_imbalance,0.0,False,fraction
german_credit,8,content_safety,representation_imbalance,0.376,False,fraction
german_credit,9,content_safety,representation_imbalance,0.0,False,fraction
german_credit,10,content_safety,representation_imbalance,0.16000000000000003,False,fraction
german_credit,11,content_safety,representation_imbalance,0.16000000000000003,False,fraction
german_credit,12,content_safety,representation_imbalance,0.16000000000000003,False,fraction
german_credit,13,content_safety,representation_imbalance,0.376,False,fraction
german_credit,14,content_safety,representation_imbalance,0.06399999999999995,False,fraction
german_credit,15,content_safety,representation_imbalance,0.06399999999999995,False,fraction
german_credit,16,content_safety,representation_imbalance,0.376,False,fraction
german_credit,17,content_safety,representation_imbalance,0.31999999999999995,False,fraction
german_credit,18,content_safety,representation_imbalance,0.5760000000000001,False,fraction
german_credit,19,content_safety,representation_imbalance,0.0,False,fraction
german_credit,20,content_safety,representation_imbalance,0.0,False,fraction
german_credit,21,content_safety,representation_imbalance,0.0,False,fraction
german_credit,22,content_safety,representation_imbalance,0.0,False,fraction
german_credit,23,content_safety,representation_imbalance,0.0,False,fraction
german_credit,24,content_safety,representation_imbalance,0.0,False,fraction
german_credit,25,content_safety,representation_imbalance,0.0,False,fraction
german_credit,26,content_safety,representation_imbalance,0.0,False,fraction
german_credit,27,content_safety,representation_imbalance,0.5760000000000001,False,fraction
german_credit,28,content_safety,representation_imbalance,0.0,False,fraction
german_credit,29,content_safety,representation_imbalance,0.376,False,fraction
german_credit,30,content_safety,representation_imbalance,0.0,False,fraction
german_credit,31,content_safety,representation_imbalance,0.0,False,fraction
german_credit,32,content_safety,representation_imbalance,0.0,False,fraction
german_credit,33,content_safety,representation_imbalance,0.376,False,fraction
german_credit,34,content_safety,representation_imbalance,0.06399999999999995,False,fraction
german_credit,35,content_safety,representation_imbalance,0.31999999999999995,False,fraction
german_credit,36,content_safety,representation_imbalance,0.0,False,fraction
german_credit,37,content_safety,representation_imbalance,0.0,False,fraction
german_credit,38,content_safety,representation_imbalance,0.0,False,fraction
german_credit,39,content_safety,representation_imbalance,0.31999999999999995,False,fraction
german_credit,40,content_safety,representation_imbalance,0.0,False,fraction
german_credit,41,content_safety,representation_imbalance,0.0,False,fraction
german_credit,42,content_safety,representation_imbalance,0.0,False,fraction
german_credit,43,content_safety,representation_imbalance,0.31999999999999995,False,fraction
german_credit,44,content_safety,representation_imbalance,0.72,True,fraction
german_credit,45,content_safety,representation_imbalance,0.06399999999999995,False,fraction
german_credit,46,content_safety,representation_imbalance,0.0,False,fraction
german_credit,47,content_safety,representation_imbalance,0.16000000000000003,False,fraction
german_credit,48,content_safety,representation_imbalance,0.0,False,fraction
german_credit,49,content_safety,representation_imbalance,0.06399999999999995,False,fraction
german_credit,50,content_safety,representation_imbalance,0.0,False,fraction
german_credit,51,content_safety,representation_imbalance,0.0,False,fraction
german_credit,52,content_safety,representation_imbalance,0.31999999999999995,False,fraction
german_credit,53,content_safety,representation_imbalance,0.0,False,fraction
german_credit,54,content_safety,representation_imbalance,0.376,False,fraction
german_credit,55,content_safety,representation_imbalance,0.0,False,fraction
german_credit,56,content_safety,representation_imbalance,0.376,False,fraction
german_credit,57,content_safety,representation_imbalance,0.06399999999999995,False,fraction
german_credit,58,content_safety,representation_imbalance,0.16000000000000003,False,fraction
german_credit,59,content_safety,representation_imbalance,0.16000000000000003,False,fraction
german_credit,60,content_safety,representation_imbalance,0.0,False,fraction
german_credit,61,content_safety,representation_imbalance,0.0,False,fraction
german_credit,62,content_safety,representation_imbalance,0.376,False,fraction
german_credit,63,content_safety,representation_imbalance,0.31999999999999995,False,fraction
german_credit,64,content_safety,representation_imbalance,0.06399999999999995,False,fraction
german_credit,65,content_safety,representation_imbalance,0.0,False,fraction
german_credit,66,content_safety,representation_imbalance,0.06399999999999995,False,fraction
german_credit,67,content_safety,representation_imbalance,0.31999999999999995,False,fraction
german_credit,68,content_safety,representation_imbalance,0.0,False,fraction
german_credit,69,content_safety,representation_imbalance,0.16000000000000003,False,fraction
german_credit,70,content_safety,representation_imbalance,0.06399999999999995,False,fraction
german_credit,71,content_safety,representation_imbalance,0.0,False,fraction
german_credit,72,content_safety,representation_imbalance,0.376,False,fraction
german_credit,73,content_safety,representation_imbalance,0.5760000000000001,False,fraction
german_credit,74,content_safety,representation_imbalance,0.0,False,fraction
german_credit,75,content_safety,representation_imbalance,0.376,False,fraction
german_credit,76,content_safety,representation_imbalance,0.0,False,fraction
german_credit,77,content_safety,representation_imbalance,0.376,False,fraction
german_credit,78,content_safety,representation_imbalance,0.0,False,fraction
german_credit,79,content_safety,representation_imbalance,0.31999999999999995,False,fraction
german_credit,80,content_safety,representation_imbalance,0.5760000000000001,False,fraction
german_credit,81,content_safety,representation_imbalance,0.0,False,fraction
german_credit,82,content_safety,representation_imbalance,0.16000000000000003,False,fraction
german_credit,83,content_safety,representation_imbalance,0.72,True,fraction
german_credit,84,content_safety,representation_imbalance,0.376,False,fraction
german_credit,85,content_safety,representation_imbalance,0.06399999999999995,False,fraction
german_credit,86,content_safety,representation_imbalance,0.06399999999999995,False,fraction
german_credit,87,content_safety,representation_imbalance,0.0,False,fraction
german_credit,88,content_safety,representation_imbalance,0.0,False,fraction
german_credit,89,content_safety,representation_imbalance,0.0,False,fraction
german_credit,90,content_safety,representation_imbalance,0.376,False,fraction
german_credit,91,content_safety,representation_imbalance,0.376,False,fraction
german_credit,92,content_safety,representation_imbalance,0.06399999999999995,False,fraction
german_credit,93,content_safety,representation_imbalance,0.31999999999999995,False,fraction
german_credit,94,content_safety,representation_imbalance,0.376,False,fraction
german_credit,95,content_safety,representation_imbalance,0.376,False,fraction
german_credit,96,content_safety,representation_imbalance,0.72,True,fraction
german_credit,97,content_safety,representation_imbalance,0.0,False,fraction
german_credit,98,content_safety,representation_imbalance,0.0,False,fraction
german_credit,99,content_safety,representation_imbalance,0.0,False,fraction
german_credit,100,content_safety,representation_imbalance,0.0,False,fraction
german_credit,101,content_safety,representation_imbalance,0.31999999999999995,False,fraction
german_credit,102,content_safety,representation_imbalance,0.16000000000000003,False,fraction
german_credit,103,content_safety,representation_imbalance,0.0,False,fraction
german_credit,104,content_safety,representation_imbalance,0.0,False,fraction
german_credit,105,content_safety,representation_imbalance,0.0,False,fraction
german_credit,106,content_safety,representation_imbalance,0.0,False,fraction
german_credit,107,content_safety,representation_imbalance,0.0,False,fraction
german_credit,108,content_safety,representation_imbalance,0.06399999999999995,False,fraction
german_credit,109,content_safety,representation_imbalance,0.0,False,fraction
german_credit,110,content_safety,representation_imbalance,0.0,False,fraction
german_credit,111,content_safety,representation_imbalance,0.16000000000000003,False,fraction
german_credit,112,content_safety,representation_imbalance,0.0,False,fraction
german_credit,113,content_safety,representation_imbalance,0.16000000000000003,False,fraction
german_credit,114,content_safety,representation_imbalance,0.0,False,fraction
german_credit,115,content_safety,representation_imbalance,0.0,False,fraction
german_credit,116,content_safety,representation_imbalance,0.06399999999999995,False,fraction
german_credit,117,content_safety,representation_imbalance,0.06399999999999995,False,fraction
german_credit,118,content_safety,representation_imbalance,0.16000000000000003,False,fraction
german_credit,119,content_safety,representation_imbalance,0.0,False,fraction
german_credit,120,content_safety,representation_imbalance,0.16000000000000003,False,fraction
german_credit,121,content_safety,representation_imbalance,0.5760000000000001,False,fraction
german_credit,122,content_safety,representation_imbalance,0.31999999999999995,False,fraction
german_credit,123,content_safety,representation_imbalance,0.376,False,fraction
german_credit,124,content_safety,representation_imbalance,0.06399999999999995,False,fraction
german_credit,125,content_safety,representation_imbalance,0.0,False,fraction
german_credit,126,content_safety,representation_imbalance,0.0,False,fraction
german_credit,127,content_safety,representation_imbalance,0.0,False,fraction
german_credit,128,content_safety,representation_imbalance,0.0,False,fraction
german_credit,129,content_safety,representation_imbalance,0.06399999999999995,False,fraction
german_credit,130,content_safety,representation_imbalance,0.16000000000000003,False,fraction
german_credit,131,content_safety,representation_imbalance,0.0,False,fraction
german_credit,132,content_safety,representation_imbalance,0.0,False,fraction
german_credit,133,content_safety,representation_imbalance,0.0,False,fraction
german_credit,134,content_safety,representation_imbalance,0.16000000000000003,False,fraction
german_credit,135,content_safety,representation_imbalance,0.5760000000000001,False,fraction
german_credit,136,content_safety,representation_imbalance,0.0,False,fraction
german_credit,137,content_safety,representation_imbalance,0.376,False,fraction
german_credit,138,content_safety,representation_imbalance,0.0,False,fraction
german_credit,139,content_safety,representation_imbalance,0.5760000000000001,False,fraction
german_credit,140,content_safety,representation_imbalance,0.0,False,fraction
german_credit,141,content_safety,representation_imbalance,0.06399999999999995,False,fraction
german_credit,142,content_safety,representation_imbalance,0.0,False,fraction
german_credit,143,content_safety,representation_imbalance,0.31999999999999995,False,fraction
german_credit,144,content_safety,representation_imbalance,0.16000000000000003,False,fraction
german_credit,145,content_safety,representation_imbalance,0.0,False,fraction
german_credit,146,content_safety,representation_imbalance,0.5760000000000001,False,fraction
german_credit,147,content_safety,representation_imbalance,0.72,True,fraction
german_credit,148,content_safety,representation_imbalance,0.0,False,fraction
german_credit,149,content_safety,representation_imbalance,0.0,False,fraction
german_credit,150,content_safety,representation_imbalance,0.0,False,fraction
german_credit,151,content_safety,representation_imbalance,0.0,False,fraction
german_credit,152,content_safety,representation_imbalance,0.31999999999999995,False,fraction
german_credit,153,content_safety,representation_imbalance,0.06399999999999995,False,fraction
german_credit,154,content_safety,representation_imbalance,0.0,False,fraction
german_credit,155,content_safety,representation_imbalance,0.16000000000000003,False,fraction
german_credit,156,content_safety,representation_imbalance,0.0,False,fraction
german_credit,157,content_safety,representation_imbalance,0.0,False,fraction
german_credit,158,content_safety,representation_imbalance,0.0,False,fraction
german_credit,159,content_safety,representation_imbalance,0.0,False,fraction
german_credit,160,content_safety,representation_imbalance,0.0,False,fraction
german_credit,161,content_safety,representation_imbalance,0.06399999999999995,False,fraction
german_credit,162,content_safety,representation_imbalance,0.0,False,fraction
german_credit,163,content_safety,representation_imbalance,0.376,False,fraction
german_credit,164,content_safety,representation_imbalance,0.0,False,fraction
german_credit,165,content_safety,representation_imbalance,0.0,False,fraction
german_credit,166,content_safety,representation_imbalance,0.06399999999999995,False,fraction
german_credit,167,content_safety,representation_imbalance,0.16000000000000003,False,fraction
german_credit,168,content_safety,representation_imbalance,0.16000000000000003,False,fraction
german_credit,169,content_safety,representation_imbalance,0.0,False,fraction
german_credit,170,content_safety,representation_imbalance,0.0,False,fraction
german_credit,171,content_safety,representation_imbalance,0.06399999999999995,False,fraction
german_credit,172,content_safety,representation_imbalance,0.06399999999999995,False,fraction
german_credit,173,content_safety,representation_imbalance,0.0,False,fraction
german_credit,174,content_safety,representation_imbalance,0.0,False,fraction
german_credit,175,content_safety,representation_imbalance,0.72,True,fraction
german_credit,176,content_safety,representation_imbalance,0.0,False,fraction
german_credit,177,content_safety,representation_imbalance,0.376,False,fraction
german_credit,178,content_safety,representation_imbalance,0.0,False,fraction
german_credit,179,content_safety,representation_imbalance,0.376,False,fraction
german_credit,180,content_safety,representation_imbalance,0.0,False,fraction
german_credit,181,content_safety,representation_imbalance,0.0,False,fraction
german_credit,182,content_safety,representation_imbalance,0.0,False,fraction
german_credit,183,content_safety,representation_imbalance,0.0,False,fraction
german_credit,184,content_safety,representation_imbalance,0.0,False,fraction
german_credit,185,content_safety,representation_imbalance,0.0,False,fraction
german_credit,186,content_safety,representation_imbalance,0.72,True,fraction
german_credit,187,content_safety,representation_imbalance,0.376,False,fraction
german_credit,188,content_safety,representation_imbalance,0.31999999999999995,False,fraction
german_credit,189,content_safety,representation_imbalance,0.06399999999999995,False,fraction
german_credit,190,content_safety,representation_imbalance,0.376,False,fraction
german_credit,191,content_safety,representation_imbalance,0.0,False,fraction
german_credit,192,content_safety,representation_imbalance,0.0,False,fraction
german_credit,193,content_safety,representation_imbalance,0.0,False,fraction
german_credit,194,content_safety,representation_imbalance,0.31999999999999995,False,fraction
german_credit,195,content_safety,representation_imbalance,0.06399999999999995,False,fraction
german_credit,196,content_safety,representation_imbalance,0.06399999999999995,False,fraction
german_credit,197,content_safety,representation_imbalance,0.06399999999999995,False,fraction
german_credit,198,content_safety,representation_imbalance,0.0,False,fraction
german_credit,199,content_safety,representation_imbalance,0.0,False,fraction
german_credit,200,content_safety,representation_imbalance,0.376,False,fraction
german_credit,201,content_safety,representation_imbalance,0.0,False,fraction
german_credit,202,content_safety,representation_imbalance,0.0,False,fraction
german_credit,203,content_safety,representation_imbalance,0.31999999999999995,False,fraction
german_credit,204,content_safety,representation_imbalance,0.0,False,fraction
german_credit,205,content_safety,representation_imbalance,0.0,False,fraction
german_credit,206,content_safety,representation_imbalance,0.0,False,fraction
german_credit,207,content_safety,representation_imbalance,0.0,False,fraction
german_credit,208,content_safety,representation_imbalance,0.31999999999999995,False,fraction
german_credit,209,content_safety,representation_imbalance,0.376,False,fraction
german_credit,210,content_safety,representation_imbalance,0.0,False,fraction
german_credit,211,content_safety,representation_imbalance,0.5760000000000001,False,fraction
german_credit,212,content_safety,representation_imbalance,0.0,False,fraction
german_credit,213,content_safety,representation_imbalance,0.376,False,fraction
german_credit,214,content_safety,representation_imbalance,0.376,False,fraction
german_credit,215,content_safety,representation_imbalance,0.5760000000000001,False,fraction
german_credit,216,content_safety,representation_imbalance,0.0,False,fraction
german_credit,217,content_safety,representation_imbalance,0.31999999999999995,False,fraction
german_credit,218,content_safety,representation_imbalance,0.31999999999999995,False,fraction
german_credit,219,content_safety,representation_imbalance,0.72,True,fraction
german_credit,220,content_safety,representation_imbalance,0.0,False,fraction
german_credit,221,content_safety,representation_imbalance,0.16000000000000003,False,fraction
german_credit,222,content_safety,representation_imbalance,0.0,False,fraction
german_credit,223,content_safety,representation_imbalance,0.0,False,fraction
german_credit,224,content_safety,representation_imbalance,0.0,False,fraction
german_credit,225,content_safety,representation_imbalance,0.0,False,fraction
german_credit,226,content_safety,representation_imbalance,0.0,False,fraction
german_credit,227,content_safety,representation_imbalance,0.376,False,fraction
german_credit,228,content_safety,representation_imbalance,0.31999999999999995,False,fraction
german_credit,229,content_safety,representation_imbalance,0.31999999999999995,False,fraction
german_credit,230,content_safety,representation_imbalance,0.0,False,fraction
german_credit,231,content_safety,representation_imbalance,0.376,False,fraction
german_credit,232,content_safety,representation_imbalance,0.0,False,fraction
german_credit,233,content_safety,representation_imbalance,0.31999999999999995,False,fraction
german_credit,234,content_safety,representation_imbalance,0.0,False,fraction
german_credit,235,content_safety,representation_imbalance,0.0,False,fraction
german_credit,236,content_safety,representation_imbalance,0.31999999999999995,False,fraction
german_credit,237,content_safety,representation_imbalance,0.376,False,fraction
german_credit,238,content_safety,representation_imbalance,0.06399999999999995,False,fraction
german_credit,239,content_safety,representation_imbalance,0.0,False,fraction
german_credit,240,content_safety,representation_imbalance,0.06399999999999995,False,fraction
german_credit,241,content_safety,representation_imbalance,0.376,False,fraction
german_credit,242,content_safety,representation_imbalance,0.31999999999999995,False,fraction
german_credit,243,content_safety,representation_imbalance,0.06399999999999995,False,fraction
german_credit,244,content_safety,representation_imbalance,0.06399999999999995,False,fraction
german_credit,245,content_safety,representation_imbalance,0.31999999999999995,False,fraction
german_credit,246,content_safety,representation_imbalance,0.376,False,fraction
german_credit,247,content_safety,representation_imbalance,0.0,False,fraction
german_credit,248,content_safety,representation_imbalance,0.0,False,fraction
german_credit,249,content_safety,representation_imbalance,0.16000000000000003,False,fraction
german_credit,250,content_safety,representation_imbalance,0.5760000000000001,False,fraction
german_credit,251,content_safety,representation_imbalance,0.5760000000000001,False,fraction
german_credit,252,content_safety,representation_imbalance,0.16000000000000003,False,fraction
german_credit,253,content_safety,representation_imbalance,0.0,False,fraction
german_credit,254,content_safety,representation_imbalance,0.31999999999999995,False,fraction
german_credit,255,content_safety,representation_imbalance,0.0,False,fraction
german_credit,256,content_safety,representation_imbalance,0.0,False,fraction
german_credit,257,content_safety,representation_imbalance,0.0,False,fraction
german_credit,258,content_safety,representation_imbalance,0.16000000000000003,False,fraction
german_credit,259,content_safety,representation_imbalance,0.72,True,fraction
german_credit,260,content_safety,representation_imbalance,0.0,False,fraction
german_credit,261,content_safety,representation_imbalance,0.72,True,fraction
german_credit,262,content_safety,representation_imbalance,0.0,False,fraction
german_credit,263,content_safety,representation_imbalance,0.72,True,fraction
german_credit,264,content_safety,representation_imbalance,0.0,False,fraction
german_credit,265,content_safety,representation_imbalance,0.0,False,fraction
german_credit,266,content_safety,representation_imbalance,0.0,False,fraction
german_credit,267,content_safety,representation_imbalance,0.5760000000000001,False,fraction
german_credit,268,content_safety,representation_imbalance,0.0,False,fraction
german_credit,269,content_safety,representation_imbalance,0.31999999999999995,False,fraction
german_credit,270,content_safety,representation_imbalance,0.0,False,fraction
german_credit,271,content_safety,representation_imbalance,0.5760000000000001,False,fraction
german_credit,272,content_safety,representation_imbalance,0.0,False,fraction
german_credit,273,content_safety,representation_imbalance,0.0,False,fraction
german_credit,274,content_safety,representation_imbalance,0.0,False,fraction
german_credit,275,content_safety,representation_imbalance,0.0,False,fraction
german_credit,276,content_safety,representation_imbalance,0.06399999999999995,False,fraction
german_credit,277,content_safety,representation_imbalance,0.0,False,fraction
german_credit,278,content_safety,representation_imbalance,0.06399999999999995,False,fraction
german_credit,279,content_safety,representation_imbalance,0.0,False,fraction
german_credit,280,content_safety,representation_imbalance,0.31999999999999995,False,fraction
german_credit,281,content_safety,representation_imbalance,0.0,False,fraction
german_credit,282,content_safety,representation_imbalance,0.0,False,fraction
german_credit,283,content_safety,representation_imbalance,0.376,False,fraction
german_credit,284,content_safety,representation_imbalance,0.0,False,fraction
german_credit,285,content_safety,representation_imbalance,0.06399999999999995,False,fraction
german_credit,286,content_safety,representation_imbalance,0.0,False,fraction
german_credit,287,content_safety,representation_imbalance,0.0,False,fraction
german_credit,288,content_safety,representation_imbalance,0.5760000000000001,False,fraction
german_credit,289,content_safety,representation_imbalance,0.0,False,fraction
german_credit,290,content_safety,representation_imbalance,0.0,False,fraction
german_credit,291,content_safety,representation_imbalance,0.0,False,fraction
german_credit,292,content_safety,representation_imbalance,0.5760000000000001,False,fraction
german_credit,293,content_safety,representation_imbalance,0.376,False,fraction
german_credit,294,content_safety,representation_imbalance,0.0,False,fraction
german_credit,295,content_safety,representation_imbalance,0.06399999999999995,False,fraction
german_credit,296,content_safety,representation_imbalance,0.16000000000000003,False,fraction
german_credit,297,content_safety,representation_imbalance,0.0,False,fraction
german_credit,298,content_safety,representation_imbalance,0.0,False,fraction
german_credit,299,content_safety,representation_imbalance,0.0,False,fraction
german_credit,300,content_safety,representation_imbalance,0.72,True,fraction
german_credit,301,content_safety,representation_imbalance,0.5760000000000001,False,fraction
german_credit,302,content_safety,representation_imbalance,0.0,False,fraction
german_credit,303,content_safety,representation_imbalance,0.0,False,fraction
german_credit,304,content_safety,representation_imbalance,0.0,False,fraction
german_credit,305,content_safety,representation_imbalance,0.0,False,fraction
german_credit,306,content_safety,representation_imbalance,0.16000000000000003,False,fraction
german_credit,307,content_safety,representation_imbalance,0.0,False,fraction
german_credit,308,content_safety,representation_imbalance,0.16000000000000003,False,fraction
german_credit,309,content_safety,representation_imbalance,0.31999999999999995,False,fraction
german_credit,310,content_safety,representation_imbalance,0.0,False,fraction
german_credit,311,content_safety,representation_imbalance,0.31999999999999995,False,fraction
german_credit,312,content_safety,representation_imbalance,0.06399999999999995,False,fraction
german_credit,313,content_safety,representation_imbalance,0.31999999999999995,False,fraction
german_credit,314,content_safety,representation_imbalance,0.0,False,fraction
german_credit,315,content_safety,representation_imbalance,0.0,False,fraction
german_credit,316,content_safety,representation_imbalance,0.0,False,fraction
german_credit,317,content_safety,representation_imbalance,0.5760000000000001,False,fraction
german_credit,318,content_safety,representation_imbalance,0.0,False,fraction
german_credit,319,content_safety,representation_imbalance,0.06399999999999995,False,fraction
german_credit,320,content_safety,representation_imbalance,0.0,False,fraction
german_credit,321,content_safety,representation_imbalance,0.0,False,fraction
german_credit,322,content_safety,representation_imbalance,0.0,False,fraction
german_credit,323,content_safety,representation_imbalance,0.0,False,fraction
german_credit,324,content_safety,representation_imbalance,0.5760000000000001,False,fraction
german_credit,325,content_safety,representation_imbalance,0.0,False,fraction
german_credit,326,content_safety,representation_imbalance,0.0,False,fraction
german_credit,327,content_safety,representation_imbalance,0.06399999999999995,False,fraction
german_credit,328,content_safety,representation_imbalance,0.0,False,fraction
german_credit,329,content_safety,representation_imbalance,0.0,False,fraction
german_credit,330,content_safety,representation_imbalance,0.376,False,fraction
german_credit,331,content_safety,representation_imbalance,0.06399999999999995,False,fraction
german_credit,332,content_safety,representation_imbalance,0.16000000000000003,False,fraction
german_credit,333,content_safety,representation_imbalance,0.16000000000000003,False,fraction
german_credit,334,content_safety,representation_imbalance,0.31999999999999995,False,fraction
german_credit,335,content_safety,representation_imbalance,0.0,False,fraction
german_credit,336,content_safety,representation_imbalance,0.16000000000000003,False,fraction
german_credit,337,content_safety,representation_imbalance,0.16000000000000003,False,fraction
german_credit,338,content_safety,representation_imbalance,0.0,False,fraction
german_credit,339,content_safety,representation_imbalance,0.0,False,fraction
german_credit,340,content_safety,representation_imbalance,0.16000000000000003,False,fraction
german_credit,341,content_safety,representation_imbalance,0.06399999999999995,False,fraction
german_credit,342,content_safety,representation_imbalance,0.31999999999999995,False,fraction
german_credit,343,content_safety,representation_imbalance,0.0,False,fraction
german_credit,344,content_safety,representation_imbalance,0.0,False,fraction
german_credit,345,content_safety,representation_imbalance,0.5760000000000001,False,fraction
german_credit,346,content_safety,representation_imbalance,0.31999999999999995,False,fraction
german_credit,347,content_safety,representation_imbalance,0.16000000000000003,False,fraction
german_credit,348,content_safety,representation_imbalance,0.0,False,fraction
german_credit,349,content_safety,representation_imbalance,0.0,False,fraction
german_credit,350,content_safety,representation_imbalance,0.16000000000000003,False,fraction
german_credit,351,content_safety,representation_imbalance,0.06399999999999995,False,fraction
german_credit,352,content_safety,representation_imbalance,0.0,False,fraction
german_credit,353,content_safety,representation_imbalance,0.0,False,fraction
german_credit,354,content_safety,representation_imbalance,0.0,False,fraction
german_credit,355,content_safety,representation_imbalance,0.31999999999999995,False,fraction
german_credit,356,content_safety,representation_imbalance,0.0,False,fraction
german_credit,357,content_safety,representation_imbalance,0.0,False,fraction
german_credit,358,content_safety,representation_imbalance,0.0,False,fraction
german_credit,359,content_safety,representation_imbalance,0.16000000000000003,False,fraction
german_credit,360,content_safety,representation_imbalance,0.376,False,fraction
german_credit,361,content_safety,representation_imbalance,0.0,False,fraction
german_credit,362,content_safety,representation_imbalance,0.5760000000000001,False,fraction
german_credit,363,content_safety,representation_imbalance,0.31999999999999995,False,fraction
german_credit,364,content_safety,representation_imbalance,0.31999999999999995,False,fraction
german_credit,365,content_safety,representation_imbalance,0.0,False,fraction
german_credit,366,content_safety,representation_imbalance,0.0,False,fraction
german_credit,367,content_safety,representation_imbalance,0.16000000000000003,False,fraction
german_credit,368,content_safety,representation_imbalance,0.0,False,fraction
german_credit,369,content_safety,representation_imbalance,0.5760000000000001,False,fraction
german_credit,370,content_safety,representation_imbalance,0.0,False,fraction
german_credit,371,content_safety,representation_imbalance,0.0,False,fraction
german_credit,372,content_safety,representation_imbalance,0.16000000000000003,False,fraction
german_credit,373,content_safety,representation_imbalance,0.376,False,fraction
german_credit,374,content_safety,representation_imbalance,0.72,True,fraction
german_credit,375,content_safety,representation_imbalance,0.5760000000000001,False,fraction
german_credit,376,content_safety,representation_imbalance,0.0,False,fraction
german_credit,377,content_safety,representation_imbalance,0.0,False,fraction
german_credit,378,content_safety,representation_imbalance,0.376,False,fraction
german_credit,379,content_safety,representation_imbalance,0.72,True,fraction
german_credit,380,content_safety,representation_imbalance,0.0,False,fraction
german_credit,381,content_safety,representation_imbalance,0.5760000000000001,False,fraction
german_credit,382,content_safety,representation_imbalance,0.16000000000000003,False,fraction
german_credit,383,content_safety,representation_imbalance,0.0,False,fraction
german_credit,384,content_safety,representation_imbalance,0.0,False,fraction
german_credit,385,content_safety,representation_imbalance,0.16000000000000003,False,fraction
german_credit,386,content_safety,representation_imbalance,0.16000000000000003,False,fraction
german_credit,387,content_safety,representation_imbalance,0.0,False,fraction
german_credit,388,content_safety,representation_imbalance,0.0,False,fraction
german_credit,389,content_safety,representation_imbalance,0.06399999999999995,False,fraction
german_credit,390,content_safety,representation_imbalance,0.0,False,fraction
german_credit,391,content_safety,representation_imbalance,0.16000000000000003,False,fraction
german_credit,392,content_safety,representation_imbalance,0.0,False,fraction
german_credit,393,content_safety,representation_imbalance,0.06399999999999995,False,fraction
german_credit,394,content_safety,representation_imbalance,0.0,False,fraction
german_credit,395,content_safety,representation_imbalance,0.0,False,fraction
german_credit,396,content_safety,representation_imbalance,0.72,True,fraction
german_credit,397,content_safety,representation_imbalance,0.0,False,fraction
german_credit,398,content_safety,representation_imbalance,0.0,False,fraction
german_credit,399,content_safety,representation_imbalance,0.5760000000000001,False,fraction
german_credit,400,content_safety,representation_imbalance,0.0,False,fraction
german_credit,401,content_safety,representation_imbalance,0.0,False,fraction
german_credit,402,content_safety,representation_imbalance,0.0,False,fraction
german_credit,403,content_safety,representation_imbalance,0.0,False,fraction
german_credit,404,content_safety,representation_imbalance,0.0,False,fraction
german_credit,405,content_safety,representation_imbalance,0.31999999999999995,False,fraction
german_credit,406,content_safety,representation_imbalance,0.0,False,fraction
german_credit,407,content_safety,representation_imbalance,0.0,False,fraction
german_credit,408,content_safety,representation_imbalance,0.0,False,fraction
german_credit,409,content_safety,representation_imbalance,0.0,False,fraction
german_credit,410,content_safety,representation_imbalance,0.16000000000000003,False,fraction
german_credit,411,content_safety,representation_imbalance,0.0,False,fraction
german_credit,412,content_safety,representation_imbalance,0.0,False,fraction
german_credit,413,content_safety,representation_imbalance,0.0,False,fraction
german_credit,414,content_safety,representation_imbalance,0.06399999999999995,False,fraction
german_credit,415,content_safety,representation_imbalance,0.0,False,fraction
german_credit,416,content_safety,representation_imbalance,0.0,False,fraction
german_credit,417,content_safety,representation_imbalance,0.16000000000000003,False,fraction
german_credit,418,content_safety,representation_imbalance,0.06399999999999995,False,fraction
german_credit,419,content_safety,representation_imbalance,0.06399999999999995,False,fraction
german_credit,420,content_safety,representation_imbalance,0.16000000000000003,False,fraction
german_credit,421,content_safety,representation_imbalance,0.0,False,fraction
german_credit,422,content_safety,representation_imbalance,0.0,False,fraction
german_credit,423,content_safety,representation_imbalance,0.0,False,fraction
german_credit,424,content_safety,representation_imbalance,0.16000000000000003,False,fraction
german_credit,425,content_safety,representation_imbalance,0.31999999999999995,False,fraction
german_credit,426,content_safety,representation_imbalance,0.0,False,fraction
german_credit,427,content_safety,representation_imbalance,0.0,False,fraction
german_credit,428,content_safety,representation_imbalance,0.31999999999999995,False,fraction
german_credit,429,content_safety,representation_imbalance,0.72,True,fraction
german_credit,430,content_safety,representation_imbalance,0.376,False,fraction
german_credit,431,content_safety,representation_imbalance,0.0,False,fraction
german_credit,432,content_safety,representation_imbalance,0.0,False,fraction
german_credit,433,content_safety,representation_imbalance,0.0,False,fraction
german_credit,434,content_safety,representation_imbalance,0.31999999999999995,False,fraction
german_credit,435,content_safety,representation_imbalance,0.31999999999999995,False,fraction
german_credit,436,content_safety,representation_imbalance,0.31999999999999995,False,fraction
german_credit,437,content_safety,representation_imbalance,0.5760000000000001,False,fraction
german_credit,438,content_safety,representation_imbalance,0.376,False,fraction
german_credit,439,content_safety,representation_imbalance,0.06399999999999995,False,fraction
german_credit,440,content_safety,representation_imbalance,0.0,False,fraction
german_credit,441,content_safety,representation_imbalance,0.06399999999999995,False,fraction
german_credit,442,content_safety,representation_imbalance,0.0,False,fraction
german_credit,443,content_safety,representation_imbalance,0.0,False,fraction
german_credit,444,content_safety,representation_imbalance,0.06399999999999995,False,fraction
german_credit,445,content_safety,representation_imbalance,0.5760000000000001,False,fraction
german_credit,446,content_safety,representation_imbalance,0.06399999999999995,False,fraction
german_credit,447,content_safety,representation_imbalance,0.0,False,fraction
german_credit,448,content_safety,representation_imbalance,0.72,True,fraction
german_credit,449,content_safety,representation_imbalance,0.376,False,fraction
german_credit,450,content_safety,representation_imbalance,0.0,False,fraction
german_credit,451,content_safety,representation_imbalance,0.06399999999999995,False,fraction
german_credit,452,content_safety,representation_imbalance,0.0,False,fraction
german_credit,453,content_safety,representation_imbalance,0.0,False,fraction
german_credit,454,content_safety,representation_imbalance,0.0,False,fraction
german_credit,455,content_safety,representation_imbalance,0.06399999999999995,False,fraction
german_credit,456,content_safety,representation_imbalance,0.0,False,fraction
german_credit,457,content_safety,representation_imbalance,0.0,False,fraction
german_credit,458,content_safety,representation_imbalance,0.06399999999999995,False,fraction
german_credit,459,content_safety,representation_imbalance,0.0,False,fraction
german_credit,460,content_safety,representation_imbalance,0.0,False,fraction
german_credit,461,content_safety,representation_imbalance,0.0,False,fraction
german_credit,462,content_safety,representation_imbalance,0.06399999999999995,False,fraction
german_credit,463,content_safety,representation_imbalance,0.0,False,fraction
german_credit,464,content_safety,representation_imbalance,0.0,False,fraction
german_credit,465,content_safety,representation_imbalance,0.376,False,fraction
german_credit,466,content_safety,representation_imbalance,0.06399999999999995,False,fraction
german_credit,467,content_safety,representation_imbalance,0.0,False,fraction
german_credit,468,content_safety,representation_imbalance,0.06399999999999995,False,fraction
german_credit,469,content_safety,representation_imbalance,0.0,False,fraction
german_credit,470,content_safety,representation_imbalance,0.31999999999999995,False,fraction
german_credit,471,content_safety,representation_imbalance,0.16000000000000003,False,fraction
german_credit,472,content_safety,representation_imbalance,0.0,False,fraction
german_credit,473,content_safety,representation_imbalance,0.0,False,fraction
german_credit,474,content_safety,representation_imbalance,0.0,False,fraction
german_credit,475,content_safety,representation_imbalance,0.06399999999999995,False,fraction
german_credit,476,content_safety,representation_imbalance,0.31999999999999995,False,fraction
german_credit,477,content_safety,representation_imbalance,0.31999999999999995,False,fraction
german_credit,478,content_safety,representation_imbalance,0.0,False,fraction
german_credit,479,content_safety,representation_imbalance,0.0,False,fraction
german_credit,480,content_safety,representation_imbalance,0.16000000000000003,False,fraction
german_credit,481,content_safety,representation_imbalance,0.0,False,fraction
german_credit,482,content_safety,representation_imbalance,0.72,True,fraction
german_credit,483,content_safety,representation_imbalance,0.06399999999999995,False,fraction
german_credit,484,content_safety,representation_imbalance,0.0,False,fraction
german_credit,485,content_safety,representation_imbalance,0.0,False,fraction
german_credit,486,content_safety,representation_imbalance,0.376,False,fraction
german_credit,487,content_safety,representation_imbalance,0.72,True,fraction
german_credit,488,content_safety,representation_imbalance,0.0,False,fraction
german_credit,489,content_safety,representation_imbalance,0.0,False,fraction
german_credit,490,content_safety,representation_imbalance,0.0,False,fraction
german_credit,491,content_safety,representation_imbalance,0.5760000000000001,False,fraction
german_credit,492,content_safety,representation_imbalance,0.06399999999999995,False,fraction
german_credit,493,content_safety,representation_imbalance,0.0,False,fraction
german_credit,494,content_safety,representation_imbalance,0.0,False,fraction
german_credit,495,content_safety,representation_imbalance,0.31999999999999995,False,fraction
german_credit,496,content_safety,representation_imbalance,0.0,False,fraction
german_credit,497,content_safety,representation_imbalance,0.0,False,fraction
german_credit,498,content_safety,representation_imbalance,0.0,False,fraction
german_credit,499,content_safety,representation_imbalance,0.0,False,fraction
german_credit,500,content_safety,representation_imbalance,0.06399999999999995,False,fraction
german_credit,501,content_safety,representation_imbalance,0.0,False,fraction
german_credit,502,content_safety,representation_imbalance,0.0,False,fraction
german_credit,503,content_safety,representation_imbalance,0.0,False,fraction
german_credit,504,content_safety,representation_imbalance,0.16000000000000003,False,fraction
german_credit,505,content_safety,representation_imbalance,0.0,False,fraction
german_credit,506,content_safety,representation_imbalance,0.0,False,fraction
german_credit,507,content_safety,representation_imbalance,0.0,False,fraction
german_credit,508,content_safety,representation_imbalance,0.0,False,fraction
german_credit,509,content_safety,representation_imbalance,0.0,False,fraction
german_credit,510,content_safety,representation_imbalance,0.0,False,fraction
german_credit,511,content_safety,representation_imbalance,0.0,False,fraction
german_credit,512,content_safety,representation_imbalance,0.0,False,fraction
german_credit,513,content_safety,representation_imbalance,0.31999999999999995,False,fraction
german_credit,514,content_safety,representation_imbalance,0.376,False,fraction
german_credit,515,content_safety,representation_imbalance,0.5760000000000001,False,fraction
german_credit,516,content_safety,representation_imbalance,0.0,False,fraction
german_credit,517,content_safety,representation_imbalance,0.16000000000000003,False,fraction
german_credit,518,content_safety,representation_imbalance,0.0,False,fraction
german_credit,519,content_safety,representation_imbalance,0.0,False,fraction
german_credit,520,content_safety,representation_imbalance,0.0,False,fraction
german_credit,521,content_safety,representation_imbalance,0.16000000000000003,False,fraction
german_credit,522,content_safety,representation_imbalance,0.376,False,fraction
german_credit,523,content_safety,representation_imbalance,0.16000000000000003,False,fraction
german_credit,524,content_safety,representation_imbalance,0.06399999999999995,False,fraction
german_credit,525,content_safety,representation_imbalance,0.0,False,fraction
german_credit,526,content_safety,representation_imbalance,0.06399999999999995,False,fraction
german_credit,527,content_safety,representation_imbalance,0.0,False,fraction
german_credit,528,content_safety,representation_imbalance,0.0,False,fraction
german_credit,529,content_safety,representation_imbalance,0.0,False,fraction
german_credit,530,content_safety,representation_imbalance,0.0,False,fraction
german_credit,531,content_safety,representation_imbalance,0.06399999999999995,False,fraction
german_credit,532,content_safety,representation_imbalance,0.0,False,fraction
german_credit,533,content_safety,representation_imbalance,0.0,False,fraction
german_credit,534,content_safety,representation_imbalance,0.31999999999999995,False,fraction
german_credit,535,content_safety,representation_imbalance,0.0,False,fraction
german_credit,536,content_safety,representation_imbalance,0.72,True,fraction
german_credit,537,content_safety,representation_imbalance,0.5760000000000001,False,fraction
german_credit,538,content_safety,representation_imbalance,0.0,False,fraction
german_credit,539,content_safety,representation_imbalance,0.5760000000000001,False,fraction
german_credit,540,content_safety,representation_imbalance,0.31999999999999995,False,fraction
german_credit,541,content_safety,representation_imbalance,0.376,False,fraction
german_credit,542,content_safety,representation_imbalance,0.0,False,fraction
german_credit,543,content_safety,representation_imbalance,0.0,False,fraction
german_credit,544,content_safety,representation_imbalance,0.376,False,fraction
german_credit,545,content_safety,representation_imbalance,0.0,False,fraction
german_credit,546,content_safety,representation_imbalance,0.5760000000000001,False,fraction
german_credit,547,content_safety,representation_imbalance,0.0,False,fraction
german_credit,548,content_safety,representation_imbalance,0.16000000000000003,False,fraction
german_credit,549,content_safety,representation_imbalance,0.0,False,fraction
german_credit,550,content_safety,representation_imbalance,0.16000000000000003,False,fraction
german_credit,551,content_safety,representation_imbalance,0.0,False,fraction
german_credit,552,content_safety,representation_imbalance,0.0,False,fraction
german_credit,553,content_safety,representation_imbalance,0.0,False,fraction
german_credit,554,content_safety,representation_imbalance,0.72,True,fraction
german_credit,555,content_safety,representation_imbalance,0.31999999999999995,False,fraction
german_credit,556,content_safety,representation_imbalance,0.06399999999999995,False,fraction
german_credit,557,content_safety,representation_imbalance,0.06399999999999995,False,fraction
german_credit,558,content_safety,representation_imbalance,0.0,False,fraction
german_credit,559,content_safety,representation_imbalance,0.0,False,fraction
german_credit,560,content_safety,representation_imbalance,0.0,False,fraction
german_credit,561,content_safety,representation_imbalance,0.31999999999999995,False,fraction
german_credit,562,content_safety,representation_imbalance,0.06399999999999995,False,fraction
german_credit,563,content_safety,representation_imbalance,0.0,False,fraction
german_credit,564,content_safety,representation_imbalance,0.0,False,fraction
german_credit,565,content_safety,representation_imbalance,0.16000000000000003,False,fraction
german_credit,566,content_safety,representation_imbalance,0.0,False,fraction
german_credit,567,content_safety,representation_imbalance,0.0,False,fraction
german_credit,568,content_safety,representation_imbalance,0.0,False,fraction
german_credit,569,content_safety,representation_imbalance,0.06399999999999995,False,fraction
german_credit,570,content_safety,representation_imbalance,0.16000000000000003,False,fraction
german_credit,571,content_safety,representation_imbalance,0.0,False,fraction
german_credit,572,content_safety,representation_imbalance,0.06399999999999995,False,fraction
german_credit,573,content_safety,representation_imbalance,0.16000000000000003,False,fraction
german_credit,574,content_safety,representation_imbalance,0.0,False,fraction
german_credit,575,content_safety,representation_imbalance,0.16000000000000003,False,fraction
german_credit,576,content_safety,representation_imbalance,0.06399999999999995,False,fraction
german_credit,577,content_safety,representation_imbalance,0.06399999999999995,False,fraction
german_credit,578,content_safety,representation_imbalance,0.0,False,fraction
german_credit,579,content_safety,representation_imbalance,0.0,False,fraction
german_credit,580,content_safety,representation_imbalance,0.0,False,fraction
german_credit,581,content_safety,representation_imbalance,0.0,False,fraction
german_credit,582,content_safety,representation_imbalance,0.06399999999999995,False,fraction
german_credit,583,content_safety,representation_imbalance,0.0,False,fraction
german_credit,584,content_safety,representation_imbalance,0.72,True,fraction
german_credit,585,content_safety,representation_imbalance,0.16000000000000003,False,fraction
german_credit,586,content_safety,representation_imbalance,0.0,False,fraction
german_credit,587,content_safety,representation_imbalance,0.31999999999999995,False,fraction
german_credit,588,content_safety,representation_imbalance,0.0,False,fraction
german_credit,589,content_safety,representation_imbalance,0.376,False,fraction
german_credit,590,content_safety,representation_imbalance,0.72,True,fraction
german_credit,591,content_safety,representation_imbalance,0.5760000000000001,False,fraction
german_credit,592,content_safety,representation_imbalance,0.5760000000000001,False,fraction
german_credit,593,content_safety,representation_imbalance,0.16000000000000003,False,fraction
german_credit,594,content_safety,representation_imbalance,0.0,False,fraction
german_credit,595,content_safety,representation_imbalance,0.06399999999999995,False,fraction
german_credit,596,content_safety,representation_imbalance,0.16000000000000003,False,fraction
german_credit,597,content_safety,representation_imbalance,0.0,False,fraction
german_credit,598,content_safety,representation_imbalance,0.0,False,fraction
german_credit,599,content_safety,representation_imbalance,0.0,False,fraction
german_credit,600,content_safety,representation_imbalance,0.5760000000000001,False,fraction
german_credit,601,content_safety,representation_imbalance,0.06399999999999995,False,fraction
german_credit,602,content_safety,representation_imbalance,0.06399999999999995,False,fraction
german_credit,603,content_safety,representation_imbalance,0.06399999999999995,False,fraction
german_credit,604,content_safety,representation_imbalance,0.16000000000000003,False,fraction
german_credit,605,content_safety,representation_imbalance,0.31999999999999995,False,fraction
german_credit,606,content_safety,representation_imbalance,0.376,False,fraction
german_credit,607,content_safety,representation_imbalance,0.5760000000000001,False,fraction
german_credit,608,content_safety,representation_imbalance,0.0,False,fraction
german_credit,609,content_safety,representation_imbalance,0.0,False,fraction
german_credit,610,content_safety,representation_imbalance,0.16000000000000003,False,fraction
german_credit,611,content_safety,representation_imbalance,0.5760000000000001,False,fraction
german_credit,612,content_safety,representation_imbalance,0.06399999999999995,False,fraction
german_credit,613,content_safety,representation_imbalance,0.16000000000000003,False,fraction
german_credit,614,content_safety,representation_imbalance,0.16000000000000003,False,fraction
german_credit,615,content_safety,representation_imbalance,0.0,False,fraction
german_credit,616,content_safety,representation_imbalance,0.0,False,fraction
german_credit,617,content_safety,representation_imbalance,0.0,False,fraction
german_credit,618,content_safety,representation_imbalance,0.16000000000000003,False,fraction
german_credit,619,content_safety,representation_imbalance,0.0,False,fraction
german_credit,620,content_safety,representation_imbalance,0.0,False,fraction
german_credit,621,content_safety,representation_imbalance,0.0,False,fraction
german_credit,622,content_safety,representation_imbalance,0.0,False,fraction
german_credit,623,content_safety,representation_imbalance,0.16000000000000003,False,fraction
german_credit,624,content_safety,representation_imbalance,0.376,False,fraction
german_credit,625,content_safety,representation_imbalance,0.0,False,fraction
german_credit,626,content_safety,representation_imbalance,0.0,False,fraction
german_credit,627,content_safety,representation_imbalance,0.0,False,fraction
german_credit,628,content_safety,representation_imbalance,0.0,False,fraction
german_credit,629,content_safety,representation_imbalance,0.376,False,fraction
german_credit,630,content_safety,representation_imbalance,0.06399999999999995,False,fraction
german_credit,631,content_safety,representation_imbalance,0.0,False,fraction
german_credit,632,content_safety,representation_imbalance,0.31999999999999995,False,fraction
german_credit,633,content_safety,representation_imbalance,0.16000000000000003,False,fraction
german_credit,634,content_safety,representation_imbalance,0.16000000000000003,False,fraction
german_credit,635,content_safety,representation_imbalance,0.0,False,fraction
german_credit,636,content_safety,representation_imbalance,0.06399999999999995,False,fraction
german_credit,637,content_safety,representation_imbalance,0.31999999999999995,False,fraction
german_credit,638,content_safety,representation_imbalance,0.06399999999999995,False,fraction
german_credit,639,content_safety,representation_imbalance,0.0,False,fraction
german_credit,640,content_safety,representation_imbalance,0.06399999999999995,False,fraction
german_credit,641,content_safety,representation_imbalance,0.0,False,fraction
german_credit,642,content_safety,representation_imbalance,0.0,False,fraction
german_credit,643,content_safety,representation_imbalance,0.0,False,fraction
german_credit,644,content_safety,representation_imbalance,0.0,False,fraction
german_credit,645,content_safety,representation_imbalance,0.0,False,fraction
german_credit,646,content_safety,representation_imbalance,0.0,False,fraction
german_credit,647,content_safety,representation_imbalance,0.06399999999999995,False,fraction
german_credit,648,content_safety,representation_imbalance,0.0,False,fraction
german_credit,649,content_safety,representation_imbalance,0.0,False,fraction
german_credit,650,content_safety,representation_imbalance,0.0,False,fraction
german_credit,651,content_safety,representation_imbalance,0.0,False,fraction
german_credit,652,content_safety,representation_imbalance,0.0,False,fraction
german_credit,653,content_safety,representation_imbalance,0.0,False,fraction
german_credit,654,content_safety,representation_imbalance,0.0,False,fraction
german_credit,655,content_safety,representation_imbalance,0.31999999999999995,False,fraction
german_credit,656,content_safety,representation_imbalance,0.0,False,fraction
german_credit,657,content_safety,representation_imbalance,0.0,False,fraction
german_credit,658,content_safety,representation_imbalance,0.06399999999999995,False,fraction
german_credit,659,content_safety,representation_imbalance,0.0,False,fraction
german_credit,660,content_safety,representation_imbalance,0.31999999999999995,False,fraction
german_credit,661,content_safety,representation_imbalance,0.31999999999999995,False,fraction
german_credit,662,content_safety,representation_imbalance,0.0,False,fraction
german_credit,663,content_safety,representation_imbalance,0.0,False,fraction
german_credit,664,content_safety,representation_imbalance,0.5760000000000001,False,fraction
german_credit,665,content_safety,representation_imbalance,0.0,False,fraction
german_credit,666,content_safety,representation_imbalance,0.0,False,fraction
german_credit,667,content_safety,representation_imbalance,0.06399999999999995,False,fraction
german_credit,668,content_safety,representation_imbalance,0.0,False,fraction
german_credit,669,content_safety,representation_imbalance,0.0,False,fraction
german_credit,670,content_safety,representation_imbalance,0.0,False,fraction
german_credit,671,content_safety,representation_imbalance,0.0,False,fraction
german_credit,672,content_safety,representation_imbalance,0.0,False,fraction
german_credit,673,content_safety,representation_imbalance,0.31999999999999995,False,fraction
german_credit,674,content_safety,representation_imbalance,0.0,False,fraction
german_credit,675,content_safety,representation_imbalance,0.06399999999999995,False,fraction
german_credit,676,content_safety,representation_imbalance,0.0,False,fraction
german_credit,677,content_safety,representation_imbalance,0.31999999999999995,False,fraction
german_credit,678,content_safety,representation_imbalance,0.376,False,fraction
german_credit,679,content_safety,representation_imbalance,0.06399999999999995,False,fraction
german_credit,680,content_safety,representation_imbalance,0.72,True,fraction
german_credit,681,content_safety,representation_imbalance,0.0,False,fraction
german_credit,682,content_safety,representation_imbalance,0.0,False,fraction
german_credit,683,content_safety,representation_imbalance,0.0,False,fraction
german_credit,684,content_safety,representation_imbalance,0.0,False,fraction
german_credit,685,content_safety,representation_imbalance,0.0,False,fraction
german_credit,686,content_safety,representation_imbalance,0.0,False,fraction
german_credit,687,content_safety,representation_imbalance,0.0,False,fraction
german_credit,688,content_safety,representation_imbalance,0.0,False,fraction
german_credit,689,content_safety,representation_imbalance,0.0,False,fraction
german_credit,690,content_safety,representation_imbalance,0.31999999999999995,False,fraction
german_credit,691,content_safety,representation_imbalance,0.16000000000000003,False,fraction
german_credit,692,content_safety,representation_imbalance,0.0,False,fraction
german_credit,693,content_safety,representation_imbalance,0.0,False,fraction
german_credit,694,content_safety,representation_imbalance,0.0,False,fraction
german_credit,695,content_safety,representation_imbalance,0.0,False,fraction
german_credit,696,content_safety,representation_imbalance,0.0,False,fraction
german_credit,697,content_safety,representation_imbalance,0.5760000000000001,False,fraction
german_credit,698,content_safety,representation_imbalance,0.31999999999999995,False,fraction
german_credit,699,content_safety,representation_imbalance,0.0,False,fraction
german_credit,700,content_safety,representation_imbalance,0.06399999999999995,False,fraction
german_credit,701,content_safety,representation_imbalance,0.0,False,fraction
german_credit,702,content_safety,representation_imbalance,0.5760000000000001,False,fraction
german_credit,703,content_safety,representation_imbalance,0.0,False,fraction
german_credit,704,content_safety,representation_imbalance,0.06399999999999995,False,fraction
german_credit,705,content_safety,representation_imbalance,0.06399999999999995,False,fraction
german_credit,706,content_safety,representation_imbalance,0.31999999999999995,False,fraction
german_credit,707,content_safety,representation_imbalance,0.16000000000000003,False,fraction
german_credit,708,content_safety,representation_imbalance,0.16000000000000003,False,fraction
german_credit,709,content_safety,representation_imbalance,0.0,False,fraction
german_credit,710,content_safety,representation_imbalance,0.0,False,fraction
german_credit,711,content_safety,representation_imbalance,0.06399999999999995,False,fraction
german_credit,712,content_safety,representation_imbalance,0.0,False,fraction
german_credit,713,content_safety,representation_imbalance,0.31999999999999995,False,fraction
german_credit,714,content_safety,representation_imbalance,0.0,False,fraction
german_credit,715,content_safety,representation_imbalance,0.376,False,fraction
german_credit,716,content_safety,representation_imbalance,0.0,False,fraction
german_credit,717,content_safety,representation_imbalance,0.0,False,fraction
german_credit,718,content_safety,representation_imbalance,0.0,False,fraction
german_credit,719,content_safety,representation_imbalance,0.0,False,fraction
german_credit,720,content_safety,representation_imbalance,0.0,False,fraction
german_credit,721,content_safety,representation_imbalance,0.16000000000000003,False,fraction
german_credit,722,content_safety,representation_imbalance,0.16000000000000003,False,fraction
german_credit,723,content_safety,representation_imbalance,0.72,True,fraction
german_credit,724,content_safety,representation_imbalance,0.16000000000000003,False,fraction
german_credit,725,content_safety,representation_imbalance,0.5760000000000001,False,fraction
german_credit,726,content_safety,representation_imbalance,0.0,False,fraction
german_credit,727,content_safety,representation_imbalance,0.16000000000000003,False,fraction
german_credit,728,content_safety,representation_imbalance,0.72,True,fraction
german_credit,729,content_safety,representation_imbalance,0.0,False,fraction
german_credit,730,content_safety,representation_imbalance,0.0,False,fraction
german_credit,731,content_safety,representation_imbalance,0.31999999999999995,False,fraction
german_credit,732,content_safety,representation_imbalance,0.5760000000000001,False,fraction
german_credit,733,content_safety,representation_imbalance,0.06399999999999995,False,fraction
german_credit,734,content_safety,representation_imbalance,0.5760000000000001,False,fraction
german_credit,735,content_safety,representation_imbalance,0.06399999999999995,False,fraction
german_credit,736,content_safety,representation_imbalance,0.16000000000000003,False,fraction
german_credit,737,content_safety,representation_imbalance,0.0,False,fraction
german_credit,738,content_safety,representation_imbalance,0.0,False,fraction
german_credit,739,content_safety,representation_imbalance,0.06399999999999995,False,fraction
german_credit,740,content_safety,representation_imbalance,0.0,False,fraction
german_credit,741,content_safety,representation_imbalance,0.31999999999999995,False,fraction
german_credit,742,content_safety,representation_imbalance,0.0,False,fraction
german_credit,743,content_safety,representation_imbalance,0.31999999999999995,False,fraction
german_credit,744,content_safety,representation_imbalance,0.0,False,fraction
german_credit,745,content_safety,representation_imbalance,0.0,False,fraction
german_credit,746,content_safety,representation_imbalance,0.16000000000000003,False,fraction
german_credit,747,content_safety,representation_imbalance,0.5760000000000001,False,fraction
german_credit,748,content_safety,representation_imbalance,0.0,False,fraction
german_credit,749,content_safety,representation_imbalance,0.0,False,fraction
german_credit,750,content_safety,representation_imbalance,0.5760000000000001,False,fraction
german_credit,751,content_safety,representation_imbalance,0.16000000000000003,False,fraction
german_credit,752,content_safety,representation_imbalance,0.16000000000000003,False,fraction
german_credit,753,content_safety,representation_imbalance,0.16000000000000003,False,fraction
german_credit,754,content_safety,representation_imbalance,0.376,False,fraction
german_credit,755,content_safety,representation_imbalance,0.06399999999999995,False,fraction
german_credit,756,content_safety,representation_imbalance,0.376,False,fraction
german_credit,757,content_safety,representation_imbalance,0.0,False,fraction
german_credit,758,content_safety,representation_imbalance,0.0,False,fraction
german_credit,759,content_safety,representation_imbalance,0.0,False,fraction
german_credit,760,content_safety,representation_imbalance,0.72,True,fraction
german_credit,761,content_safety,representation_imbalance,0.16000000000000003,False,fraction
german_credit,762,content_safety,representation_imbalance,0.31999999999999995,False,fraction
german_credit,763,content_safety,representation_imbalance,0.0,False,fraction
german_credit,764,content_safety,representation_imbalance,0.0,False,fraction
german_credit,765,content_safety,representation_imbalance,0.0,False,fraction
german_credit,766,content_safety,representation_imbalance,0.0,False,fraction
german_credit,767,content_safety,representation_imbalance,0.06399999999999995,False,fraction
german_credit,768,content_safety,representation_imbalance,0.0,False,fraction
german_credit,769,content_safety,representation_imbalance,0.376,False,fraction
german_credit,770,content_safety,representation_imbalance,0.06399999999999995,False,fraction
german_credit,771,content_safety,representation_imbalance,0.16000000000000003,False,fraction
german_credit,772,content_safety,representation_imbalance,0.0,False,fraction
german_credit,773,content_safety,representation_imbalance,0.376,False,fraction
german_credit,774,content_safety,representation_imbalance,0.376,False,fraction
german_credit,775,content_safety,representation_imbalance,0.16000000000000003,False,fraction
german_credit,776,content_safety,representation_imbalance,0.0,False,fraction
german_credit,777,content_safety,representation_imbalance,0.16000000000000003,False,fraction
german_credit,778,content_safety,representation_imbalance,0.0,False,fraction
german_credit,779,content_safety,representation_imbalance,0.72,True,fraction
german_credit,780,content_safety,representation_imbalance,0.31999999999999995,False,fraction
german_credit,781,content_safety,representation_imbalance,0.376,False,fraction
german_credit,782,content_safety,representation_imbalance,0.0,False,fraction
german_credit,783,content_safety,representation_imbalance,0.16000000000000003,False,fraction
german_credit,784,content_safety,representation_imbalance,0.376,False,fraction
german_credit,785,content_safety,representation_imbalance,0.0,False,fraction
german_credit,786,content_safety,representation_imbalance,0.0,False,fraction
german_credit,787,content_safety,representation_imbalance,0.0,False,fraction
german_credit,788,content_safety,representation_imbalance,0.0,False,fraction
german_credit,789,content_safety,representation_imbalance,0.0,False,fraction
german_credit,790,content_safety,representation_imbalance,0.5760000000000001,False,fraction
german_credit,791,content_safety,representation_imbalance,0.0,False,fraction
german_credit,792,content_safety,representation_imbalance,0.0,False,fraction
german_credit,793,content_safety,representation_imbalance,0.376,False,fraction
german_credit,794,content_safety,representation_imbalance,0.0,False,fraction
german_credit,795,content_safety,representation_imbalance,0.16000000000000003,False,fraction
german_credit,796,content_safety,representation_imbalance,0.376,False,fraction
german_credit,797,content_safety,representation_imbalance,0.16000000000000003,False,fraction
german_credit,798,content_safety,representation_imbalance,0.376,False,fraction
german_credit,799,content_safety,representation_imbalance,0.0,False,fraction
german_credit,800,content_safety,representation_imbalance,0.376,False,fraction
german_credit,801,content_safety,representation_imbalance,0.5760000000000001,False,fraction
german_credit,802,content_safety,representation_imbalance,0.16000000000000003,False,fraction
german_credit,803,content_safety,representation_imbalance,0.0,False,fraction
german_credit,804,content_safety,representation_imbalance,0.16000000000000003,False,fraction
german_credit,805,content_safety,representation_imbalance,0.31999999999999995,False,fraction
german_credit,806,content_safety,representation_imbalance,0.0,False,fraction
german_credit,807,content_safety,representation_imbalance,0.376,False,fraction
german_credit,808,content_safety,representation_imbalance,0.376,False,fraction
german_credit,809,content_safety,representation_imbalance,0.06399999999999995,False,fraction
german_credit,810,content_safety,representation_imbalance,0.0,False,fraction
german_credit,811,content_safety,representation_imbalance,0.0,False,fraction
german_credit,812,content_safety,representation_imbalance,0.31999999999999995,False,fraction
german_credit,813,content_safety,representation_imbalance,0.376,False,fraction
german_credit,814,content_safety,representation_imbalance,0.0,False,fraction
german_credit,815,content_safety,representation_imbalance,0.72,True,fraction
german_credit,816,content_safety,representation_imbalance,0.376,False,fraction
german_credit,817,content_safety,representation_imbalance,0.16000000000000003,False,fraction
german_credit,818,content_safety,representation_imbalance,0.0,False,fraction
german_credit,819,content_safety,representation_imbalance,0.0,False,fraction
german_credit,820,content_safety,representation_imbalance,0.0,False,fraction
german_credit,821,content_safety,representation_imbalance,0.31999999999999995,False,fraction
german_credit,822,content_safety,representation_imbalance,0.0,False,fraction
german_credit,823,content_safety,representation_imbalance,0.0,False,fraction
german_credit,824,content_safety,representation_imbalance,0.0,False,fraction
german_credit,825,content_safety,representation_imbalance,0.0,False,fraction
german_credit,826,content_safety,representation_imbalance,0.06399999999999995,False,fraction
german_credit,827,content_safety,representation_imbalance,0.0,False,fraction
german_credit,828,content_safety,representation_imbalance,0.0,False,fraction
german_credit,829,content_safety,representation_imbalance,0.0,False,fraction
german_credit,830,content_safety,representation_imbalance,0.0,False,fraction
german_credit,831,content_safety,representation_imbalance,0.16000000000000003,False,fraction
german_credit,832,content_safety,representation_imbalance,0.0,False,fraction
german_credit,833,content_safety,representation_imbalance,0.5760000000000001,False,fraction
german_credit,834,content_safety,representation_imbalance,0.16000000000000003,False,fraction
german_credit,835,content_safety,representation_imbalance,0.0,False,fraction
german_credit,836,content_safety,representation_imbalance,0.16000000000000003,False,fraction
german_credit,837,content_safety,representation_imbalance,0.16000000000000003,False,fraction
german_credit,838,content_safety,representation_imbalance,0.376,False,fraction
german_credit,839,content_safety,representation_imbalance,0.0,False,fraction
german_credit,840,content_safety,representation_imbalance,0.0,False,fraction
german_credit,841,content_safety,representation_imbalance,0.0,False,fraction
german_credit,842,content_safety,representation_imbalance,0.16000000000000003,False,fraction
german_credit,843,content_safety,representation_imbalance,0.0,False,fraction
german_credit,844,content_safety,representation_imbalance,0.0,False,fraction
german_credit,845,content_safety,representation_imbalance,0.0,False,fraction
german_credit,846,content_safety,representation_imbalance,0.376,False,fraction
german_credit,847,content_safety,representation_imbalance,0.0,False,fraction
german_credit,848,content_safety,representation_imbalance,0.376,False,fraction
german_credit,849,content_safety,representation_imbalance,0.376,False,fraction
german_credit,850,content_safety,representation_imbalance,0.0,False,fraction
german_credit,851,content_safety,representation_imbalance,0.0,False,fraction
german_credit,852,content_safety,representation_imbalance,0.0,False,fraction
german_credit,853,content_safety,representation_imbalance,0.0,False,fraction
german_credit,854,content_safety,representation_imbalance,0.0,False,fraction
german_credit,855,content_safety,representation_imbalance,0.0,False,fraction
german_credit,856,content_safety,representation_imbalance,0.5760000000000001,False,fraction
german_credit,857,content_safety,representation_imbalance,0.0,False,fraction
german_credit,858,content_safety,representation_imbalance,0.06399999999999995,False,fraction
german_credit,859,content_safety,representation_imbalance,0.0,False,fraction
german_credit,860,content_safety,representation_imbalance,0.0,False,fraction
german_credit,861,content_safety,representation_imbalance,0.0,False,fraction
german_credit,862,content_safety,representation_imbalance,0.06399999999999995,False,fraction
german_credit,863,content_safety,representation_imbalance,0.0,False,fraction
german_credit,864,content_safety,representation_imbalance,0.31999999999999995,False,fraction
german_credit,865,content_safety,representation_imbalance,0.16000000000000003,False,fraction
german_credit,866,content_safety,representation_imbalance,0.06399999999999995,False,fraction
german_credit,867,content_safety,representation_imbalance,0.0,False,fraction
german_credit,868,content_safety,representation_imbalance,0.0,False,fraction
german_credit,869,content_safety,representation_imbalance,0.16000000000000003,False,fraction
german_credit,870,content_safety,representation_imbalance,0.5760000000000001,False,fraction
german_credit,871,content_safety,representation_imbalance,0.0,False,fraction
german_credit,872,content_safety,representation_imbalance,0.0,False,fraction
german_credit,873,content_safety,representation_imbalance,0.16000000000000003,False,fraction
german_credit,874,content_safety,representation_imbalance,0.0,False,fraction
german_credit,875,content_safety,representation_imbalance,0.5760000000000001,False,fraction
german_credit,876,content_safety,representation_imbalance,0.0,False,fraction
german_credit,877,content_safety,representation_imbalance,0.0,False,fraction
german_credit,878,content_safety,representation_imbalance,0.0,False,fraction
german_credit,879,content_safety,representation_imbalance,0.0,False,fraction
german_credit,880,content_safety,representation_imbalance,0.0,False,fraction
german_credit,881,content_safety,representation_imbalance,0.0,False,fraction
german_credit,882,content_safety,representation_imbalance,0.0,False,fraction
german_credit,883,content_safety,representation_imbalance,0.72,True,fraction
german_credit,884,content_safety,representation_imbalance,0.0,False,fraction
german_credit,885,content_safety,representation_imbalance,0.72,True,fraction
german_credit,886,content_safety,representation_imbalance,0.0,False,fraction
german_credit,887,content_safety,representation_imbalance,0.31999999999999995,False,fraction
german_credit,888,content_safety,representation_imbalance,0.0,False,fraction
german_credit,889,content_safety,representation_imbalance,0.0,False,fraction
german_credit,890,content_safety,representation_imbalance,0.0,False,fraction
german_credit,891,content_safety,representation_imbalance,0.0,False,fraction
german_credit,892,content_safety,representation_imbalance,0.0,False,fraction
german_credit,893,content_safety,representation_imbalance,0.0,False,fraction
german_credit,894,content_safety,representation_imbalance,0.0,False,fraction
german_credit,895,content_safety,representation_imbalance,0.0,False,fraction
german_credit,896,content_safety,representation_imbalance,0.06399999999999995,False,fraction
german_credit,897,content_safety,representation_imbalance,0.06399999999999995,False,fraction
german_credit,898,content_safety,representation_imbalance,0.06399999999999995,False,fraction
german_credit,899,content_safety,representation_imbalance,0.0,False,fraction
german_credit,900,content_safety,representation_imbalance,0.0,False,fraction
german_credit,901,content_safety,representation_imbalance,0.0,False,fraction
german_credit,902,content_safety,representation_imbalance,0.0,False,fraction
german_credit,903,content_safety,representation_imbalance,0.0,False,fraction
german_credit,904,content_safety,representation_imbalance,0.0,False,fraction
german_credit,905,content_safety,representation_imbalance,0.31999999999999995,False,fraction
german_credit,906,content_safety,representation_imbalance,0.31999999999999995,False,fraction
german_credit,907,content_safety,representation_imbalance,0.0,False,fraction
german_credit,908,content_safety,representation_imbalance,0.5760000000000001,False,fraction
german_credit,909,content_safety,representation_imbalance,0.06399999999999995,False,fraction
german_credit,910,content_safety,representation_imbalance,0.06399999999999995,False,fraction
german_credit,911,content_safety,representation_imbalance,0.16000000000000003,False,fraction
german_credit,912,content_safety,representation_imbalance,0.16000000000000003,False,fraction
german_credit,913,content_safety,representation_imbalance,0.0,False,fraction
german_credit,914,content_safety,representation_imbalance,0.0,False,fraction
german_credit,915,content_safety,representation_imbalance,0.06399999999999995,False,fraction
german_credit,916,content_safety,representation_imbalance,0.0,False,fraction
german_credit,917,content_safety,representation_imbalance,0.376,False,fraction
german_credit,918,content_safety,representation_imbalance,0.0,False,fraction
german_credit,919,content_safety,representation_imbalance,0.0,False,fraction
german_credit,920,content_safety,representation_imbalance,0.06399999999999995,False,fraction
german_credit,921,content_safety,representation_imbalance,0.0,False,fraction
german_credit,922,content_safety,representation_imbalance,0.16000000000000003,False,fraction
german_credit,923,content_safety,representation_imbalance,0.0,False,fraction
german_credit,924,content_safety,representation_imbalance,0.376,False,fraction
german_credit,925,content_safety,representation_imbalance,0.0,False,fraction
german_credit,926,content_safety,representation_imbalance,0.16000000000000003,False,fraction
german_credit,927,content_safety,representation_imbalance,0.0,False,fraction
german_credit,928,content_safety,representation_imbalance,0.376,False,fraction
german_credit,929,content_safety,representation_imbalance,0.0,False,fraction
german_credit,930,content_safety,representation_imbalance,0.31999999999999995,False,fraction
german_credit,931,content_safety,representation_imbalance,0.16000000000000003,False,fraction
german_credit,932,content_safety,representation_imbalance,0.0,False,fraction
german_credit,933,content_safety,representation_imbalance,0.0,False,fraction
german_credit,934,content_safety,representation_imbalance,0.16000000000000003,False,fraction
german_credit,935,content_safety,representation_imbalance,0.0,False,fraction
german_credit,936,content_safety,representation_imbalance,0.06399999999999995,False,fraction
german_credit,937,content_safety,representation_imbalance,0.0,False,fraction
german_credit,938,content_safety,representation_imbalance,0.0,False,fraction
german_credit,939,content_safety,representation_imbalance,0.0,False,fraction
german_credit,940,content_safety,representation_imbalance,0.0,False,fraction
german_credit,941,content_safety,representation_imbalance,0.0,False,fraction
german_credit,942,content_safety,representation_imbalance,0.0,False,fraction
german_credit,943,content_safety,representation_imbalance,0.0,False,fraction
german_credit,944,content_safety,representation_imbalance,0.5760000000000001,False,fraction
german_credit,945,content_safety,representation_imbalance,0.06399999999999995,False,fraction
german_credit,946,content_safety,representation_imbalance,0.0,False,fraction
german_credit,947,content_safety,representation_imbalance,0.0,False,fraction
german_credit,948,content_safety,representation_imbalance,0.0,False,fraction
german_credit,949,content_safety,representation_imbalance,0.0,False,fraction
german_credit,950,content_safety,representation_imbalance,0.0,False,fraction
german_credit,951,content_safety,representation_imbalance,0.31999999999999995,False,fraction
german_credit,952,content_safety,representation_imbalance,0.06399999999999995,False,fraction
german_credit,953,content_safety,representation_imbalance,0.06399999999999995,False,fraction
german_credit,954,content_safety,representation_imbalance,0.06399999999999995,False,fraction
german_credit,955,content_safety,representation_imbalance,0.72,True,fraction
german_credit,956,content_safety,representation_imbalance,0.0,False,fraction
german_credit,957,content_safety,representation_imbalance,0.0,False,fraction
german_credit,958,content_safety,representation_imbalance,0.0,False,fraction
german_credit,959,content_safety,representation_imbalance,0.0,False,fraction
german_credit,960,content_safety,representation_imbalance,0.0,False,fraction
german_credit,961,content_safety,representation_imbalance,0.0,False,fraction
german_credit,962,content_safety,representation_imbalance,0.0,False,fraction
german_credit,963,content_safety,representation_imbalance,0.0,False,fraction
german_credit,964,content_safety,representation_imbalance,0.31999999999999995,False,fraction
german_credit,965,content_safety,representation_imbalance,0.06399999999999995,False,fraction
german_credit,966,content_safety,representation_imbalance,0.31999999999999995,False,fraction
german_credit,967,content_safety,representation_imbalance,0.72,True,fraction
german_credit,968,content_safety,representation_imbalance,0.0,False,fraction
german_credit,969,content_safety,representation_imbalance,0.0,False,fraction
german_credit,970,content_safety,representation_imbalance,0.31999999999999995,False,fraction
german_credit,971,content_safety,representation_imbalance,0.0,False,fraction
german_credit,972,content_safety,representation_imbalance,0.06399999999999995,False,fraction
german_credit,973,content_safety,representation_imbalance,0.0,False,fraction
german_credit,974,content_safety,representation_imbalance,0.06399999999999995,False,fraction
german_credit,975,content_safety,representation_imbalance,0.72,True,fraction
german_credit,976,content_safety,representation_imbalance,0.72,True,fraction
german_credit,977,content_safety,representation_imbalance,0.0,False,fraction
german_credit,978,content_safety,representation_imbalance,0.0,False,fraction
german_credit,979,content_safety,representation_imbalance,0.31999999999999995,False,fraction
german_credit,980,content_safety,representation_imbalance,0.0,False,fraction
german_credit,981,content_safety,representation_imbalance,0.0,False,fraction
german_credit,982,content_safety,representation_imbalance,0.06399999999999995,False,fraction
german_credit,983,content_safety,representation_imbalance,0.0,False,fraction
german_credit,984,content_safety,representation_imbalance,0.0,False,fraction
german_credit,985,content_safety,representation_imbalance,0.16000000000000003,False,fraction
german_credit,986,content_safety,representation_imbalance,0.0,False,fraction
german_credit,987,content_safety,representation_imbalance,0.72,True,fraction
german_credit,988,content_safety,representation_imbalance,0.0,False,fraction
german_credit,989,content_safety,representation_imbalance,0.0,False,fraction
german_credit,990,content_safety,representation_imbalance,0.0,False,fraction
german_credit,991,content_safety,representation_imbalance,0.0,False,fraction
german_credit,992,content_safety,representation_imbalance,0.31999999999999995,False,fraction
german_credit,993,content_safety,representation_imbalance,0.0,False,fraction
german_credit,994,content_safety,representation_imbalance,0.0,False,fraction
german_credit,995,content_safety,representation_imbalance,0.06399999999999995,False,fraction
german_credit,996,content_safety,representation_imbalance,0.0,False,fraction
german_credit,997,content_safety,representation_imbalance,0.0,False,fraction
german_credit,998,content_safety,representation_imbalance,0.31999999999999995,False,fraction
german_credit,999,content_safety,representation_imbalance,0.0,False,fraction
german_credit,0,physical_safety,safety_critical_edge_case_coverage,0.0,False,fraction
german_credit,1,physical_safety,safety_critical_edge_case_coverage,0.0,False,fraction
german_credit,2,physical_safety,safety_critical_edge_case_coverage,0.0,False,fraction
german_credit,3,physical_safety,safety_critical_edge_case_coverage,0.0,False,fraction
german_credit,4,physical_safety,safety_critical_edge_case_coverage,0.0,False,fraction
german_credit,5,physical_safety,safety_critical_edge_case_coverage,0.0,False,fraction
german_credit,6,physical_safety,safety_critical_edge_case_coverage,0.0,False,fraction
german_credit,7,physical_safety,safety_critical_edge_case_coverage,0.0,False,fraction
german_credit,8,physical_safety,safety_critical_edge_case_coverage,0.0,False,fraction
german_credit,9,physical_safety,safety_critical_edge_case_coverage,0.0,False,fraction
german_credit,10,physical_safety,safety_critical_edge_case_coverage,0.0,False,fraction
german_credit,11,physical_safety,safety_critical_edge_case_coverage,0.0,False,fraction
german_credit,12,physical_safety,safety_critical_edge_case_coverage,0.0,False,fraction
german_credit,13,physical_safety,safety_critical_edge_case_coverage,0.0,False,fraction
german_credit,14,physical_safety,safety_critical_edge_case_coverage,0.0,False,fraction
german_credit,15,physical_safety,safety_critical_edge_case_coverage,0.0,False,fraction
german_credit,16,physical_safety,safety_critical_edge_case_coverage,0.0,False,fraction
german_credit,17,physical_safety,safety_critical_edge_case_coverage,0.0,False,fraction
german_credit,18,physical_safety,safety_critical_edge_case_coverage,0.0,False,fraction
german_credit,19,physical_safety,safety_critical_edge_case_coverage,0.0,False,fraction
german_credit,20,physical_safety,safety_critical_edge_case_coverage,0.0,False,fraction
german_credit,21,physical_safety,safety_critical_edge_case_coverage,0.0,False,fraction
german_credit,22,physical_safety,safety_critical_edge_case_coverage,0.0,False,fraction
german_credit,23,physical_safety,safety_critical_edge_case_coverage,0.0,False,fraction
german_credit,24,physical_safety,safety_critical_edge_case_coverage,0.0,False,fraction
german_credit,25,physical_safety,safety_critical_edge_case_coverage,0.0,False,fraction
german_credit,26,physical_safety,safety_critical_edge_case_coverage,0.0,False,fraction
german_credit,27,physical_safety,safety_critical_edge_case_coverage,0.0,False,fraction
german_credit,28,physical_safety,safety_critical_edge_case_coverage,0.0,False,fraction
german_credit,29,physical_safety,safety_critical_edge_case_coverage,0.0,False,fraction
german_credit,30,physical_safety,safety_critical_edge_case_coverage,0.0,False,fraction
german_credit,31,physical_safety,safety_critical_edge_case_coverage,0.0,False,fraction
german_credit,32,physical_safety,safety_critical_edge_case_coverage,0.0,False,fraction
german_credit,33,physical_safety,safety_critical_edge_case_coverage,0.0,False,fraction
german_credit,34,physical_safety,safety_critical_edge_case_coverage,0.0,False,fraction
german_credit,35,physical_safety,safety_critical_edge_case_coverage,0.0,False,fraction
german_credit,36,physical_safety,safety_critical_edge_case_coverage,0.0,False,fraction
german_credit,37,physical_safety,safety_critical_edge_case_coverage,0.0,False,fraction
german_credit,38,physical_safety,safety_critical_edge_case_coverage,0.0,False,fraction
german_credit,39,physical_safety,safety_critical_edge_case_coverage,0.0,False,fraction
german_credit,40,physical_safety,safety_critical_edge_case_coverage,0.0,False,fraction
german_credit,41,physical_safety,safety_critical_edge_case_coverage,0.0,False,fraction
german_credit,42,physical_safety,safety_critical_edge_case_coverage,0.0,False,fraction
german_credit,43,physical_safety,safety_critical_edge_case_coverage,0.0,False,fraction
german_credit,44,physical_safety,safety_critical_edge_case_coverage,0.0,False,fraction
german_credit,45,physical_safety,safety_critical_edge_case_coverage,0.0,False,fraction
german_credit,46,physical_safety,safety_critical_edge_case_coverage,0.0,False,fraction
german_credit,47,physical_safety,safety_critical_edge_case_coverage,0.0,False,fraction
german_credit,48,physical_safety,safety_critical_edge_case_coverage,0.0,False,fraction
german_credit,49,physical_safety,safety_critical_edge_case_coverage,0.0,False,fraction
german_credit,50,physical_safety,safety_critical_edge_case_coverage,0.0,False,fraction
german_credit,51,physical_safety,safety_critical_edge_case_coverage,0.0,False,fraction
german_credit,52,physical_safety,safety_critical_edge_case_coverage,0.0,False,fraction
german_credit,53,physical_safety,safety_critical_edge_case_coverage,0.0,False,fraction
german_credit,54,physical_safety,safety_critical_edge_case_coverage,0.0,False,fraction
german_credit,55,physical_safety,safety_critical_edge_case_coverage,0.0,False,fraction
german_credit,56,physical_safety,safety_critical_edge_case_coverage,0.0,False,fraction
german_credit,57,physical_safety,safety_critical_edge_case_coverage,0.0,False,fraction
german_credit,58,physical_safety,safety_critical_edge_case_coverage,0.0,False,fraction
german_credit,59,physical_safety,safety_critical_edge_case_coverage,0.0,False,fraction
german_credit,60,physical_safety,safety_critical_edge_case_coverage,0.0,False,fraction
german_credit,61,physical_safety,safety_critical_edge_case_coverage,0.0,False,fraction
german_credit,62,physical_safety,safety_critical_edge_case_coverage,0.0,False,fraction
german_credit,63,physical_safety,safety_critical_edge_case_coverage,0.25,True,fraction
german_credit,64,physical_safety,safety_critical_edge_case_coverage,0.0,False,fraction
german_credit,65,physical_safety,safety_critical_edge_case_coverage,0.0,False,fraction
german_credit,66,physical_safety,safety_critical_edge_case_coverage,0.0,False,fraction
german_credit,67,physical_safety,safety_critical_edge_case_coverage,0.0,False,fraction
german_credit,68,physical_safety,safety_critical_edge_case_coverage,0.0,False,fraction
german_credit,69,physical_safety,safety_critical_edge_case_coverage,0.0,False,fraction
german_credit,70,physical_safety,safety_critical_edge_case_coverage,0.0,False,fraction
german_credit,71,physical_safety,safety_critical_edge_case_coverage,0.0,False,fraction
german_credit,72,physical_safety,safety_critical_edge_case_coverage,0.0,False,fraction
german_credit,73,physical_safety,safety_critical_edge_case_coverage,0.0,False,fraction
german_credit,74,physical_safety,safety_critical_edge_case_coverage,0.0,False,fraction
german_credit,75,physical_safety,safety_critical_edge_case_coverage,0.0,False,fraction
german_credit,76,physical_safety,safety_critical_edge_case_coverage,0.0,False,fraction
german_credit,77,physical_safety,safety_critical_edge_case_coverage,0.0,False,fraction
german_credit,78,physical_safety,safety_critical_edge_case_coverage,0.0,False,fraction
german_credit,79,physical_safety,safety_critical_edge_case_coverage,0.0,False,fraction
german_credit,80,physical_safety,safety_critical_edge_case_coverage,0.0,False,fraction
german_credit,81,physical_safety,safety_critical_edge_case_coverage,0.0,False,fraction
german_credit,82,physical_safety,safety_critical_edge_case_coverage,0.0,False,fraction
german_credit,83,physical_safety,safety_critical_edge_case_coverage,0.0,False,fraction
german_credit,84,physical_safety,safety_critical_edge_case_coverage,0.0,False,fraction
german_credit,85,physical_safety,safety_critical_edge_case_coverage,0.0,False,fraction
german_credit,86,physical_safety,safety_critical_edge_case_coverage,0.0,False,fraction
german_credit,87,physical_safety,safety_critical_edge_case_coverage,0.25,True,fraction
german_credit,88,physical_safety,safety_critical_edge_case_coverage,0.0,False,fraction
german_credit,89,physical_safety,safety_critical_edge_case_coverage,0.0,False,fraction
german_credit,90,physical_safety,safety_critical_edge_case_coverage,0.0,False,fraction
german_credit,91,physical_safety,safety_critical_edge_case_coverage,0.0,False,fraction
german_credit,92,physical_safety,safety_critical_edge_case_coverage,0.0,False,fraction
german_credit,93,physical_safety,safety_critical_edge_case_coverage,0.0,False,fraction
german_credit,94,physical_safety,safety_critical_edge_case_coverage,0.0,False,fraction
german_credit,95,physical_safety,safety_critical_edge_case_coverage,0.25,True,fraction
german_credit,96,physical_safety,safety_critical_edge_case_coverage,0.0,False,fraction
german_credit,97,physical_safety,safety_critical_edge_case_coverage,0.0,False,fraction
german_credit,98,physical_safety,safety_critical_edge_case_coverage,0.0,False,fraction
german_credit,99,physical_safety,safety_critical_edge_case_coverage,0.0,False,fraction
german_credit,100,physical_safety,safety_critical_edge_case_coverage,0.0,False,fraction
german_credit,101,physical_safety,safety_critical_edge_case_coverage,0.0,False,fraction
german_credit,102,physical_safety,safety_critical_edge_case_coverage,0.0,False,fraction
german_credit,103,physical_safety,safety_critical_edge_case_coverage,0.0,False,fraction
german_credit,104,physical_safety,safety_critical_edge_case_coverage,0.0,False,fraction
german_credit,105,physical_safety,safety_critical_edge_case_coverage,0.0,False,fraction
german_credit,106,physical_safety,safety_critical_edge_case_coverage,0.0,False,fraction
german_credit,107,physical_safety,safety_critical_edge_case_coverage,0.0,False,fraction
german_credit,108,physical_safety,safety_critical_edge_case_coverage,0.0,False,fraction
german_credit,109,physical_safety,safety_critical_edge_case_coverage,0.0,False,fraction
german_credit,110,physical_safety,safety_critical_edge_case_coverage,0.0,False,fraction
german_credit,111,physical_safety,safety_critical_edge_case_coverage,0.0,False,fraction
german_credit,112,physical_safety,safety_critical_edge_case_coverage,0.0,False,fraction
german_credit,113,physical_safety,safety_critical_edge_case_coverage,0.0,False,fraction
german_credit,114,physical_safety,safety_critical_edge_case_coverage,0.0,False,fraction
german_credit,115,physical_safety,safety_critical_edge_case_coverage,0.0,False,fraction
german_credit,116,physical_safety,safety_critical_edge_case_coverage,0.0,False,fraction
german_credit,117,physical_safety,safety_critical_edge_case_coverage,0.0,False,fraction
german_credit,118,physical_safety,safety_critical_edge_case_coverage,0.0,False,fraction
german_credit,119,physical_safety,safety_critical_edge_case_coverage,0.0,False,fraction
german_credit,120,physical_safety,safety_critical_edge_case_coverage,0.0,False,fraction
german_credit,121,physical_safety,safety_critical_edge_case_coverage,0.0,False,fraction
german_credit,122,physical_safety,safety_critical_edge_case_coverage,0.0,False,fraction
german_credit,123,physical_safety,safety_critical_edge_case_coverage,0.0,False,fraction
german_credit,124,physical_safety,safety_critical_edge_case_coverage,0.0,False,fraction
german_credit,125,physical_safety,safety_critical_edge_case_coverage,0.0,False,fraction
german_credit,126,physical_safety,safety_critical_edge_case_coverage,0.0,False,fraction
german_credit,127,physical_safety,safety_critical_edge_case_coverage,0.0,False,fraction
german_credit,128,physical_safety,safety_critical_edge_case_coverage,0.0,False,fraction
german_credit,129,physical_safety,safety_critical_edge_case_coverage,0.0,False,fraction
german_credit,130,physical_safety,safety_critical_edge_case_coverage,0.0,False,fraction
german_credit,131,physical_safety,safety_critical_edge_case_coverage,0.0,False,fraction
german_credit,132,physical_safety,safety_critical_edge_case_coverage,0.0,False,fraction
german_credit,133,physical_safety,safety_critical_edge_case_coverage,0.0,False,fraction
german_credit,134,physical_safety,safety_critical_edge_case_coverage,0.25,True,fraction
german_credit,135,physical_safety,safety_critical_edge_case_coverage,0.0,False,fraction
german_credit,136,physical_safety,safety_critical_edge_case_coverage,0.0,False,fraction
german_credit,137,physical_safety,safety_critical_edge_case_coverage,0.0,False,fraction
german_credit,138,physical_safety,safety_critical_edge_case_coverage,0.0,False,fraction
german_credit,139,physical_safety,safety_critical_edge_case_coverage,0.0,False,fraction
german_credit,140,physical_safety,safety_critical_edge_case_coverage,0.0,False,fraction
german_credit,141,physical_safety,safety_critical_edge_case_coverage,0.0,False,fraction
german_credit,142,physical_safety,safety_critical_edge_case_coverage,0.0,False,fraction
german_credit,143,physical_safety,safety_critical_edge_case_coverage,0.0,False,fraction
german_credit,144,physical_safety,safety_critical_edge_case_coverage,0.0,False,fraction
german_credit,145,physical_safety,safety_critical_edge_case_coverage,0.0,False,fraction
german_credit,146,physical_safety,safety_critical_edge_case_coverage,0.0,False,fraction
german_credit,147,physical_safety,safety_critical_edge_case_coverage,0.0,False,fraction
german_credit,148,physical_safety,safety_critical_edge_case_coverage,0.0,False,fraction
german_credit,149,physical_safety,safety_critical_edge_case_coverage,0.0,False,fraction
german_credit,150,physical_safety,safety_critical_edge_case_coverage,0.0,False,fraction
german_credit,151,physical_safety,safety_critical_edge_case_coverage,0.0,False,fraction
german_credit,152,physical_safety,safety_critical_edge_case_coverage,0.0,False,fraction
german_credit,153,physical_safety,safety_critical_edge_case_coverage,0.0,False,fraction
german_credit,154,physical_safety,safety_critical_edge_case_coverage,0.0,False,fraction
german_credit,155,physical_safety,safety_critical_edge_case_coverage,0.0,False,fraction
german_credit,156,physical_safety,safety_critical_edge_case_coverage,0.0,False,fraction
german_credit,157,physical_safety,safety_critical_edge_case_coverage,0.0,False,fraction
german_credit,158,physical_safety,safety_critical_edge_case_coverage,0.0,False,fraction
german_credit,159,physical_safety,safety_critical_edge_case_coverage,0.0,False,fraction
german_credit,160,physical_safety,safety_critical_edge_case_coverage,0.0,False,fraction
german_credit,161,physical_safety,safety_critical_edge_case_coverage,0.0,False,fraction
german_credit,162,physical_safety,safety_critical_edge_case_coverage,0.0,False,fraction
german_credit,163,physical_safety,safety_critical_edge_case_coverage,0.0,False,fraction
german_credit,164,physical_safety,safety_critical_edge_case_coverage,0.0,False,fraction
german_credit,165,physical_safety,safety_critical_edge_case_coverage,0.0,False,fraction
german_credit,166,physical_safety,safety_critical_edge_case_coverage,0.0,False,fraction
german_credit,167,physical_safety,safety_critical_edge_case_coverage,0.0,False,fraction
german_credit,168,physical_safety,safety_critical_edge_case_coverage,0.0,False,fraction
german_credit,169,physical_safety,safety_critical_edge_case_coverage,0.0,False,fraction
german_credit,170,physical_safety,safety_critical_edge_case_coverage,0.0,False,fraction
german_credit,171,physical_safety,safety_critical_edge_case_coverage,0.0,False,fraction
german_credit,172,physical_safety,safety_critical_edge_case_coverage,0.0,False,fraction
german_credit,173,physical_safety,safety_critical_edge_case_coverage,0.0,False,fraction
german_credit,174,physical_safety,safety_critical_edge_case_coverage,0.0,False,fraction
german_credit,175,physical_safety,safety_critical_edge_case_coverage,0.0,False,fraction
german_credit,176,physical_safety,safety_critical_edge_case_coverage,0.0,False,fraction
german_credit,177,physical_safety,safety_critical_edge_case_coverage,0.0,False,fraction
german_credit,178,physical_safety,safety_critical_edge_case_coverage,0.0,False,fraction
german_credit,179,physical_safety,safety_critical_edge_case_coverage,0.0,False,fraction
german_credit,180,physical_safety,safety_critical_edge_case_coverage,0.0,False,fraction
german_credit,181,physical_safety,safety_critical_edge_case_coverage,0.0,False,fraction
german_credit,182,physical_safety,safety_critical_edge_case_coverage,0.0,False,fraction
german_credit,183,physical_safety,safety_critical_edge_case_coverage,0.0,False,fraction
german_credit,184,physical_safety,safety_critical_edge_case_coverage,0.0,False,fraction
german_credit,185,physical_safety,safety_critical_edge_case_coverage,0.0,False,fraction
german_credit,186,physical_safety,safety_critical_edge_case_coverage,0.0,False,fraction
german_credit,187,physical_safety,safety_critical_edge_case_coverage,0.0,False,fraction
german_credit,188,physical_safety,safety_critical_edge_case_coverage,0.0,False,fraction
german_credit,189,physical_safety,safety_critical_edge_case_coverage,0.0,False,fraction
german_credit,190,physical_safety,safety_critical_edge_case_coverage,0.0,False,fraction
german_credit,191,physical_safety,safety_critical_edge_case_coverage,0.0,False,fraction
german_credit,192,physical_safety,safety_critical_edge_case_coverage,0.0,False,fraction
german_credit,193,physical_safety,safety_critical_edge_case_coverage,0.0,False,fraction
german_credit,194,physical_safety,safety_critical_edge_case_coverage,0.0,False,fraction
german_credit,195,physical_safety,safety_critical_edge_case_coverage,0.0,False,fraction
german_credit,196,physical_safety,safety_critical_edge_case_coverage,0.0,False,fraction
german_credit,197,physical_safety,safety_critical_edge_case_coverage,0.0,False,fraction
german_credit,198,physical_safety,safety_critical_edge_case_coverage,0.0,False,fraction
german_credit,199,physical_safety,safety_critical_edge_case_coverage,0.0,False,fraction
german_credit,200,physical_safety,safety_critical_edge_case_coverage,0.0,False,fraction
german_credit,201,physical_safety,safety_critical_edge_case_coverage,0.0,False,fraction
german_credit,202,physical_safety,safety_critical_edge_case_coverage,0.0,False,fraction
german_credit,203,physical_safety,safety_critical_edge_case_coverage,0.0,False,fraction
german_credit,204,physical_safety,safety_critical_edge_case_coverage,0.0,False,fraction
german_credit,205,physical_safety,safety_critical_edge_case_coverage,0.0,False,fraction
german_credit,206,physical_safety,safety_critical_edge_case_coverage,0.0,False,fraction
german_credit,207,physical_safety,safety_critical_edge_case_coverage,0.0,False,fraction
german_credit,208,physical_safety,safety_critical_edge_case_coverage,0.0,False,fraction
german_credit,209,physical_safety,safety_critical_edge_case_coverage,0.0,False,fraction
german_credit,210,physical_safety,safety_critical_edge_case_coverage,0.0,False,fraction
german_credit,211,physical_safety,safety_critical_edge_case_coverage,0.0,False,fraction
german_credit,212,physical_safety,safety_critical_edge_case_coverage,0.0,False,fraction
german_credit,213,physical_safety,safety_critical_edge_case_coverage,0.0,False,fraction
german_credit,214,physical_safety,safety_critical_edge_case_coverage,0.0,False,fraction
german_credit,215,physical_safety,safety_critical_edge_case_coverage,0.0,False,fraction
german_credit,216,physical_safety,safety_critical_edge_case_coverage,0.0,False,fraction
german_credit,217,physical_safety,safety_critical_edge_case_coverage,0.0,False,fraction
german_credit,218,physical_safety,safety_critical_edge_case_coverage,0.0,False,fraction
german_credit,219,physical_safety,safety_critical_edge_case_coverage,0.0,False,fraction
german_credit,220,physical_safety,safety_critical_edge_case_coverage,0.0,False,fraction
german_credit,221,physical_safety,safety_critical_edge_case_coverage,0.0,False,fraction
german_credit,222,physical_safety,safety_critical_edge_case_coverage,0.0,False,fraction
german_credit,223,physical_safety,safety_critical_edge_case_coverage,0.0,False,fraction
german_credit,224,physical_safety,safety_critical_edge_case_coverage,0.0,False,fraction
german_credit,225,physical_safety,safety_critical_edge_case_coverage,0.0,False,fraction
german_credit,226,physical_safety,safety_critical_edge_case_coverage,0.25,True,fraction
german_credit,227,physical_safety,safety_critical_edge_case_coverage,0.0,False,fraction
german_credit,228,physical_safety,safety_critical_edge_case_coverage,0.0,False,fraction
german_credit,229,physical_safety,safety_critical_edge_case_coverage,0.0,False,fraction
german_credit,230,physical_safety,safety_critical_edge_case_coverage,0.0,False,fraction
german_credit,231,physical_safety,safety_critical_edge_case_coverage,0.0,False,fraction
german_credit,232,physical_safety,safety_critical_edge_case_coverage,0.0,False,fraction
german_credit,233,physical_safety,safety_critical_edge_case_coverage,0.0,False,fraction
german_credit,234,physical_safety,safety_critical_edge_case_coverage,0.0,False,fraction
german_credit,235,physical_safety,safety_critical_edge_case_coverage,0.0,False,fraction
german_credit,236,physical_safety,safety_critical_edge_case_coverage,0.0,False,fraction
german_credit,237,physical_safety,safety_critical_edge_case_coverage,0.0,False,fraction
german_credit,238,physical_safety,safety_critical_edge_case_coverage,0.0,False,fraction
german_credit,239,physical_safety,safety_critical_edge_case_coverage,0.0,False,fraction
german_credit,240,physical_safety,safety_critical_edge_case_coverage,0.0,False,fraction
german_credit,241,physical_safety,safety_critical_edge_case_coverage,0.0,False,fraction
german_credit,242,physical_safety,safety_critical_edge_case_coverage,0.0,False,fraction
german_credit,243,physical_safety,safety_critical_edge_case_coverage,0.0,False,fraction
german_credit,244,physical_safety,safety_critical_edge_case_coverage,0.0,False,fraction
german_credit,245,physical_safety,safety_critical_edge_case_coverage,0.0,False,fraction
german_credit,246,physical_safety,safety_critical_edge_case_coverage,0.0,False,fraction
german_credit,247,physical_safety,safety_critical_edge_case_coverage,0.0,False,fraction
german_credit,248,physical_safety,safety_critical_edge_case_coverage,0.0,False,fraction
german_credit,249,physical_safety,safety_critical_edge_case_coverage,0.0,False,fraction
german_credit,250,physical_safety,safety_critical_edge_case_coverage,0.0,False,fraction
german_credit,251,physical_safety,safety_critical_edge_case_coverage,0.0,False,fraction
german_credit,252,physical_safety,safety_critical_edge_case_coverage,0.0,False,fraction
german_credit,253,physical_safety,safety_critical_edge_case_coverage,0.0,False,fraction
german_credit,254,physical_safety,safety_critical_edge_case_coverage,0.0,False,fraction
german_credit,255,physical_safety,safety_critical_edge_case_coverage,0.0,False,fraction
german_credit,256,physical_safety,safety_critical_edge_case_coverage,0.0,False,fraction
german_credit,257,physical_safety,safety_critical_edge_case_coverage,0.0,False,fraction
german_credit,258,physical_safety,safety_critical_edge_case_coverage,0.0,False,fraction
german_credit,259,physical_safety,safety_critical_edge_case_coverage,0.0,False,fraction
german_credit,260,physical_safety,safety_critical_edge_case_coverage,0.0,False,fraction
german_credit,261,physical_safety,safety_critical_edge_case_coverage,0.0,False,fraction
german_credit,262,physical_safety,safety_critical_edge_case_coverage,0.0,False,fraction
german_credit,263,physical_safety,safety_critical_edge_case_coverage,0.0,False,fraction
german_credit,264,physical_safety,safety_critical_edge_case_coverage,0.0,False,fraction
german_credit,265,physical_safety,safety_critical_edge_case_coverage,0.0,False,fraction
german_credit,266,physical_safety,safety_critical_edge_case_coverage,0.0,False,fraction
german_credit,267,physical_safety,safety_critical_edge_case_coverage,0.0,False,fraction
german_credit,268,physical_safety,safety_critical_edge_case_coverage,0.0,False,fraction
german_credit,269,physical_safety,safety_critical_edge_case_coverage,0.0,False,fraction
german_credit,270,physical_safety,safety_critical_edge_case_coverage,0.0,False,fraction
german_credit,271,physical_safety,safety_critical_edge_case_coverage,0.0,False,fraction
german_credit,272,physical_safety,safety_critical_edge_case_coverage,0.25,True,fraction
german_credit,273,physical_safety,safety_critical_edge_case_coverage,0.0,False,fraction
german_credit,274,physical_safety,safety_critical_edge_case_coverage,0.0,False,fraction
german_credit,275,physical_safety,safety_critical_edge_case_coverage,0.0,False,fraction
german_credit,276,physical_safety,safety_critical_edge_case_coverage,0.0,False,fraction
german_credit,277,physical_safety,safety_critical_edge_case_coverage,0.0,False,fraction
german_credit,278,physical_safety,safety_critical_edge_case_coverage,0.0,False,fraction
german_credit,279,physical_safety,safety_critical_edge_case_coverage,0.0,False,fraction
german_credit,280,physical_safety,safety_critical_edge_case_coverage,0.0,False,fraction
german_credit,281,physical_safety,safety_critical_edge_case_coverage,0.0,False,fraction
german_credit,282,physical_safety,safety_critical_edge_case_coverage,0.0,False,fraction
german_credit,283,physical_safety,safety_critical_edge_case_coverage,0.0,False,fraction
german_credit,284,physical_safety,safety_critical_edge_case_coverage,0.0,False,fraction
german_credit,285,physical_safety,safety_critical_edge_case_coverage,0.25,True,fraction
german_credit,286,physical_safety,safety_critical_edge_case_coverage,0.0,False,fraction
german_credit,287,physical_safety,safety_critical_edge_case_coverage,0.0,False,fraction
german_credit,288,physical_safety,safety_critical_edge_case_coverage,0.0,False,fraction
german_credit,289,physical_safety,safety_critical_edge_case_coverage,0.0,False,fraction
german_credit,290,physical_safety,safety_critical_edge_case_coverage,0.0,False,fraction
german_credit,291,physical_safety,safety_critical_edge_case_coverage,0.0,False,fraction
german_credit,292,physical_safety,safety_critical_edge_case_coverage,0.0,False,fraction
german_credit,293,physical_safety,safety_critical_edge_case_coverage,0.0,False,fraction
german_credit,294,physical_safety,safety_critical_edge_case_coverage,0.0,False,fraction
german_credit,295,physical_safety,safety_critical_edge_case_coverage,0.0,False,fraction
german_credit,296,physical_safety,safety_critical_edge_case_coverage,0.0,False,fraction
german_credit,297,physical_safety,safety_critical_edge_case_coverage,0.0,False,fraction
german_credit,298,physical_safety,safety_critical_edge_case_coverage,0.0,False,fraction
german_credit,299,physical_safety,safety_critical_edge_case_coverage,0.0,False,fraction
german_credit,300,physical_safety,safety_critical_edge_case_coverage,0.0,False,fraction
german_credit,301,physical_safety,safety_critical_edge_case_coverage,0.0,False,fraction
german_credit,302,physical_safety,safety_critical_edge_case_coverage,0.0,False,fraction
german_credit,303,physical_safety,safety_critical_edge_case_coverage,0.0,False,fraction
german_credit,304,physical_safety,safety_critical_edge_case_coverage,0.25,True,fraction
german_credit,305,physical_safety,safety_critical_edge_case_coverage,0.0,False,fraction
german_credit,306,physical_safety,safety_critical_edge_case_coverage,0.0,False,fraction
german_credit,307,physical_safety,safety_critical_edge_case_coverage,0.0,False,fraction
german_credit,308,physical_safety,safety_critical_edge_case_coverage,0.0,False,fraction
german_credit,309,physical_safety,safety_critical_edge_case_coverage,0.0,False,fraction
german_credit,310,physical_safety,safety_critical_edge_case_coverage,0.0,False,fraction
german_credit,311,physical_safety,safety_critical_edge_case_coverage,0.0,False,fraction
german_credit,312,physical_safety,safety_critical_edge_case_coverage,0.0,False,fraction
german_credit,313,physical_safety,safety_critical_edge_case_coverage,0.0,False,fraction
german_credit,314,physical_safety,safety_critical_edge_case_coverage,0.0,False,fraction
german_credit,315,physical_safety,safety_critical_edge_case_coverage,0.0,False,fraction
german_credit,316,physical_safety,safety_critical_edge_case_coverage,0.0,False,fraction
german_credit,317,physical_safety,safety_critical_edge_case_coverage,0.0,False,fraction
german_credit,318,physical_safety,safety_critical_edge_case_coverage,0.0,False,fraction
german_credit,319,physical_safety,safety_critical_edge_case_coverage,0.0,False,fraction
german_credit,320,physical_safety,safety_critical_edge_case_coverage,0.0,False,fraction
german_credit,321,physical_safety,safety_critical_edge_case_coverage,0.0,False,fraction
german_credit,322,physical_safety,safety_critical_edge_case_coverage,0.0,False,fraction
german_credit,323,physical_safety,safety_critical_edge_case_coverage,0.0,False,fraction
german_credit,324,physical_safety,safety_critical_edge_case_coverage,0.0,False,fraction
german_credit,325,physical_safety,safety_critical_edge_case_coverage,0.0,False,fraction
german_credit,326,physical_safety,safety_critical_edge_case_coverage,0.0,False,fraction
german_credit,327,physical_safety,safety_critical_edge_case_coverage,0.0,False,fraction
german_credit,328,physical_safety,safety_critical_edge_case_coverage,0.0,False,fraction
german_credit,329,physical_safety,safety_critical_edge_case_coverage,0.0,False,fraction
german_credit,330,physical_safety,safety_critical_edge_case_coverage,0.0,False,fraction
german_credit,331,physical_safety,safety_critical_edge_case_coverage,0.0,False,fraction
german_credit,332,physical_safety,safety_critical_edge_case_coverage,0.0,False,fraction
german_credit,333,physical_safety,safety_critical_edge_case_coverage,0.25,True,fraction
german_credit,334,physical_safety,safety_critical_edge_case_coverage,0.0,False,fraction
german_credit,335,physical_safety,safety_critical_edge_case_coverage,0.0,False,fraction
german_credit,336,physical_safety,safety_critical_edge_case_coverage,0.0,False,fraction
german_credit,337,physical_safety,safety_critical_edge_case_coverage,0.0,False,fraction
german_credit,338,physical_safety,safety_critical_edge_case_coverage,0.0,False,fraction
german_credit,339,physical_safety,safety_critical_edge_case_coverage,0.0,False,fraction
german_credit,340,physical_safety,safety_critical_edge_case_coverage,0.0,False,fraction
german_credit,341,physical_safety,safety_critical_edge_case_coverage,0.0,False,fraction
german_credit,342,physical_safety,safety_critical_edge_case_coverage,0.0,False,fraction
german_credit,343,physical_safety,safety_critical_edge_case_coverage,0.0,False,fraction
german_credit,344,physical_safety,safety_critical_edge_case_coverage,0.0,False,fraction
german_credit,345,physical_safety,safety_critical_edge_case_coverage,0.0,False,fraction
german_credit,346,physical_safety,safety_critical_edge_case_coverage,0.0,False,fraction
german_credit,347,physical_safety,safety_critical_edge_case_coverage,0.0,False,fraction
german_credit,348,physical_safety,safety_critical_edge_case_coverage,0.0,False,fraction
german_credit,349,physical_safety,safety_critical_edge_case_coverage,0.0,False,fraction
german_credit,350,physical_safety,safety_critical_edge_case_coverage,0.0,False,fraction
german_credit,351,physical_safety,safety_critical_edge_case_coverage,0.0,False,fraction
german_credit,352,physical_safety,safety_critical_edge_case_coverage,0.0,False,fraction
german_credit,353,physical_safety,safety_critical_edge_case_coverage,0.0,False,fraction
german_credit,354,physical_safety,safety_critical_edge_case_coverage,0.0,False,fraction
german_credit,355,physical_safety,safety_critical_edge_case_coverage,0.0,False,fraction
german_credit,356,physical_safety,safety_critical_edge_case_coverage,0.0,False,fraction
german_credit,357,physical_safety,safety_critical_edge_case_coverage,0.0,False,fraction
german_credit,358,physical_safety,safety_critical_edge_case_coverage,0.0,False,fraction
german_credit,359,physical_safety,safety_critical_edge_case_coverage,0.0,False,fraction
german_credit,360,physical_safety,safety_critical_edge_case_coverage,0.0,False,fraction
german_credit,361,physical_safety,safety_critical_edge_case_coverage,0.0,False,fraction
german_credit,362,physical_safety,safety_critical_edge_case_coverage,0.0,False,fraction
german_credit,363,physical_safety,safety_critical_edge_case_coverage,0.0,False,fraction
german_credit,364,physical_safety,safety_critical_edge_case_coverage,0.0,False,fraction
german_credit,365,physical_safety,safety_critical_edge_case_coverage,0.0,False,fraction
german_credit,366,physical_safety,safety_critical_edge_case_coverage,0.0,False,fraction
german_credit,367,physical_safety,safety_critical_edge_case_coverage,0.0,False,fraction
german_credit,368,physical_safety,safety_critical_edge_case_coverage,0.0,False,fraction
german_credit,369,physical_safety,safety_critical_edge_case_coverage,0.0,False,fraction
german_credit,370,physical_safety,safety_critical_edge_case_coverage,0.0,False,fraction
german_credit,371,physical_safety,safety_critical_edge_case_coverage,0.0,False,fraction
german_credit,372,physical_safety,safety_critical_edge_case_coverage,0.0,False,fraction
german_credit,373,physical_safety,safety_critical_edge_case_coverage,0.25,True,fraction
german_credit,374,physical_safety,safety_critical_edge_case_coverage,0.25,True,fraction
german_credit,375,physical_safety,safety_critical_edge_case_coverage,0.0,False,fraction
german_credit,376,physical_safety,safety_critical_edge_case_coverage,0.0,False,fraction
german_credit,377,physical_safety,safety_critical_edge_case_coverage,0.0,False,fraction
german_credit,378,physical_safety,safety_critical_edge_case_coverage,0.25,True,fraction
german_credit,379,physical_safety,safety_critical_edge_case_coverage,0.0,False,fraction
german_credit,380,physical_safety,safety_critical_edge_case_coverage,0.0,False,fraction
german_credit,381,physical_safety,safety_critical_edge_case_coverage,0.0,False,fraction
german_credit,382,physical_safety,safety_critical_edge_case_coverage,0.0,False,fraction
german_credit,383,physical_safety,safety_critical_edge_case_coverage,0.0,False,fraction
german_credit,384,physical_safety,safety_critical_edge_case_coverage,0.0,False,fraction
german_credit,385,physical_safety,safety_critical_edge_case_coverage,0.0,False,fraction
german_credit,386,physical_safety,safety_critical_edge_case_coverage,0.0,False,fraction
german_credit,387,physical_safety,safety_critical_edge_case_coverage,0.0,False,fraction
german_credit,388,physical_safety,safety_critical_edge_case_coverage,0.0,False,fraction
german_credit,389,physical_safety,safety_critical_edge_case_coverage,0.0,False,fraction
german_credit,390,physical_safety,safety_critical_edge_case_coverage,0.0,False,fraction
german_credit,391,physical_safety,safety_critical_edge_case_coverage,0.0,False,fraction
german_credit,392,physical_safety,safety_critical_edge_case_coverage,0.0,False,fraction
german_credit,393,physical_safety,safety_critical_edge_case_coverage,0.0,False,fraction
german_credit,394,physical_safety,safety_critical_edge_case_coverage,0.0,False,fraction
german_credit,395,physical_safety,safety_critical_edge_case_coverage,0.25,True,fraction
german_credit,396,physical_safety,safety_critical_edge_case_coverage,0.0,False,fraction
german_credit,397,physical_safety,safety_critical_edge_case_coverage,0.0,False,fraction
german_credit,398,physical_safety,safety_critical_edge_case_coverage,0.0,False,fraction
german_credit,399,physical_safety,safety_critical_edge_case_coverage,0.0,False,fraction
german_credit,400,physical_safety,safety_critical_edge_case_coverage,0.0,False,fraction
german_credit,401,physical_safety,safety_critical_edge_case_coverage,0.0,False,fraction
german_credit,402,physical_safety,safety_critical_edge_case_coverage,0.0,False,fraction
german_credit,403,physical_safety,safety_critical_edge_case_coverage,0.0,False,fraction
german_credit,404,physical_safety,safety_critical_edge_case_coverage,0.0,False,fraction
german_credit,405,physical_safety,safety_critical_edge_case_coverage,0.0,False,fraction
german_credit,406,physical_safety,safety_critical_edge_case_coverage,0.0,False,fraction
german_credit,407,physical_safety,safety_critical_edge_case_coverage,0.0,False,fraction
german_credit,408,physical_safety,safety_critical_edge_case_coverage,0.0,False,fraction
german_credit,409,physical_safety,safety_critical_edge_case_coverage,0.0,False,fraction
german_credit,410,physical_safety,safety_critical_edge_case_coverage,0.0,False,fraction
german_credit,411,physical_safety,safety_critical_edge_case_coverage,0.0,False,fraction
german_credit,412,physical_safety,safety_critical_edge_case_coverage,0.0,False,fraction
german_credit,413,physical_safety,safety_critical_edge_case_coverage,0.0,False,fraction
german_credit,414,physical_safety,safety_critical_edge_case_coverage,0.0,False,fraction
german_credit,415,physical_safety,safety_critical_edge_case_coverage,0.0,False,fraction
german_credit,416,physical_safety,safety_critical_edge_case_coverage,0.0,False,fraction
german_credit,417,physical_safety,safety_critical_edge_case_coverage,0.0,False,fraction
german_credit,418,physical_safety,safety_critical_edge_case_coverage,0.0,False,fraction
german_credit,419,physical_safety,safety_critical_edge_case_coverage,0.0,False,fraction
german_credit,420,physical_safety,safety_critical_edge_case_coverage,0.0,False,fraction
german_credit,421,physical_safety,safety_critical_edge_case_coverage,0.0,False,fraction
german_credit,422,physical_safety,safety_critical_edge_case_coverage,0.0,False,fraction
german_credit,423,physical_safety,safety_critical_edge_case_coverage,0.0,False,fraction
german_credit,424,physical_safety,safety_critical_edge_case_coverage,0.0,False,fraction
german_credit,425,physical_safety,safety_critical_edge_case_coverage,0.0,False,fraction
german_credit,426,physical_safety,safety_critical_edge_case_coverage,0.0,False,fraction
german_credit,427,physical_safety,safety_critical_edge_case_coverage,0.0,False,fraction
german_credit,428,physical_safety,safety_critical_edge_case_coverage,0.0,False,fraction
german_credit,429,physical_safety,safety_critical_edge_case_coverage,0.0,False,fraction
german_credit,430,physical_safety,safety_critical_edge_case_coverage,0.0,False,fraction
german_credit,431,physical_safety,safety_critical_edge_case_coverage,0.0,False,fraction
german_credit,432,physical_safety,safety_critical_edge_case_coverage,0.0,False,fraction
german_credit,433,physical_safety,safety_critical_edge_case_coverage,0.0,False,fraction
german_credit,434,physical_safety,safety_critical_edge_case_coverage,0.0,False,fraction
german_credit,435,physical_safety,safety_critical_edge_case_coverage,0.0,False,fraction
german_credit,436,physical_safety,safety_critical_edge_case_coverage,0.0,False,fraction
german_credit,437,physical_safety,safety_critical_edge_case_coverage,0.0,False,fraction
german_credit,438,physical_safety,safety_critical_edge_case_coverage,0.0,False,fraction
german_credit,439,physical_safety,safety_critical_edge_case_coverage,0.0,False,fraction
german_credit,440,physical_safety,safety_critical_edge_case_coverage,0.0,False,fraction
german_credit,441,physical_safety,safety_critical_edge_case_coverage,0.0,False,fraction
german_credit,442,physical_safety,safety_critical_edge_case_coverage,0.0,False,fraction
german_credit,443,physical_safety,safety_critical_edge_case_coverage,0.0,False,fraction
german_credit,444,physical_safety,safety_critical_edge_case_coverage,0.0,False,fraction
german_credit,445,physical_safety,safety_critical_edge_case_coverage,0.0,False,fraction
german_credit,446,physical_safety,safety_critical_edge_case_coverage,0.0,False,fraction
german_credit,447,physical_safety,safety_critical_edge_case_coverage,0.0,False,fraction
german_credit,448,physical_safety,safety_critical_edge_case_coverage,0.0,False,fraction
german_credit,449,physical_safety,safety_critical_edge_case_coverage,0.0,False,fraction
german_credit,450,physical_safety,safety_critical_edge_case_coverage,0.25,True,fraction
german_credit,451,physical_safety,safety_critical_edge_case_coverage,0.0,False,fraction
german_credit,452,physical_safety,safety_critical_edge_case_coverage,0.0,False,fraction
german_credit,453,physical_safety,safety_critical_edge_case_coverage,0.0,False,fraction
german_credit,454,physical_safety,safety_critical_edge_case_coverage,0.0,False,fraction
german_credit,455,physical_safety,safety_critical_edge_case_coverage,0.0,False,fraction
german_credit,456,physical_safety,safety_critical_edge_case_coverage,0.0,False,fraction
german_credit,457,physical_safety,safety_critical_edge_case_coverage,0.0,False,fraction
german_credit,458,physical_safety,safety_critical_edge_case_coverage,0.0,False,fraction
german_credit,459,physical_safety,safety_critical_edge_case_coverage,0.0,False,fraction
german_credit,460,physical_safety,safety_critical_edge_case_coverage,0.0,False,fraction
german_credit,461,physical_safety,safety_critical_edge_case_coverage,0.0,False,fraction
german_credit,462,physical_safety,safety_critical_edge_case_coverage,0.0,False,fraction
german_credit,463,physical_safety,safety_critical_edge_case_coverage,0.0,False,fraction
german_credit,464,physical_safety,safety_critical_edge_case_coverage,0.0,False,fraction
german_credit,465,physical_safety,safety_critical_edge_case_coverage,0.0,False,fraction
german_credit,466,physical_safety,safety_critical_edge_case_coverage,0.0,False,fraction
german_credit,467,physical_safety,safety_critical_edge_case_coverage,0.0,False,fraction
german_credit,468,physical_safety,safety_critical_edge_case_coverage,0.0,False,fraction
german_credit,469,physical_safety,safety_critical_edge_case_coverage,0.0,False,fraction
german_credit,470,physical_safety,safety_critical_edge_case_coverage,0.0,False,fraction
german_credit,471,physical_safety,safety_critical_edge_case_coverage,0.0,False,fraction
german_credit,472,physical_safety,safety_critical_edge_case_coverage,0.0,False,fraction
german_credit,473,physical_safety,safety_critical_edge_case_coverage,0.0,False,fraction
german_credit,474,physical_safety,safety_critical_edge_case_coverage,0.0,False,fraction
german_credit,475,physical_safety,safety_critical_edge_case_coverage,0.0,False,fraction
german_credit,476,physical_safety,safety_critical_edge_case_coverage,0.0,False,fraction
german_credit,477,physical_safety,safety_critical_edge_case_coverage,0.0,False,fraction
german_credit,478,physical_safety,safety_critical_edge_case_coverage,0.0,False,fraction
german_credit,479,physical_safety,safety_critical_edge_case_coverage,0.0,False,fraction
german_credit,480,physical_safety,safety_critical_edge_case_coverage,0.0,False,fraction
german_credit,481,physical_safety,safety_critical_edge_case_coverage,0.0,False,fraction
german_credit,482,physical_safety,safety_critical_edge_case_coverage,0.0,False,fraction
german_credit,483,physical_safety,safety_critical_edge_case_coverage,0.0,False,fraction
german_credit,484,physical_safety,safety_critical_edge_case_coverage,0.0,False,fraction
german_credit,485,physical_safety,safety_critical_edge_case_coverage,0.0,False,fraction
german_credit,486,physical_safety,safety_critical_edge_case_coverage,0.0,False,fraction
german_credit,487,physical_safety,safety_critical_edge_case_coverage,0.0,False,fraction
german_credit,488,physical_safety,safety_critical_edge_case_coverage,0.0,False,fraction
german_credit,489,physical_safety,safety_critical_edge_case_coverage,0.0,False,fraction
german_credit,490,physical_safety,safety_critical_edge_case_coverage,0.0,False,fraction
german_credit,491,physical_safety,safety_critical_edge_case_coverage,0.0,False,fraction
german_credit,492,physical_safety,safety_critical_edge_case_coverage,0.0,False,fraction
german_credit,493,physical_safety,safety_critical_edge_case_coverage,0.0,False,fraction
german_credit,494,physical_safety,safety_critical_edge_case_coverage,0.0,False,fraction
german_credit,495,physical_safety,safety_critical_edge_case_coverage,0.0,False,fraction
german_credit,496,physical_safety,safety_critical_edge_case_coverage,0.0,False,fraction
german_credit,497,physical_safety,safety_critical_edge_case_coverage,0.0,False,fraction
german_credit,498,physical_safety,safety_critical_edge_case_coverage,0.0,False,fraction
german_credit,499,physical_safety,safety_critical_edge_case_coverage,0.0,False,fraction
german_credit,500,physical_safety,safety_critical_edge_case_coverage,0.0,False,fraction
german_credit,501,physical_safety,safety_critical_edge_case_coverage,0.0,False,fraction
german_credit,502,physical_safety,safety_critical_edge_case_coverage,0.0,False,fraction
german_credit,503,physical_safety,safety_critical_edge_case_coverage,0.0,False,fraction
german_credit,504,physical_safety,safety_critical_edge_case_coverage,0.0,False,fraction
german_credit,505,physical_safety,safety_critical_edge_case_coverage,0.0,False,fraction
german_credit,506,physical_safety,safety_critical_edge_case_coverage,0.0,False,fraction
german_credit,507,physical_safety,safety_critical_edge_case_coverage,0.0,False,fraction
german_credit,508,physical_safety,safety_critical_edge_case_coverage,0.0,False,fraction
german_credit,509,physical_safety,safety_critical_edge_case_coverage,0.0,False,fraction
german_credit,510,physical_safety,safety_critical_edge_case_coverage,0.0,False,fraction
german_credit,511,physical_safety,safety_critical_edge_case_coverage,0.0,False,fraction
german_credit,512,physical_safety,safety_critical_edge_case_coverage,0.0,False,fraction
german_credit,513,physical_safety,safety_critical_edge_case_coverage,0.0,False,fraction
german_credit,514,physical_safety,safety_critical_edge_case_coverage,0.0,False,fraction
german_credit,515,physical_safety,safety_critical_edge_case_coverage,0.0,False,fraction
german_credit,516,physical_safety,safety_critical_edge_case_coverage,0.0,False,fraction
german_credit,517,physical_safety,safety_critical_edge_case_coverage,0.0,False,fraction
german_credit,518,physical_safety,safety_critical_edge_case_coverage,0.0,False,fraction
german_credit,519,physical_safety,safety_critical_edge_case_coverage,0.0,False,fraction
german_credit,520,physical_safety,safety_critical_edge_case_coverage,0.0,False,fraction
german_credit,521,physical_safety,safety_critical_edge_case_coverage,0.0,False,fraction
german_credit,522,physical_safety,safety_critical_edge_case_coverage,0.0,False,fraction
german_credit,523,physical_safety,safety_critical_edge_case_coverage,0.0,False,fraction
german_credit,524,physical_safety,safety_critical_edge_case_coverage,0.0,False,fraction
german_credit,525,physical_safety,safety_critical_edge_case_coverage,0.0,False,fraction
german_credit,526,physical_safety,safety_critical_edge_case_coverage,0.0,False,fraction
german_credit,527,physical_safety,safety_critical_edge_case_coverage,0.0,False,fraction
german_credit,528,physical_safety,safety_critical_edge_case_coverage,0.0,False,fraction
german_credit,529,physical_safety,safety_critical_edge_case_coverage,0.0,False,fraction
german_credit,530,physical_safety,safety_critical_edge_case_coverage,0.0,False,fraction
german_credit,531,physical_safety,safety_critical_edge_case_coverage,0.0,False,fraction
german_credit,532,physical_safety,safety_critical_edge_case_coverage,0.0,False,fraction
german_credit,533,physical_safety,safety_critical_edge_case_coverage,0.0,False,fraction
german_credit,534,physical_safety,safety_critical_edge_case_coverage,0.0,False,fraction
german_credit,535,physical_safety,safety_critical_edge_case_coverage,0.0,False,fraction
german_credit,536,physical_safety,safety_critical_edge_case_coverage,0.0,False,fraction
german_credit,537,physical_safety,safety_critical_edge_case_coverage,0.0,False,fraction
german_credit,538,physical_safety,safety_critical_edge_case_coverage,0.0,False,fraction
german_credit,539,physical_safety,safety_critical_edge_case_coverage,0.0,False,fraction
german_credit,540,physical_safety,safety_critical_edge_case_coverage,0.0,False,fraction
german_credit,541,physical_safety,safety_critical_edge_case_coverage,0.0,False,fraction
german_credit,542,physical_safety,safety_critical_edge_case_coverage,0.0,False,fraction
german_credit,543,physical_safety,safety_critical_edge_case_coverage,0.0,False,fraction
german_credit,544,physical_safety,safety_critical_edge_case_coverage,0.0,False,fraction
german_credit,545,physical_safety,safety_critical_edge_case_coverage,0.0,False,fraction
german_credit,546,physical_safety,safety_critical_edge_case_coverage,0.0,False,fraction
german_credit,547,physical_safety,safety_critical_edge_case_coverage,0.0,False,fraction
german_credit,548,physical_safety,safety_critical_edge_case_coverage,0.0,False,fraction
german_credit,549,physical_safety,safety_critical_edge_case_coverage,0.0,False,fraction
german_credit,550,physical_safety,safety_critical_edge_case_coverage,0.0,False,fraction
german_credit,551,physical_safety,safety_critical_edge_case_coverage,0.0,False,fraction
german_credit,552,physical_safety,safety_critical_edge_case_coverage,0.0,False,fraction
german_credit,553,physical_safety,safety_critical_edge_case_coverage,0.0,False,fraction
german_credit,554,physical_safety,safety_critical_edge_case_coverage,0.0,False,fraction
german_credit,555,physical_safety,safety_critical_edge_case_coverage,0.0,False,fraction
german_credit,556,physical_safety,safety_critical_edge_case_coverage,0.0,False,fraction
german_credit,557,physical_safety,safety_critical_edge_case_coverage,0.0,False,fraction
german_credit,558,physical_safety,safety_critical_edge_case_coverage,0.0,False,fraction
german_credit,559,physical_safety,safety_critical_edge_case_coverage,0.0,False,fraction
german_credit,560,physical_safety,safety_critical_edge_case_coverage,0.0,False,fraction
german_credit,561,physical_safety,safety_critical_edge_case_coverage,0.0,False,fraction
german_credit,562,physical_safety,safety_critical_edge_case_coverage,0.0,False,fraction
german_credit,563,physical_safety,safety_critical_edge_case_coverage,0.25,True,fraction
german_credit,564,physical_safety,safety_critical_edge_case_coverage,0.0,False,fraction
german_credit,565,physical_safety,safety_critical_edge_case_coverage,0.0,False,fraction
german_credit,566,physical_safety,safety_critical_edge_case_coverage,0.0,False,fraction
german_credit,567,physical_safety,safety_critical_edge_case_coverage,0.0,False,fraction
german_credit,568,physical_safety,safety_critical_edge_case_coverage,0.0,False,fraction
german_credit,569,physical_safety,safety_critical_edge_case_coverage,0.0,False,fraction
german_credit,570,physical_safety,safety_critical_edge_case_coverage,0.0,False,fraction
german_credit,571,physical_safety,safety_critical_edge_case_coverage,0.0,False,fraction
german_credit,572,physical_safety,safety_critical_edge_case_coverage,0.0,False,fraction
german_credit,573,physical_safety,safety_critical_edge_case_coverage,0.0,False,fraction
german_credit,574,physical_safety,safety_critical_edge_case_coverage,0.0,False,fraction
german_credit,575,physical_safety,safety_critical_edge_case_coverage,0.0,False,fraction
german_credit,576,physical_safety,safety_critical_edge_case_coverage,0.0,False,fraction
german_credit,577,physical_safety,safety_critical_edge_case_coverage,0.0,False,fraction
german_credit,578,physical_safety,safety_critical_edge_case_coverage,0.0,False,fraction
german_credit,579,physical_safety,safety_critical_edge_case_coverage,0.0,False,fraction
german_credit,580,physical_safety,safety_critical_edge_case_coverage,0.0,False,fraction
german_credit,581,physical_safety,safety_critical_edge_case_coverage,0.0,False,fraction
german_credit,582,physical_safety,safety_critical_edge_case_coverage,0.0,False,fraction
german_credit,583,physical_safety,safety_critical_edge_case_coverage,0.0,False,fraction
german_credit,584,physical_safety,safety_critical_edge_case_coverage,0.0,False,fraction
german_credit,585,physical_safety,safety_critical_edge_case_coverage,0.0,False,fraction
german_credit,586,physical_safety,safety_critical_edge_case_coverage,0.0,False,fraction
german_credit,587,physical_safety,safety_critical_edge_case_coverage,0.0,False,fraction
german_credit,588,physical_safety,safety_critical_edge_case_coverage,0.0,False,fraction
german_credit,589,physical_safety,safety_critical_edge_case_coverage,0.0,False,fraction
german_credit,590,physical_safety,safety_critical_edge_case_coverage,0.0,False,fraction
german_credit,591,physical_safety,safety_critical_edge_case_coverage,0.0,False,fraction
german_credit,592,physical_safety,safety_critical_edge_case_coverage,0.0,False,fraction
german_credit,593,physical_safety,safety_critical_edge_case_coverage,0.0,False,fraction
german_credit,594,physical_safety,safety_critical_edge_case_coverage,0.0,False,fraction
german_credit,595,physical_safety,safety_critical_edge_case_coverage,0.0,False,fraction
german_credit,596,physical_safety,safety_critical_edge_case_coverage,0.0,False,fraction
german_credit,597,physical_safety,safety_critical_edge_case_coverage,0.0,False,fraction
german_credit,598,physical_safety,safety_critical_edge_case_coverage,0.0,False,fraction
german_credit,599,physical_safety,safety_critical_edge_case_coverage,0.0,False,fraction
german_credit,600,physical_safety,safety_critical_edge_case_coverage,0.0,False,fraction
german_credit,601,physical_safety,safety_critical_edge_case_coverage,0.0,False,fraction
german_credit,602,physical_safety,safety_critical_edge_case_coverage,0.0,False,fraction
german_credit,603,physical_safety,safety_critical_edge_case_coverage,0.0,False,fraction
german_credit,604,physical_safety,safety_critical_edge_case_coverage,0.0,False,fraction
german_credit,605,physical_safety,safety_critical_edge_case_coverage,0.0,False,fraction
german_credit,606,physical_safety,safety_critical_edge_case_coverage,0.0,False,fraction
german_credit,607,physical_safety,safety_critical_edge_case_coverage,0.0,False,fraction
german_credit,608,physical_safety,safety_critical_edge_case_coverage,0.0,False,fraction
german_credit,609,physical_safety,safety_critical_edge_case_coverage,0.0,False,fraction
german_credit,610,physical_safety,safety_critical_edge_case_coverage,0.0,False,fraction
german_credit,611,physical_safety,safety_critical_edge_case_coverage,0.0,False,fraction
german_credit,612,physical_safety,safety_critical_edge_case_coverage,0.0,False,fraction
german_credit,613,physical_safety,safety_critical_edge_case_coverage,0.0,False,fraction
german_credit,614,physical_safety,safety_critical_edge_case_coverage,0.0,False,fraction
german_credit,615,physical_safety,safety_critical_edge_case_coverage,0.25,True,fraction
german_credit,616,physical_safety,safety_critical_edge_case_coverage,0.0,False,fraction
german_credit,617,physical_safety,safety_critical_edge_case_coverage,0.0,False,fraction
german_credit,618,physical_safety,safety_critical_edge_case_coverage,0.0,False,fraction
german_credit,619,physical_safety,safety_critical_edge_case_coverage,0.0,False,fraction
german_credit,620,physical_safety,safety_critical_edge_case_coverage,0.0,False,fraction
german_credit,621,physical_safety,safety_critical_edge_case_coverage,0.0,False,fraction
german_credit,622,physical_safety,safety_critical_edge_case_coverage,0.0,False,fraction
german_credit,623,physical_safety,safety_critical_edge_case_coverage,0.0,False,fraction
german_credit,624,physical_safety,safety_critical_edge_case_coverage,0.0,False,fraction
german_credit,625,physical_safety,safety_critical_edge_case_coverage,0.0,False,fraction
german_credit,626,physical_safety,safety_critical_edge_case_coverage,0.0,False,fraction
german_credit,627,physical_safety,safety_critical_edge_case_coverage,0.0,False,fraction
german_credit,628,physical_safety,safety_critical_edge_case_coverage,0.0,False,fraction
german_credit,629,physical_safety,safety_critical_edge_case_coverage,0.0,False,fraction
german_credit,630,physical_safety,safety_critical_edge_case_coverage,0.0,False,fraction
german_credit,631,physical_safety,safety_critical_edge_case_coverage,0.0,False,fraction
german_credit,632,physical_safety,safety_critical_edge_case_coverage,0.0,False,fraction
german_credit,633,physical_safety,safety_critical_edge_case_coverage,0.0,False,fraction
german_credit,634,physical_safety,safety_critical_edge_case_coverage,0.0,False,fraction
german_credit,635,physical_safety,safety_critical_edge_case_coverage,0.0,False,fraction
german_credit,636,physical_safety,safety_critical_edge_case_coverage,0.0,False,fraction
german_credit,637,physical_safety,safety_critical_edge_case_coverage,0.25,True,fraction
german_credit,638,physical_safety,safety_critical_edge_case_coverage,0.0,False,fraction
german_credit,639,physical_safety,safety_critical_edge_case_coverage,0.0,False,fraction
german_credit,640,physical_safety,safety_critical_edge_case_coverage,0.0,False,fraction
german_credit,641,physical_safety,safety_critical_edge_case_coverage,0.0,False,fraction
german_credit,642,physical_safety,safety_critical_edge_case_coverage,0.0,False,fraction
german_credit,643,physical_safety,safety_critical_edge_case_coverage,0.0,False,fraction
german_credit,644,physical_safety,safety_critical_edge_case_coverage,0.0,False,fraction
german_credit,645,physical_safety,safety_critical_edge_case_coverage,0.0,False,fraction
german_credit,646,physical_safety,safety_critical_edge_case_coverage,0.0,False,fraction
german_credit,647,physical_safety,safety_critical_edge_case_coverage,0.0,False,fraction
german_credit,648,physical_safety,safety_critical_edge_case_coverage,0.0,False,fraction
german_credit,649,physical_safety,safety_critical_edge_case_coverage,0.0,False,fraction
german_credit,650,physical_safety,safety_critical_edge_case_coverage,0.0,False,fraction
german_credit,651,physical_safety,safety_critical_edge_case_coverage,0.0,False,fraction
german_credit,652,physical_safety,safety_critical_edge_case_coverage,0.0,False,fraction
german_credit,653,physical_safety,safety_critical_edge_case_coverage,0.0,False,fraction
german_credit,654,physical_safety,safety_critical_edge_case_coverage,0.0,False,fraction
german_credit,655,physical_safety,safety_critical_edge_case_coverage,0.0,False,fraction
german_credit,656,physical_safety,safety_critical_edge_case_coverage,0.0,False,fraction
german_credit,657,physical_safety,safety_critical_edge_case_coverage,0.25,True,fraction
german_credit,658,physical_safety,safety_critical_edge_case_coverage,0.0,False,fraction
german_credit,659,physical_safety,safety_critical_edge_case_coverage,0.0,False,fraction
german_credit,660,physical_safety,safety_critical_edge_case_coverage,0.0,False,fraction
german_credit,661,physical_safety,safety_critical_edge_case_coverage,0.0,False,fraction
german_credit,662,physical_safety,safety_critical_edge_case_coverage,0.0,False,fraction
german_credit,663,physical_safety,safety_critical_edge_case_coverage,0.0,False,fraction
german_credit,664,physical_safety,safety_critical_edge_case_coverage,0.0,False,fraction
german_credit,665,physical_safety,safety_critical_edge_case_coverage,0.0,False,fraction
german_credit,666,physical_safety,safety_critical_edge_case_coverage,0.0,False,fraction
german_credit,667,physical_safety,safety_critical_edge_case_coverage,0.0,False,fraction
german_credit,668,physical_safety,safety_critical_edge_case_coverage,0.0,False,fraction
german_credit,669,physical_safety,safety_critical_edge_case_coverage,0.0,False,fraction
german_credit,670,physical_safety,safety_critical_edge_case_coverage,0.0,False,fraction
german_credit,671,physical_safety,safety_critical_edge_case_coverage,0.0,False,fraction
german_credit,672,physical_safety,safety_critical_edge_case_coverage,0.25,True,fraction
german_credit,673,physical_safety,safety_critical_edge_case_coverage,0.0,False,fraction
german_credit,674,physical_safety,safety_critical_edge_case_coverage,0.0,False,fraction
german_credit,675,physical_safety,safety_critical_edge_case_coverage,0.0,False,fraction
german_credit,676,physical_safety,safety_critical_edge_case_coverage,0.0,False,fraction
german_credit,677,physical_safety,safety_critical_edge_case_coverage,0.0,False,fraction
german_credit,678,physical_safety,safety_critical_edge_case_coverage,0.0,False,fraction
german_credit,679,physical_safety,safety_critical_edge_case_coverage,0.0,False,fraction
german_credit,680,physical_safety,safety_critical_edge_case_coverage,0.0,False,fraction
german_credit,681,physical_safety,safety_critical_edge_case_coverage,0.0,False,fraction
german_credit,682,physical_safety,safety_critical_edge_case_coverage,0.0,False,fraction
german_credit,683,physical_safety,safety_critical_edge_case_coverage,0.0,False,fraction
german_credit,684,physical_safety,safety_critical_edge_case_coverage,0.0,False,fraction
german_credit,685,physical_safety,safety_critical_edge_case_coverage,0.0,False,fraction
german_credit,686,physical_safety,safety_critical_edge_case_coverage,0.0,False,fraction
german_credit,687,physical_safety,safety_critical_edge_case_coverage,0.0,False,fraction
german_credit,688,physical_safety,safety_critical_edge_case_coverage,0.0,False,fraction
german_credit,689,physical_safety,safety_critical_edge_case_coverage,0.0,False,fraction
german_credit,690,physical_safety,safety_critical_edge_case_coverage,0.0,False,fraction
german_credit,691,physical_safety,safety_critical_edge_case_coverage,0.0,False,fraction
german_credit,692,physical_safety,safety_critical_edge_case_coverage,0.0,False,fraction
german_credit,693,physical_safety,safety_critical_edge_case_coverage,0.0,False,fraction
german_credit,694,physical_safety,safety_critical_edge_case_coverage,0.0,False,fraction
german_credit,695,physical_safety,safety_critical_edge_case_coverage,0.0,False,fraction
german_credit,696,physical_safety,safety_critical_edge_case_coverage,0.0,False,fraction
german_credit,697,physical_safety,safety_critical_edge_case_coverage,0.0,False,fraction
german_credit,698,physical_safety,safety_critical_edge_case_coverage,0.0,False,fraction
german_credit,699,physical_safety,safety_critical_edge_case_coverage,0.0,False,fraction
german_credit,700,physical_safety,safety_critical_edge_case_coverage,0.0,False,fraction
german_credit,701,physical_safety,safety_critical_edge_case_coverage,0.0,False,fraction
german_credit,702,physical_safety,safety_critical_edge_case_coverage,0.0,False,fraction
german_credit,703,physical_safety,safety_critical_edge_case_coverage,0.0,False,fraction
german_credit,704,physical_safety,safety_critical_edge_case_coverage,0.0,False,fraction
german_credit,705,physical_safety,safety_critical_edge_case_coverage,0.0,False,fraction
german_credit,706,physical_safety,safety_critical_edge_case_coverage,0.0,False,fraction
german_credit,707,physical_safety,safety_critical_edge_case_coverage,0.0,False,fraction
german_credit,708,physical_safety,safety_critical_edge_case_coverage,0.0,False,fraction
german_credit,709,physical_safety,safety_critical_edge_case_coverage,0.0,False,fraction
german_credit,710,physical_safety,safety_critical_edge_case_coverage,0.0,False,fraction
german_credit,711,physical_safety,safety_critical_edge_case_coverage,0.0,False,fraction
german_credit,712,physical_safety,safety_critical_edge_case_coverage,0.0,False,fraction
german_credit,713,physical_safety,safety_critical_edge_case_coverage,0.0,False,fraction
german_credit,714,physical_safety,safety_critical_edge_case_coverage,0.25,True,fraction
german_credit,715,physical_safety,safety_critical_edge_case_coverage,0.0,False,fraction
german_credit,716,physical_safety,safety_critical_edge_case_coverage,0.0,False,fraction
german_credit,717,physical_safety,safety_critical_edge_case_coverage,0.0,False,fraction
german_credit,718,physical_safety,safety_critical_edge_case_coverage,0.0,False,fraction
german_credit,719,physical_safety,safety_critical_edge_case_coverage,0.0,False,fraction
german_credit,720,physical_safety,safety_critical_edge_case_coverage,0.0,False,fraction
german_credit,721,physical_safety,safety_critical_edge_case_coverage,0.0,False,fraction
german_credit,722,physical_safety,safety_critical_edge_case_coverage,0.0,False,fraction
german_credit,723,physical_safety,safety_critical_edge_case_coverage,0.0,False,fraction
german_credit,724,physical_safety,safety_critical_edge_case_coverage,0.0,False,fraction
german_credit,725,physical_safety,safety_critical_edge_case_coverage,0.0,False,fraction
german_credit,726,physical_safety,safety_critical_edge_case_coverage,0.0,False,fraction
german_credit,727,physical_safety,safety_critical_edge_case_coverage,0.0,False,fraction
german_credit,728,physical_safety,safety_critical_edge_case_coverage,0.0,False,fraction
german_credit,729,physical_safety,safety_critical_edge_case_coverage,0.0,False,fraction
german_credit,730,physical_safety,safety_critical_edge_case_coverage,0.0,False,fraction
german_credit,731,physical_safety,safety_critical_edge_case_coverage,0.0,False,fraction
german_credit,732,physical_safety,safety_critical_edge_case_coverage,0.0,False,fraction
german_credit,733,physical_safety,safety_critical_edge_case_coverage,0.0,False,fraction
german_credit,734,physical_safety,safety_critical_edge_case_coverage,0.0,False,fraction
german_credit,735,physical_safety,safety_critical_edge_case_coverage,0.0,False,fraction
german_credit,736,physical_safety,safety_critical_edge_case_coverage,0.0,False,fraction
german_credit,737,physical_safety,safety_critical_edge_case_coverage,0.0,False,fraction
german_credit,738,physical_safety,safety_critical_edge_case_coverage,0.0,False,fraction
german_credit,739,physical_safety,safety_critical_edge_case_coverage,0.0,False,fraction
german_credit,740,physical_safety,safety_critical_edge_case_coverage,0.0,False,fraction
german_credit,741,physical_safety,safety_critical_edge_case_coverage,0.0,False,fraction
german_credit,742,physical_safety,safety_critical_edge_case_coverage,0.0,False,fraction
german_credit,743,physical_safety,safety_critical_edge_case_coverage,0.0,False,fraction
german_credit,744,physical_safety,safety_critical_edge_case_coverage,0.25,True,fraction
german_credit,745,physical_safety,safety_critical_edge_case_coverage,0.0,False,fraction
german_credit,746,physical_safety,safety_critical_edge_case_coverage,0.0,False,fraction
german_credit,747,physical_safety,safety_critical_edge_case_coverage,0.0,False,fraction
german_credit,748,physical_safety,safety_critical_edge_case_coverage,0.0,False,fraction
german_credit,749,physical_safety,safety_critical_edge_case_coverage,0.0,False,fraction
german_credit,750,physical_safety,safety_critical_edge_case_coverage,0.0,False,fraction
german_credit,751,physical_safety,safety_critical_edge_case_coverage,0.0,False,fraction
german_credit,752,physical_safety,safety_critical_edge_case_coverage,0.0,False,fraction
german_credit,753,physical_safety,safety_critical_edge_case_coverage,0.0,False,fraction
german_credit,754,physical_safety,safety_critical_edge_case_coverage,0.0,False,fraction
german_credit,755,physical_safety,safety_critical_edge_case_coverage,0.0,False,fraction
german_credit,756,physical_safety,safety_critical_edge_case_coverage,0.0,False,fraction
german_credit,757,physical_safety,safety_critical_edge_case_coverage,0.0,False,fraction
german_credit,758,physical_safety,safety_critical_edge_case_coverage,0.0,False,fraction
german_credit,759,physical_safety,safety_critical_edge_case_coverage,0.0,False,fraction
german_credit,760,physical_safety,safety_critical_edge_case_coverage,0.0,False,fraction
german_credit,761,physical_safety,safety_critical_edge_case_coverage,0.0,False,fraction
german_credit,762,physical_safety,safety_critical_edge_case_coverage,0.0,False,fraction
german_credit,763,physical_safety,safety_critical_edge_case_coverage,0.0,False,fraction
german_credit,764,physical_safety,safety_critical_edge_case_coverage,0.0,False,fraction
german_credit,765,physical_safety,safety_critical_edge_case_coverage,0.0,False,fraction
german_credit,766,physical_safety,safety_critical_edge_case_coverage,0.0,False,fraction
german_credit,767,physical_safety,safety_critical_edge_case_coverage,0.0,False,fraction
german_credit,768,physical_safety,safety_critical_edge_case_coverage,0.0,False,fraction
german_credit,769,physical_safety,safety_critical_edge_case_coverage,0.0,False,fraction
german_credit,770,physical_safety,safety_critical_edge_case_coverage,0.0,False,fraction
german_credit,771,physical_safety,safety_critical_edge_case_coverage,0.0,False,fraction
german_credit,772,physical_safety,safety_critical_edge_case_coverage,0.0,False,fraction
german_credit,773,physical_safety,safety_critical_edge_case_coverage,0.0,False,fraction
german_credit,774,physical_safety,safety_critical_edge_case_coverage,0.0,False,fraction
german_credit,775,physical_safety,safety_critical_edge_case_coverage,0.0,False,fraction
german_credit,776,physical_safety,safety_critical_edge_case_coverage,0.0,False,fraction
german_credit,777,physical_safety,safety_critical_edge_case_coverage,0.0,False,fraction
german_credit,778,physical_safety,safety_critical_edge_case_coverage,0.0,False,fraction
german_credit,779,physical_safety,safety_critical_edge_case_coverage,0.0,False,fraction
german_credit,780,physical_safety,safety_critical_edge_case_coverage,0.0,False,fraction
german_credit,781,physical_safety,safety_critical_edge_case_coverage,0.0,False,fraction
german_credit,782,physical_safety,safety_critical_edge_case_coverage,0.0,False,fraction
german_credit,783,physical_safety,safety_critical_edge_case_coverage,0.0,False,fraction
german_credit,784,physical_safety,safety_critical_edge_case_coverage,0.0,False,fraction
german_credit,785,physical_safety,safety_critical_edge_case_coverage,0.0,False,fraction
german_credit,786,physical_safety,safety_critical_edge_case_coverage,0.0,False,fraction
german_credit,787,physical_safety,safety_critical_edge_case_coverage,0.0,False,fraction
german_credit,788,physical_safety,safety_critical_edge_case_coverage,0.0,False,fraction
german_credit,789,physical_safety,safety_critical_edge_case_coverage,0.0,False,fraction
german_credit,790,physical_safety,safety_critical_edge_case_coverage,0.0,False,fraction
german_credit,791,physical_safety,safety_critical_edge_case_coverage,0.0,False,fraction
german_credit,792,physical_safety,safety_critical_edge_case_coverage,0.0,False,fraction
german_credit,793,physical_safety,safety_critical_edge_case_coverage,0.0,False,fraction
german_credit,794,physical_safety,safety_critical_edge_case_coverage,0.0,False,fraction
german_credit,795,physical_safety,safety_critical_edge_case_coverage,0.0,False,fraction
german_credit,796,physical_safety,safety_critical_edge_case_coverage,0.0,False,fraction
german_credit,797,physical_safety,safety_critical_edge_case_coverage,0.0,False,fraction
german_credit,798,physical_safety,safety_critical_edge_case_coverage,0.0,False,fraction
german_credit,799,physical_safety,safety_critical_edge_case_coverage,0.0,False,fraction
german_credit,800,physical_safety,safety_critical_edge_case_coverage,0.0,False,fraction
german_credit,801,physical_safety,safety_critical_edge_case_coverage,0.0,False,fraction
german_credit,802,physical_safety,safety_critical_edge_case_coverage,0.0,False,fraction
german_credit,803,physical_safety,safety_critical_edge_case_coverage,0.0,False,fraction
german_credit,804,physical_safety,safety_critical_edge_case_coverage,0.0,False,fraction
german_credit,805,physical_safety,safety_critical_edge_case_coverage,0.0,False,fraction
german_credit,806,physical_safety,safety_critical_edge_case_coverage,0.0,False,fraction
german_credit,807,physical_safety,safety_critical_edge_case_coverage,0.0,False,fraction
german_credit,808,physical_safety,safety_critical_edge_case_coverage,0.0,False,fraction
german_credit,809,physical_safety,safety_critical_edge_case_coverage,0.0,False,fraction
german_credit,810,physical_safety,safety_critical_edge_case_coverage,0.0,False,fraction
german_credit,811,physical_safety,safety_critical_edge_case_coverage,0.0,False,fraction
german_credit,812,physical_safety,safety_critical_edge_case_coverage,0.0,False,fraction
german_credit,813,physical_safety,safety_critical_edge_case_coverage,0.0,False,fraction
german_credit,814,physical_safety,safety_critical_edge_case_coverage,0.0,False,fraction
german_credit,815,physical_safety,safety_critical_edge_case_coverage,0.0,False,fraction
german_credit,816,physical_safety,safety_critical_edge_case_coverage,0.0,False,fraction
german_credit,817,physical_safety,safety_critical_edge_case_coverage,0.0,False,fraction
german_credit,818,physical_safety,safety_critical_edge_case_coverage,0.25,True,fraction
german_credit,819,physical_safety,safety_critical_edge_case_coverage,0.0,False,fraction
german_credit,820,physical_safety,safety_critical_edge_case_coverage,0.0,False,fraction
german_credit,821,physical_safety,safety_critical_edge_case_coverage,0.0,False,fraction
german_credit,822,physical_safety,safety_critical_edge_case_coverage,0.0,False,fraction
german_credit,823,physical_safety,safety_critical_edge_case_coverage,0.0,False,fraction
german_credit,824,physical_safety,safety_critical_edge_case_coverage,0.0,False,fraction
german_credit,825,physical_safety,safety_critical_edge_case_coverage,0.0,False,fraction
german_credit,826,physical_safety,safety_critical_edge_case_coverage,0.0,False,fraction
german_credit,827,physical_safety,safety_critical_edge_case_coverage,0.0,False,fraction
german_credit,828,physical_safety,safety_critical_edge_case_coverage,0.0,False,fraction
german_credit,829,physical_safety,safety_critical_edge_case_coverage,0.0,False,fraction
german_credit,830,physical_safety,safety_critical_edge_case_coverage,0.0,False,fraction
german_credit,831,physical_safety,safety_critical_edge_case_coverage,0.0,False,fraction
german_credit,832,physical_safety,safety_critical_edge_case_coverage,0.25,True,fraction
german_credit,833,physical_safety,safety_critical_edge_case_coverage,0.0,False,fraction
german_credit,834,physical_safety,safety_critical_edge_case_coverage,0.0,False,fraction
german_credit,835,physical_safety,safety_critical_edge_case_coverage,0.0,False,fraction
german_credit,836,physical_safety,safety_critical_edge_case_coverage,0.0,False,fraction
german_credit,837,physical_safety,safety_critical_edge_case_coverage,0.0,False,fraction
german_credit,838,physical_safety,safety_critical_edge_case_coverage,0.0,False,fraction
german_credit,839,physical_safety,safety_critical_edge_case_coverage,0.0,False,fraction
german_credit,840,physical_safety,safety_critical_edge_case_coverage,0.0,False,fraction
german_credit,841,physical_safety,safety_critical_edge_case_coverage,0.0,False,fraction
german_credit,842,physical_safety,safety_critical_edge_case_coverage,0.0,False,fraction
german_credit,843,physical_safety,safety_critical_edge_case_coverage,0.0,False,fraction
german_credit,844,physical_safety,safety_critical_edge_case_coverage,0.0,False,fraction
german_credit,845,physical_safety,safety_critical_edge_case_coverage,0.0,False,fraction
german_credit,846,physical_safety,safety_critical_edge_case_coverage,0.0,False,fraction
german_credit,847,physical_safety,safety_critical_edge_case_coverage,0.0,False,fraction
german_credit,848,physical_safety,safety_critical_edge_case_coverage,0.0,False,fraction
german_credit,849,physical_safety,safety_critical_edge_case_coverage,0.0,False,fraction
german_credit,850,physical_safety,safety_critical_edge_case_coverage,0.0,False,fraction
german_credit,851,physical_safety,safety_critical_edge_case_coverage,0.0,False,fraction
german_credit,852,physical_safety,safety_critical_edge_case_coverage,0.0,False,fraction
german_credit,853,physical_safety,safety_critical_edge_case_coverage,0.0,False,fraction
german_credit,854,physical_safety,safety_critical_edge_case_coverage,0.25,True,fraction
german_credit,855,physical_safety,safety_critical_edge_case_coverage,0.0,False,fraction
german_credit,856,physical_safety,safety_critical_edge_case_coverage,0.0,False,fraction
german_credit,857,physical_safety,safety_critical_edge_case_coverage,0.0,False,fraction
german_credit,858,physical_safety,safety_critical_edge_case_coverage,0.0,False,fraction
german_credit,859,physical_safety,safety_critical_edge_case_coverage,0.0,False,fraction
german_credit,860,physical_safety,safety_critical_edge_case_coverage,0.0,False,fraction
german_credit,861,physical_safety,safety_critical_edge_case_coverage,0.0,False,fraction
german_credit,862,physical_safety,safety_critical_edge_case_coverage,0.0,False,fraction
german_credit,863,physical_safety,safety_critical_edge_case_coverage,0.0,False,fraction
german_credit,864,physical_safety,safety_critical_edge_case_coverage,0.0,False,fraction
german_credit,865,physical_safety,safety_critical_edge_case_coverage,0.0,False,fraction
german_credit,866,physical_safety,safety_critical_edge_case_coverage,0.0,False,fraction
german_credit,867,physical_safety,safety_critical_edge_case_coverage,0.0,False,fraction
german_credit,868,physical_safety,safety_critical_edge_case_coverage,0.0,False,fraction
german_credit,869,physical_safety,safety_critical_edge_case_coverage,0.0,False,fraction
german_credit,870,physical_safety,safety_critical_edge_case_coverage,0.0,False,fraction
german_credit,871,physical_safety,safety_critical_edge_case_coverage,0.0,False,fraction
german_credit,872,physical_safety,safety_critical_edge_case_coverage,0.0,False,fraction
german_credit,873,physical_safety,safety_critical_edge_case_coverage,0.0,False,fraction
german_credit,874,physical_safety,safety_critical_edge_case_coverage,0.0,False,fraction
german_credit,875,physical_safety,safety_critical_edge_case_coverage,0.0,False,fraction
german_credit,876,physical_safety,safety_critical_edge_case_coverage,0.0,False,fraction
german_credit,877,physical_safety,safety_critical_edge_case_coverage,0.0,False,fraction
german_credit,878,physical_safety,safety_critical_edge_case_coverage,0.0,False,fraction
german_credit,879,physical_safety,safety_critical_edge_case_coverage,0.0,False,fraction
german_credit,880,physical_safety,safety_critical_edge_case_coverage,0.0,False,fraction
german_credit,881,physical_safety,safety_critical_edge_case_coverage,0.0,False,fraction
german_credit,882,physical_safety,safety_critical_edge_case_coverage,0.0,False,fraction
german_credit,883,physical_safety,safety_critical_edge_case_coverage,0.0,False,fraction
german_credit,884,physical_safety,safety_critical_edge_case_coverage,0.0,False,fraction
german_credit,885,physical_safety,safety_critical_edge_case_coverage,0.0,False,fraction
german_credit,886,physical_safety,safety_critical_edge_case_coverage,0.0,False,fraction
german_credit,887,physical_safety,safety_critical_edge_case_coverage,0.25,True,fraction
german_credit,888,physical_safety,safety_critical_edge_case_coverage,0.0,False,fraction
german_credit,889,physical_safety,safety_critical_edge_case_coverage,0.0,False,fraction
german_credit,890,physical_safety,safety_critical_edge_case_coverage,0.0,False,fraction
german_credit,891,physical_safety,safety_critical_edge_case_coverage,0.0,False,fraction
german_credit,892,physical_safety,safety_critical_edge_case_coverage,0.0,False,fraction
german_credit,893,physical_safety,safety_critical_edge_case_coverage,0.0,False,fraction
german_credit,894,physical_safety,safety_critical_edge_case_coverage,0.0,False,fraction
german_credit,895,physical_safety,safety_critical_edge_case_coverage,0.0,False,fraction
german_credit,896,physical_safety,safety_critical_edge_case_coverage,0.0,False,fraction
german_credit,897,physical_safety,safety_critical_edge_case_coverage,0.0,False,fraction
german_credit,898,physical_safety,safety_critical_edge_case_coverage,0.0,False,fraction
german_credit,899,physical_safety,safety_critical_edge_case_coverage,0.0,False,fraction
german_credit,900,physical_safety,safety_critical_edge_case_coverage,0.0,False,fraction
german_credit,901,physical_safety,safety_critical_edge_case_coverage,0.0,False,fraction
german_credit,902,physical_safety,safety_critical_edge_case_coverage,0.25,True,fraction
german_credit,903,physical_safety,safety_critical_edge_case_coverage,0.0,False,fraction
german_credit,904,physical_safety,safety_critical_edge_case_coverage,0.0,False,fraction
german_credit,905,physical_safety,safety_critical_edge_case_coverage,0.0,False,fraction
german_credit,906,physical_safety,safety_critical_edge_case_coverage,0.0,False,fraction
german_credit,907,physical_safety,safety_critical_edge_case_coverage,0.0,False,fraction
german_credit,908,physical_safety,safety_critical_edge_case_coverage,0.0,False,fraction
german_credit,909,physical_safety,safety_critical_edge_case_coverage,0.0,False,fraction
german_credit,910,physical_safety,safety_critical_edge_case_coverage,0.0,False,fraction
german_credit,911,physical_safety,safety_critical_edge_case_coverage,0.0,False,fraction
german_credit,912,physical_safety,safety_critical_edge_case_coverage,0.0,False,fraction
german_credit,913,physical_safety,safety_critical_edge_case_coverage,0.0,False,fraction
german_credit,914,physical_safety,safety_critical_edge_case_coverage,0.0,False,fraction
german_credit,915,physical_safety,safety_critical_edge_case_coverage,0.25,True,fraction
german_credit,916,physical_safety,safety_critical_edge_case_coverage,0.0,False,fraction
german_credit,917,physical_safety,safety_critical_edge_case_coverage,0.0,False,fraction
german_credit,918,physical_safety,safety_critical_edge_case_coverage,0.0,False,fraction
german_credit,919,physical_safety,safety_critical_edge_case_coverage,0.0,False,fraction
german_credit,920,physical_safety,safety_critical_edge_case_coverage,0.0,False,fraction
german_credit,921,physical_safety,safety_critical_edge_case_coverage,0.25,True,fraction
german_credit,922,physical_safety,safety_critical_edge_case_coverage,0.0,False,fraction
german_credit,923,physical_safety,safety_critical_edge_case_coverage,0.0,False,fraction
german_credit,924,physical_safety,safety_critical_edge_case_coverage,0.0,False,fraction
german_credit,925,physical_safety,safety_critical_edge_case_coverage,0.0,False,fraction
german_credit,926,physical_safety,safety_critical_edge_case_coverage,0.0,False,fraction
german_credit,927,physical_safety,safety_critical_edge_case_coverage,0.25,True,fraction
german_credit,928,physical_safety,safety_critical_edge_case_coverage,0.0,False,fraction
german_credit,929,physical_safety,safety_critical_edge_case_coverage,0.0,False,fraction
german_credit,930,physical_safety,safety_critical_edge_case_coverage,0.0,False,fraction
german_credit,931,physical_safety,safety_critical_edge_case_coverage,0.0,False,fraction
german_credit,932,physical_safety,safety_critical_edge_case_coverage,0.0,False,fraction
german_credit,933,physical_safety,safety_critical_edge_case_coverage,0.0,False,fraction
german_credit,934,physical_safety,safety_critical_edge_case_coverage,0.0,False,fraction
german_credit,935,physical_safety,safety_critical_edge_case_coverage,0.0,False,fraction
german_credit,936,physical_safety,safety_critical_edge_case_coverage,0.0,False,fraction
german_credit,937,physical_safety,safety_critical_edge_case_coverage,0.0,False,fraction
german_credit,938,physical_safety,safety_critical_edge_case_coverage,0.0,False,fraction
german_credit,939,physical_safety,safety_critical_edge_case_coverage,0.0,False,fraction
german_credit,940,physical_safety,safety_critical_edge_case_coverage,0.0,False,fraction
german_credit,941,physical_safety,safety_critical_edge_case_coverage,0.0,False,fraction
german_credit,942,physical_safety,safety_critical_edge_case_coverage,0.0,False,fraction
german_credit,943,physical_safety,safety_critical_edge_case_coverage,0.0,False,fraction
german_credit,944,physical_safety,safety_critical_edge_case_coverage,0.0,False,fraction
german_credit,945,physical_safety,safety_critical_edge_case_coverage,0.0,False,fraction
german_credit,946,physical_safety,safety_critical_edge_case_coverage,0.0,False,fraction
german_credit,947,physical_safety,safety_critical_edge_case_coverage,0.0,False,fraction
german_credit,948,physical_safety,safety_critical_edge_case_coverage,0.0,False,fraction
german_credit,949,physical_safety,safety_critical_edge_case_coverage,0.0,False,fraction
german_credit,950,physical_safety,safety_critical_edge_case_coverage,0.0,False,fraction
german_credit,951,physical_safety,safety_critical_edge_case_coverage,0.0,False,fraction
german_credit,952,physical_safety,safety_critical_edge_case_coverage,0.0,False,fraction
german_credit,953,physical_safety,safety_critical_edge_case_coverage,0.25,True,fraction
german_credit,954,physical_safety,safety_critical_edge_case_coverage,0.0,False,fraction
german_credit,955,physical_safety,safety_critical_edge_case_coverage,0.0,False,fraction
german_credit,956,physical_safety,safety_critical_edge_case_coverage,0.0,False,fraction
german_credit,957,physical_safety,safety_critical_edge_case_coverage,0.0,False,fraction
german_credit,958,physical_safety,safety_critical_edge_case_coverage,0.0,False,fraction
german_credit,959,physical_safety,safety_critical_edge_case_coverage,0.0,False,fraction
german_credit,960,physical_safety,safety_critical_edge_case_coverage,0.0,False,fraction
german_credit,961,physical_safety,safety_critical_edge_case_coverage,0.0,False,fraction
german_credit,962,physical_safety,safety_critical_edge_case_coverage,0.0,False,fraction
german_credit,963,physical_safety,safety_critical_edge_case_coverage,0.0,False,fraction
german_credit,964,physical_safety,safety_critical_edge_case_coverage,0.0,False,fraction
german_credit,965,physical_safety,safety_critical_edge_case_coverage,0.0,False,fraction
german_credit,966,physical_safety,safety_critical_edge_case_coverage,0.0,False,fraction
german_credit,967,physical_safety,safety_critical_edge_case_coverage,0.0,False,fraction
german_credit,968,physical_safety,safety_critical_edge_case_coverage,0.0,False,fraction
german_credit,969,physical_safety,safety_critical_edge_case_coverage,0.0,False,fraction
german_credit,970,physical_safety,safety_critical_edge_case_coverage,0.0,False,fraction
german_credit,971,physical_safety,safety_critical_edge_case_coverage,0.0,False,fraction
german_credit,972,physical_safety,safety_critical_edge_case_coverage,0.0,False,fraction
german_credit,973,physical_safety,safety_critical_edge_case_coverage,0.0,False,fraction
german_credit,974,physical_safety,safety_critical_edge_case_coverage,0.0,False,fraction
german_credit,975,physical_safety,safety_critical_edge_case_coverage,0.0,False,fraction
german_credit,976,physical_safety,safety_critical_edge_case_coverage,0.0,False,fraction
german_credit,977,physical_safety,safety_critical_edge_case_coverage,0.0,False,fraction
german_credit,978,physical_safety,safety_critical_edge_case_coverage,0.0,False,fraction
german_credit,979,physical_safety,safety_critical_edge_case_coverage,0.0,False,fraction
german_credit,980,physical_safety,safety_critical_edge_case_coverage,0.0,False,fraction
german_credit,981,physical_safety,safety_critical_edge_case_coverage,0.0,False,fraction
german_credit,982,physical_safety,safety_critical_edge_case_coverage,0.0,False,fraction
german_credit,983,physical_safety,safety_critical_edge_case_coverage,0.0,False,fraction
german_credit,984,physical_safety,safety_critical_edge_case_coverage,0.0,False,fraction
german_credit,985,physical_safety,safety_critical_edge_case_coverage,0.0,False,fraction
german_credit,986,physical_safety,safety_critical_edge_case_coverage,0.0,False,fraction
german_credit,987,physical_safety,safety_critical_edge_case_coverage,0.0,False,fraction
german_credit,988,physical_safety,safety_critical_edge_case_coverage,0.0,False,fraction
german_credit,989,physical_safety,safety_critical_edge_case_coverage,0.0,False,fraction
german_credit,990,physical_safety,safety_critical_edge_case_coverage,0.0,False,fraction
german_credit,991,physical_safety,safety_critical_edge_case_coverage,0.0,False,fraction
german_credit,992,physical_safety,safety_critical_edge_case_coverage,0.0,False,fraction
german_credit,993,physical_safety,safety_critical_edge_case_coverage,0.0,False,fraction
german_credit,994,physical_safety,safety_critical_edge_case_coverage,0.0,False,fraction
german_credit,995,physical_safety,safety_critical_edge_case_coverage,0.0,False,fraction
german_credit,996,physical_safety,safety_critical_edge_case_coverage,0.0,False,fraction
german_credit,997,physical_safety,safety_critical_edge_case_coverage,0.0,False,fraction
german_credit,998,physical_safety,safety_critical_edge_case_coverage,0.0,False,fraction
german_credit,999,physical_safety,safety_critical_edge_case_coverage,0.0,False,fraction
