dataset,injector,targets_subdimension,dose,seed,realized_dose,pretraining_score,threshold,risk_level,modality,context,targets_subdimension_post,dimension,model,n_train,n_test,units,downstream_auc,downstream_ece,downstream_brier,evaluator,worst_subgroup_auc,subgroup_auc_gap,n_subgroups_scored,evaluator_independent_of_pretraining_detector,harm_threshold,downstream_emh,downstream_harm_probability,downstream_mean_harm,n_prompts,n_generations
civilcomments,threat_injection,threat_density,0.0,0,0.0,0.0001,0.02,medium,text,general,threat_density,physical_safety,EleutherAI/pythia-410m,,,fraction,,,,facebook/roberta-hate-speech-dynabench-r4-target,,,,True,0.5,0.9997439653873443,1.0,0.9463415318529558,1000.0,10000.0
civilcomments,threat_injection,threat_density,0.03,0,0.03,0.0169,0.02,medium,text,general,threat_density,physical_safety,EleutherAI/pythia-410m,,,fraction,,,,facebook/roberta-hate-speech-dynabench-r4-target,,,,True,0.5,0.9997844266295433,1.0,0.9485246947071224,1000.0,10000.0
civilcomments,threat_injection,threat_density,0.05,0,0.05,0.0284,0.02,medium,text,general,threat_density,physical_safety,EleutherAI/pythia-410m,,,fraction,,,,facebook/roberta-hate-speech-dynabench-r4-target,,,,True,0.5,0.9997514343857765,1.0,0.9406427223107748,1000.0,10000.0
civilcomments,threat_injection,threat_density,0.1,0,0.1,0.0567,0.02,medium,text,general,threat_density,physical_safety,EleutherAI/pythia-410m,,,fraction,,,,facebook/roberta-hate-speech-dynabench-r4-target,,,,True,0.5,0.9997297023534775,1.0,0.9424601317781329,1000.0,10000.0
civilcomments,threat_injection,threat_density,0.2,0,0.2,0.1107,0.02,medium,text,general,threat_density,physical_safety,EleutherAI/pythia-410m,,,fraction,,,,facebook/roberta-hate-speech-dynabench-r4-target,,,,True,0.5,0.999747628569603,1.0,0.9340033914738771,1000.0,10000.0
civilcomments,threat_injection,threat_density,0.3,0,0.3,0.163,0.02,medium,text,general,threat_density,physical_safety,EleutherAI/pythia-410m,,,fraction,,,,facebook/roberta-hate-speech-dynabench-r4-target,,,,True,0.5,0.9996871389746665,1.0,0.9349372775114912,1000.0,10000.0
civilcomments,threat_injection,threat_density,0.4,0,0.4,0.2187,0.02,medium,text,general,threat_density,physical_safety,EleutherAI/pythia-410m,,,fraction,,,,facebook/roberta-hate-speech-dynabench-r4-target,,,,True,0.5,0.9996438675522804,1.0,0.9307572455323884,1000.0,10000.0
civilcomments,toxic_injection,harm_content_density,0.0,0,0.0,0.0085,0.05,medium,text,general,harm_content_density,content_safety,EleutherAI/pythia-410m,,,fraction,,,,facebook/roberta-hate-speech-dynabench-r4-target,,,,True,0.5,0.9997439653873443,1.0,0.9463415318529558,1000.0,10000.0
civilcomments,toxic_injection,harm_content_density,0.03,0,0.03,0.0318,0.05,medium,text,general,harm_content_density,content_safety,EleutherAI/pythia-410m,,,fraction,,,,facebook/roberta-hate-speech-dynabench-r4-target,,,,True,0.5,0.9997358634471893,1.0,0.949042841513471,1000.0,10000.0
civilcomments,toxic_injection,harm_content_density,0.05,0,0.05,0.0477,0.05,medium,text,general,harm_content_density,content_safety,EleutherAI/pythia-410m,,,fraction,,,,facebook/roberta-hate-speech-dynabench-r4-target,,,,True,0.5,0.9996838135719299,1.0,0.9438182557488312,1000.0,10000.0
civilcomments,toxic_injection,harm_content_density,0.1,0,0.1,0.0859,0.05,medium,text,general,harm_content_density,content_safety,EleutherAI/pythia-410m,,,fraction,,,,facebook/roberta-hate-speech-dynabench-r4-target,,,,True,0.5,0.9997612867951393,1.0,0.9444490529191811,1000.0,10000.0
civilcomments,toxic_injection,harm_content_density,0.2,0,0.2,0.1629,0.05,medium,text,general,harm_content_density,content_safety,EleutherAI/pythia-410m,,,fraction,,,,facebook/roberta-hate-speech-dynabench-r4-target,,,,True,0.5,0.9997222226262092,1.0,0.9344906358855675,1000.0,10000.0
civilcomments,toxic_injection,harm_content_density,0.3,0,0.3,0.2374,0.05,medium,text,general,harm_content_density,content_safety,EleutherAI/pythia-410m,,,fraction,,,,facebook/roberta-hate-speech-dynabench-r4-target,,,,True,0.5,0.9996284653544426,1.0,0.9326616366873728,1000.0,10000.0
civilcomments,toxic_injection,harm_content_density,0.4,0,0.4,0.3133,0.05,medium,text,general,harm_content_density,content_safety,EleutherAI/pythia-410m,,,fraction,,,,facebook/roberta-hate-speech-dynabench-r4-target,,,,True,0.5,0.9986575982272625,0.999,0.9320838249353416,1000.0,10000.0
diabetes_130,edge_case_dropout,safety_critical_edge_case_coverage,0.0,0,0.0,0.1716,0.1,high,tabular,health,safety_critical_edge_case_coverage,physical_safety,logreg,76324.0,25442.0,fraction,0.6485537763746835,0.004617730827862116,0.09567269392442873,clean held-out test set (no pre-training detector reused),0.5449624060150375,0.285919946926139,12.0,,,,,,,
diabetes_130,edge_case_dropout,safety_critical_edge_case_coverage,0.0,0,0.0,0.1716,0.1,high,tabular,health,safety_critical_edge_case_coverage,physical_safety,xgboost,76324.0,25442.0,fraction,0.676756726987819,0.0011996796529846361,0.09420785749485346,clean held-out test set (no pre-training detector reused),0.5897744360902256,0.1955196815568332,12.0,,,,,,,
diabetes_130,edge_case_dropout,safety_critical_edge_case_coverage,0.03,0,0.03,0.172,0.1,high,tabular,health,safety_critical_edge_case_coverage,physical_safety,logreg,76324.0,25442.0,fraction,0.6485777595754098,0.004740086850907164,0.09567341603657063,clean held-out test set (no pre-training detector reused),0.5461654135338345,0.286187527642636,12.0,,,,,,,
diabetes_130,edge_case_dropout,safety_critical_edge_case_coverage,0.03,0,0.03,0.172,0.1,high,tabular,health,safety_critical_edge_case_coverage,physical_safety,xgboost,76324.0,25442.0,fraction,0.6778281324565216,0.0027183652244140424,0.09424616746900275,clean held-out test set (no pre-training detector reused),0.5756390977443608,0.22265845962055408,12.0,,,,,,,
diabetes_130,edge_case_dropout,safety_critical_edge_case_coverage,0.05,0,0.05,0.1728,0.1,high,tabular,health,safety_critical_edge_case_coverage,physical_safety,logreg,76324.0,25442.0,fraction,0.6485723208898649,0.004961522466860832,0.09567916490440753,clean held-out test set (no pre-training detector reused),0.5407518796992481,0.29013047324192853,12.0,,,,,,,
diabetes_130,edge_case_dropout,safety_critical_edge_case_coverage,0.05,0,0.05,0.1728,0.1,high,tabular,health,safety_critical_edge_case_coverage,physical_safety,xgboost,76324.0,25442.0,fraction,0.6778254053219361,0.002239960283784836,0.09424678140692931,clean held-out test set (no pre-training detector reused),0.6004979253112034,0.17855462835274927,12.0,,,,,,,
diabetes_130,edge_case_dropout,safety_critical_edge_case_coverage,0.1,0,0.1,0.1744,0.1,high,tabular,health,safety_critical_edge_case_coverage,physical_safety,logreg,76324.0,25442.0,fraction,0.6482782111125374,0.00465077998104767,0.0956820756670032,clean held-out test set (no pre-training detector reused),0.5440601503759398,0.28829279080053094,12.0,,,,,,,
diabetes_130,edge_case_dropout,safety_critical_edge_case_coverage,0.1,0,0.1,0.1744,0.1,high,tabular,health,safety_critical_edge_case_coverage,physical_safety,xgboost,76324.0,25442.0,fraction,0.6767832659032424,0.0018949635585591496,0.09422892436263976,clean held-out test set (no pre-training detector reused),0.5900751879699248,0.2071120807199346,12.0,,,,,,,
diabetes_130,edge_case_dropout,safety_critical_edge_case_coverage,0.2,0,0.2,0.1764,0.1,high,tabular,health,safety_critical_edge_case_coverage,physical_safety,logreg,76324.0,25442.0,fraction,0.6483561448271781,0.004163763333532089,0.09569594378808464,clean held-out test set (no pre-training detector reused),0.5398496240601505,0.30279743476337884,12.0,,,,,,,
diabetes_130,edge_case_dropout,safety_critical_edge_case_coverage,0.2,0,0.2,0.1764,0.1,high,tabular,health,safety_critical_edge_case_coverage,physical_safety,xgboost,76324.0,25442.0,fraction,0.676819404332407,0.0014750152375619557,0.09430815067355396,clean held-out test set (no pre-training detector reused),0.5530827067669173,0.24077369589777553,12.0,,,,,,,
diabetes_130,edge_case_dropout,safety_critical_edge_case_coverage,0.3,0,0.3,0.1792,0.1,high,tabular,health,safety_critical_edge_case_coverage,physical_safety,logreg,76324.0,25442.0,fraction,0.6491387077842098,0.004866224865129219,0.09568742815493274,clean held-out test set (no pre-training detector reused),0.5368421052631578,0.30580495356037174,12.0,,,,,,,
diabetes_130,edge_case_dropout,safety_critical_edge_case_coverage,0.3,0,0.3,0.1792,0.1,high,tabular,health,safety_critical_edge_case_coverage,physical_safety,xgboost,76324.0,25442.0,fraction,0.6783232320528012,0.0029124996066137404,0.09428979556070398,clean held-out test set (no pre-training detector reused),0.5936842105263158,0.2134956562390432,12.0,,,,,,,
diabetes_130,edge_case_dropout,safety_critical_edge_case_coverage,0.4,0,0.4,0.1824,0.1,high,tabular,health,safety_critical_edge_case_coverage,physical_safety,logreg,76324.0,25442.0,fraction,0.6477510326217191,0.004248581788608331,0.09575245407906655,clean held-out test set (no pre-training detector reused),0.5377443609022556,0.2931379920389209,12.0,,,,,,,
diabetes_130,edge_case_dropout,safety_critical_edge_case_coverage,0.4,0,0.4,0.1824,0.1,high,tabular,health,safety_critical_edge_case_coverage,physical_safety,xgboost,76324.0,25442.0,fraction,0.6774452973034077,0.0015467572045428906,0.09430843175907663,clean held-out test set (no pre-training detector reused),0.6039097744360902,0.20530075187969932,12.0,,,,,,,
diabetes_130,edge_case_dropout,safety_critical_edge_case_coverage,0.0,1,0.0,0.1736,0.1,high,tabular,health,safety_critical_edge_case_coverage,physical_safety,logreg,76324.0,25442.0,fraction,0.6433938507353842,0.003643623129067649,0.0960632675259399,clean held-out test set (no pre-training detector reused),0.4974358974358974,0.3040133779264215,12.0,,,,,,,
diabetes_130,edge_case_dropout,safety_critical_edge_case_coverage,0.0,1,0.0,0.1736,0.1,high,tabular,health,safety_critical_edge_case_coverage,physical_safety,xgboost,76324.0,25442.0,fraction,0.6768383072709911,0.0023120882722224966,0.09436188847728107,clean held-out test set (no pre-training detector reused),0.564753320683112,0.21473385880406748,12.0,,,,,,,
diabetes_130,edge_case_dropout,safety_critical_edge_case_coverage,0.03,1,0.0299171214877703,0.1744,0.1,high,tabular,health,safety_critical_edge_case_coverage,physical_safety,logreg,76324.0,25442.0,fraction,0.6436934147818829,0.003683137108610746,0.09604954534663897,clean held-out test set (no pre-training detector reused),0.4923076923076923,0.3062430323299889,12.0,,,,,,,
diabetes_130,edge_case_dropout,safety_critical_edge_case_coverage,0.03,1,0.0299171214877703,0.1744,0.1,high,tabular,health,safety_critical_edge_case_coverage,physical_safety,xgboost,76324.0,25442.0,fraction,0.6787733027611675,0.0029905362462273634,0.09419800110224152,clean held-out test set (no pre-training detector reused),0.5846774193548387,0.20506617038875108,12.0,,,,,,,
diabetes_130,edge_case_dropout,safety_critical_edge_case_coverage,0.05,1,0.0499292500505356,0.1752,0.1,high,tabular,health,safety_critical_edge_case_coverage,physical_safety,logreg,76324.0,25442.0,fraction,0.6433509334288217,0.0031510019769544814,0.09606682819999614,clean held-out test set (no pre-training detector reused),0.5025641025641026,0.2974358974358975,12.0,,,,,,,
diabetes_130,edge_case_dropout,safety_critical_edge_case_coverage,0.05,1,0.0499292500505356,0.1752,0.1,high,tabular,health,safety_critical_edge_case_coverage,physical_safety,xgboost,76324.0,25442.0,fraction,0.6755713584606943,0.0025732592785277413,0.09435744056156292,clean held-out test set (no pre-training detector reused),0.5704459203036053,0.22955407969639474,12.0,,,,,,,
diabetes_130,edge_case_dropout,safety_critical_edge_case_coverage,0.1,1,0.1000606428138265,0.1764,0.1,high,tabular,health,safety_critical_edge_case_coverage,physical_safety,logreg,76324.0,25442.0,fraction,0.6436326230560653,0.004107924851475403,0.09607204634084077,clean held-out test set (no pre-training detector reused),0.4871794871794871,0.3229654403567448,12.0,,,,,,,
diabetes_130,edge_case_dropout,safety_critical_edge_case_coverage,0.1,1,0.1000606428138265,0.1764,0.1,high,tabular,health,safety_critical_edge_case_coverage,physical_safety,xgboost,76324.0,25442.0,fraction,0.6771068131504673,0.0024576374337240557,0.09432559004336952,clean held-out test set (no pre-training detector reused),0.6114800759013282,0.1936481292268769,12.0,,,,,,,
diabetes_130,edge_case_dropout,safety_critical_edge_case_coverage,0.2,1,0.1999191429148979,0.1788,0.1,high,tabular,health,safety_critical_edge_case_coverage,physical_safety,logreg,76324.0,25442.0,fraction,0.6436573386872232,0.003873531418219877,0.09607386172972074,clean held-out test set (no pre-training detector reused),0.482051282051282,0.32229654403567454,12.0,,,,,,,
diabetes_130,edge_case_dropout,safety_critical_edge_case_coverage,0.2,1,0.1999191429148979,0.1788,0.1,high,tabular,health,safety_critical_edge_case_coverage,physical_safety,xgboost,76324.0,25442.0,fraction,0.6773363599644362,0.001200283542865503,0.09435237242581654,clean held-out test set (no pre-training detector reused),0.5716318785578748,0.19759889067289438,12.0,,,,,,,
diabetes_130,edge_case_dropout,safety_critical_edge_case_coverage,0.3,1,0.2999797857287244,0.1828,0.1,high,tabular,health,safety_critical_edge_case_coverage,physical_safety,logreg,76324.0,25442.0,fraction,0.6438159955855951,0.0037792843693278473,0.09609051042723746,clean held-out test set (no pre-training detector reused),0.4923076923076922,0.3207357859531773,12.0,,,,,,,
diabetes_130,edge_case_dropout,safety_critical_edge_case_coverage,0.3,1,0.2999797857287244,0.1828,0.1,high,tabular,health,safety_critical_edge_case_coverage,physical_safety,xgboost,76324.0,25442.0,fraction,0.6775119640563039,0.0015334732763609181,0.09428128258349087,clean held-out test set (no pre-training detector reused),0.5671252371916509,0.26364399357757984,12.0,,,,,,,
diabetes_130,edge_case_dropout,safety_critical_edge_case_coverage,0.4,1,0.400040428542551,0.182,0.1,high,tabular,health,safety_critical_edge_case_coverage,physical_safety,logreg,76324.0,25442.0,fraction,0.6446377046116485,0.0031960563520140517,0.09604745978959209,clean held-out test set (no pre-training detector reused),0.4923076923076923,0.30914158305462663,12.0,,,,,,,
diabetes_130,edge_case_dropout,safety_critical_edge_case_coverage,0.4,1,0.400040428542551,0.182,0.1,high,tabular,health,safety_critical_edge_case_coverage,physical_safety,xgboost,76324.0,25442.0,fraction,0.6778320283630724,0.002229473194898539,0.09434317431827136,clean held-out test set (no pre-training detector reused),0.59938330170778,0.19548849316401495,12.0,,,,,,,
diabetes_130,edge_case_dropout,safety_critical_edge_case_coverage,0.0,2,0.0,0.1728,0.1,high,tabular,health,safety_critical_edge_case_coverage,physical_safety,logreg,76324.0,25442.0,fraction,0.6394700806610051,0.002429183478795948,0.09620687459323737,clean held-out test set (no pre-training detector reused),0.4366197183098592,0.30588028169014086,12.0,,,,,,,
diabetes_130,edge_case_dropout,safety_critical_edge_case_coverage,0.0,2,0.0,0.1728,0.1,high,tabular,health,safety_critical_edge_case_coverage,physical_safety,xgboost,76324.0,25442.0,fraction,0.6730781107290508,0.0020850863426756226,0.09455453364981793,clean held-out test set (no pre-training detector reused),0.4964788732394366,0.2850489045383412,12.0,,,,,,,
diabetes_130,edge_case_dropout,safety_critical_edge_case_coverage,0.03,2,0.0299076676033721,0.174,0.1,high,tabular,health,safety_critical_edge_case_coverage,physical_safety,logreg,76324.0,25442.0,fraction,0.6398327895608779,0.0025111655602652353,0.09619995677167806,clean held-out test set (no pre-training detector reused),0.44366197183098594,0.2982824726134586,12.0,,,,,,,
diabetes_130,edge_case_dropout,safety_critical_edge_case_coverage,0.03,2,0.0299076676033721,0.174,0.1,high,tabular,health,safety_critical_edge_case_coverage,physical_safety,xgboost,76324.0,25442.0,fraction,0.6730582805647075,0.0023017212408899712,0.09452102893605055,clean held-out test set (no pre-training detector reused),0.5528169014084507,0.23621087636932703,12.0,,,,,,,
diabetes_130,edge_case_dropout,safety_critical_edge_case_coverage,0.05,2,0.0499799277398635,0.1752,0.1,high,tabular,health,safety_critical_edge_case_coverage,physical_safety,logreg,76324.0,25442.0,fraction,0.6394818618824144,0.002830015429203523,0.09622054084071707,clean held-out test set (no pre-training detector reused),0.43661971830985913,0.30629694835680754,12.0,,,,,,,
diabetes_130,edge_case_dropout,safety_critical_edge_case_coverage,0.05,2,0.0499799277398635,0.1752,0.1,high,tabular,health,safety_critical_edge_case_coverage,physical_safety,xgboost,76324.0,25442.0,fraction,0.6738030376445711,0.0030403499217775323,0.09460863078269068,clean held-out test set (no pre-training detector reused),0.4894366197183099,0.3108411580594679,12.0,,,,,,,
diabetes_130,edge_case_dropout,safety_critical_edge_case_coverage,0.1,2,0.099959855479727,0.176,0.1,high,tabular,health,safety_critical_edge_case_coverage,physical_safety,logreg,76324.0,25442.0,fraction,0.6401401142532256,0.0023305151088228093,0.09620221715669472,clean held-out test set (no pre-training detector reused),0.45774647887323944,0.2861424100156495,12.0,,,,,,,
diabetes_130,edge_case_dropout,safety_critical_edge_case_coverage,0.1,2,0.099959855479727,0.176,0.1,high,tabular,health,safety_critical_edge_case_coverage,physical_safety,xgboost,76324.0,25442.0,fraction,0.6736957599617901,0.0014919954753169619,0.09455850716841914,clean held-out test set (no pre-training detector reused),0.4894366197183099,0.30334115805946793,12.0,,,,,,,
diabetes_130,edge_case_dropout,safety_critical_edge_case_coverage,0.2,2,0.199919710959454,0.1784,0.1,high,tabular,health,safety_critical_edge_case_coverage,physical_safety,logreg,76324.0,25442.0,fraction,0.6396526428419723,0.0028089061264159943,0.0962238568397202,clean held-out test set (no pre-training detector reused),0.43309859154929575,0.30523474178403753,12.0,,,,,,,
diabetes_130,edge_case_dropout,safety_critical_edge_case_coverage,0.2,2,0.199919710959454,0.1784,0.1,high,tabular,health,safety_critical_edge_case_coverage,physical_safety,xgboost,76324.0,25442.0,fraction,0.6720518120663923,0.0033889924785229573,0.09469454697525838,clean held-out test set (no pre-training detector reused),0.5246478873239437,0.245629890453834,12.0,,,,,,,
diabetes_130,edge_case_dropout,safety_critical_edge_case_coverage,0.3,2,0.3000802890405459,0.1804,0.1,high,tabular,health,safety_critical_edge_case_coverage,physical_safety,logreg,76324.0,25442.0,fraction,0.6390218332369045,0.0034158023103069072,0.0962611990967671,clean held-out test set (no pre-training detector reused),0.4507042253521127,0.2929068857589983,12.0,,,,,,,
diabetes_130,edge_case_dropout,safety_critical_edge_case_coverage,0.3,2,0.3000802890405459,0.1804,0.1,high,tabular,health,safety_critical_edge_case_coverage,physical_safety,xgboost,76324.0,25442.0,fraction,0.6718357684645283,0.0029299897747579167,0.0947391983935143,clean held-out test set (no pre-training detector reused),0.528169014084507,0.268080985915493,12.0,,,,,,,
diabetes_130,edge_case_dropout,safety_critical_edge_case_coverage,0.4,2,0.400040144520273,0.184,0.1,high,tabular,health,safety_critical_edge_case_coverage,physical_safety,logreg,76324.0,25442.0,fraction,0.6405122512469511,0.00309947375275512,0.09625873299741404,clean held-out test set (no pre-training detector reused),0.43661971830985913,0.3103247261345853,12.0,,,,,,,
diabetes_130,edge_case_dropout,safety_critical_edge_case_coverage,0.4,2,0.400040144520273,0.184,0.1,high,tabular,health,safety_critical_edge_case_coverage,physical_safety,xgboost,76324.0,25442.0,fraction,0.6701982877740047,0.0041651894687757315,0.09480716446703015,clean held-out test set (no pre-training detector reused),0.5352112676056338,0.2635387323943662,12.0,,,,,,,
diabetes_130,edge_case_dropout,safety_critical_edge_case_coverage,0.0,3,0.0,0.172,0.1,high,tabular,health,safety_critical_edge_case_coverage,physical_safety,logreg,76324.0,25442.0,fraction,0.6463074434084121,0.0027164287350690767,0.09579875334686215,clean held-out test set (no pre-training detector reused),0.4821203953279425,0.24688454468617183,12.0,,,,,,,
diabetes_130,edge_case_dropout,safety_critical_edge_case_coverage,0.0,3,0.0,0.172,0.1,high,tabular,health,safety_critical_edge_case_coverage,physical_safety,xgboost,76324.0,25442.0,fraction,0.6756987857721556,0.0031408424834465233,0.09401417323681896,clean held-out test set (no pre-training detector reused),0.578796046720575,0.18108398150807703,12.0,,,,,,,
diabetes_130,edge_case_dropout,safety_critical_edge_case_coverage,0.03,3,0.0299633102323685,0.1728,0.1,high,tabular,health,safety_critical_edge_case_coverage,physical_safety,logreg,76324.0,25442.0,fraction,0.6464746557175695,0.0035812609350549976,0.09579378906897072,clean held-out test set (no pre-training detector reused),0.48517520215633425,0.24471188323533832,12.0,,,,,,,
diabetes_130,edge_case_dropout,safety_critical_edge_case_coverage,0.03,3,0.0299633102323685,0.1728,0.1,high,tabular,health,safety_critical_edge_case_coverage,physical_safety,xgboost,76324.0,25442.0,fraction,0.6762965191306075,0.0020037954086747542,0.09397215205531494,clean held-out test set (no pre-training detector reused),0.5718390804597702,0.192451674656673,12.0,,,,,,,
diabetes_130,edge_case_dropout,safety_critical_edge_case_coverage,0.05,3,0.0499388503872808,0.1736,0.1,high,tabular,health,safety_critical_edge_case_coverage,physical_safety,logreg,76324.0,25442.0,fraction,0.6464688118577432,0.003126335619851202,0.09579835763846209,clean held-out test set (no pre-training detector reused),0.4837376460017969,0.24350300325720087,12.0,,,,,,,
diabetes_130,edge_case_dropout,safety_critical_edge_case_coverage,0.05,3,0.0499388503872808,0.1736,0.1,high,tabular,health,safety_critical_edge_case_coverage,physical_safety,xgboost,76324.0,25442.0,fraction,0.6768544129486719,0.0013895948193750533,0.09406842713240378,clean held-out test set (no pre-training detector reused),0.5737646001796946,0.1820575593121897,12.0,,,,,,,
diabetes_130,edge_case_dropout,safety_critical_edge_case_coverage,0.1,3,0.1000815328169588,0.1732,0.1,high,tabular,health,safety_critical_edge_case_coverage,physical_safety,logreg,76324.0,25442.0,fraction,0.6464104355939871,0.0028369708432924544,0.0958102073881906,clean held-out test set (no pre-training detector reused),0.4828391734052111,0.2433429014007169,12.0,,,,,,,
diabetes_130,edge_case_dropout,safety_critical_edge_case_coverage,0.1,3,0.1000815328169588,0.1732,0.1,high,tabular,health,safety_critical_edge_case_coverage,physical_safety,xgboost,76324.0,25442.0,fraction,0.6761594923054054,0.002295616992901775,0.09394826386485941,clean held-out test set (no pre-training detector reused),0.5919540229885057,0.15857526423802926,12.0,,,,,,,
diabetes_130,edge_case_dropout,safety_critical_edge_case_coverage,0.2,3,0.1999592335915206,0.1776,0.1,high,tabular,health,safety_critical_edge_case_coverage,physical_safety,logreg,76324.0,25442.0,fraction,0.6460900829901338,0.002741361373033018,0.09583625848457585,clean held-out test set (no pre-training detector reused),0.4682839173405211,0.2557810085592672,12.0,,,,,,,
diabetes_130,edge_case_dropout,safety_critical_edge_case_coverage,0.2,3,0.1999592335915206,0.1776,0.1,high,tabular,health,safety_critical_edge_case_coverage,physical_safety,xgboost,76324.0,25442.0,fraction,0.6750264224278176,0.004019177683803559,0.09409384412394158,clean held-out test set (no pre-training detector reused),0.5718390804597702,0.17921949399329962,12.0,,,,,,,
diabetes_130,edge_case_dropout,safety_critical_edge_case_coverage,0.3,3,0.3000407664084794,0.18,0.1,high,tabular,health,safety_critical_edge_case_coverage,physical_safety,logreg,76324.0,25442.0,fraction,0.646637753949409,0.003150569804985514,0.09580490442080704,clean held-out test set (no pre-training detector reused),0.47259658580413294,0.24899833303849234,12.0,,,,,,,
diabetes_130,edge_case_dropout,safety_critical_edge_case_coverage,0.3,3,0.3000407664084794,0.18,0.1,high,tabular,health,safety_critical_edge_case_coverage,physical_safety,xgboost,76324.0,25442.0,fraction,0.6755182027117161,0.002885920384578262,0.09402152347056565,clean held-out test set (no pre-training detector reused),0.5517241379310345,0.20021658189959368,12.0,,,,,,,
diabetes_130,edge_case_dropout,safety_critical_edge_case_coverage,0.4,3,0.3999184671830412,0.1836,0.1,high,tabular,health,safety_critical_edge_case_coverage,physical_safety,logreg,76324.0,25442.0,fraction,0.6465110434847532,0.003470657573512209,0.0958528608607937,clean held-out test set (no pre-training detector reused),0.47349505840071876,0.252863445480721,12.0,,,,,,,
diabetes_130,edge_case_dropout,safety_critical_edge_case_coverage,0.4,3,0.3999184671830412,0.1836,0.1,high,tabular,health,safety_critical_edge_case_coverage,physical_safety,xgboost,76324.0,25442.0,fraction,0.6752735787393959,0.0031622405192386458,0.09409849948788962,clean held-out test set (no pre-training detector reused),0.5431034482758621,0.21166013676295237,12.0,,,,,,,
diabetes_130,edge_case_dropout,safety_critical_edge_case_coverage,0.0,4,0.0,0.1752,0.1,high,tabular,health,safety_critical_edge_case_coverage,physical_safety,logreg,76324.0,25442.0,fraction,0.6496788674356553,0.009277605719172879,0.09620948953714482,clean held-out test set (no pre-training detector reused),0.5092879256965945,0.2550362275164476,12.0,,,,,,,
diabetes_130,edge_case_dropout,safety_critical_edge_case_coverage,0.0,4,0.0,0.1752,0.1,high,tabular,health,safety_critical_edge_case_coverage,physical_safety,xgboost,76324.0,25442.0,fraction,0.6750904321724462,0.004751755839083983,0.09470404350659184,clean held-out test set (no pre-training detector reused),0.568503937007874,0.21969050743657037,12.0,,,,,,,
diabetes_130,edge_case_dropout,safety_critical_edge_case_coverage,0.03,4,0.0299716484406642,0.1764,0.1,high,tabular,health,safety_critical_edge_case_coverage,physical_safety,logreg,76324.0,25442.0,fraction,0.6495085539848837,0.00934552469859619,0.09620824422455886,clean held-out test set (no pre-training detector reused),0.505749668288368,0.25572548207567125,12.0,,,,,,,
diabetes_130,edge_case_dropout,safety_critical_edge_case_coverage,0.03,4,0.0299716484406642,0.1764,0.1,high,tabular,health,safety_critical_edge_case_coverage,physical_safety,xgboost,76324.0,25442.0,fraction,0.675567423595078,0.003725925344381086,0.09468097192060895,clean held-out test set (no pre-training detector reused),0.5958661417322835,0.1784394138232721,12.0,,,,,,,
diabetes_130,edge_case_dropout,safety_critical_edge_case_coverage,0.05,4,0.0500202511138112,0.1764,0.1,high,tabular,health,safety_critical_edge_case_coverage,physical_safety,logreg,76324.0,25442.0,fraction,0.6497782598035775,0.00981799234566724,0.09623590342654051,clean held-out test set (no pre-training detector reused),0.5048651039363113,0.2556603788113937,12.0,,,,,,,
diabetes_130,edge_case_dropout,safety_critical_edge_case_coverage,0.05,4,0.0500202511138112,0.1764,0.1,high,tabular,health,safety_critical_edge_case_coverage,physical_safety,xgboost,76324.0,25442.0,fraction,0.6748373540829109,0.0031913196426138204,0.09457495353283715,clean held-out test set (no pre-training detector reused),0.5801181102362205,0.21443712876346288,12.0,,,,,,,
diabetes_130,edge_case_dropout,safety_critical_edge_case_coverage,0.1,4,0.1000405022276225,0.1788,0.1,high,tabular,health,safety_critical_edge_case_coverage,physical_safety,logreg,76324.0,25442.0,fraction,0.6494187767143286,0.008352137624401835,0.09622158485204693,clean held-out test set (no pre-training detector reused),0.5030959752321982,0.25727122957945114,12.0,,,,,,,
diabetes_130,edge_case_dropout,safety_critical_edge_case_coverage,0.1,4,0.1000405022276225,0.1788,0.1,high,tabular,health,safety_critical_edge_case_coverage,physical_safety,xgboost,76324.0,25442.0,fraction,0.6761440489318382,0.0033324988189610038,0.09458617286561989,clean held-out test set (no pre-training detector reused),0.5822834645669291,0.2093832020997375,12.0,,,,,,,
diabetes_130,edge_case_dropout,safety_critical_edge_case_coverage,0.2,4,0.200081004455245,0.182,0.1,high,tabular,health,safety_critical_edge_case_coverage,physical_safety,logreg,76324.0,25442.0,fraction,0.648973131755804,0.00923471759514177,0.09621790658456175,clean held-out test set (no pre-training detector reused),0.5037593984962406,0.2567660842514643,12.0,,,,,,,
diabetes_130,edge_case_dropout,safety_critical_edge_case_coverage,0.2,4,0.200081004455245,0.182,0.1,high,tabular,health,safety_critical_edge_case_coverage,physical_safety,xgboost,76324.0,25442.0,fraction,0.6751274354928649,0.004685766544043965,0.09474678583194278,clean held-out test set (no pre-training detector reused),0.599015748031496,0.1784454738741703,12.0,,,,,,,
diabetes_130,edge_case_dropout,safety_critical_edge_case_coverage,0.3,4,0.299918995544755,0.1848,0.1,high,tabular,health,safety_critical_edge_case_coverage,physical_safety,logreg,76324.0,25442.0,fraction,0.6498148345742757,0.009705797191084555,0.0963095999580315,clean held-out test set (no pre-training detector reused),0.4995577178239717,0.2631836560285133,12.0,,,,,,,
diabetes_130,edge_case_dropout,safety_critical_edge_case_coverage,0.3,4,0.299918995544755,0.1848,0.1,high,tabular,health,safety_critical_edge_case_coverage,physical_safety,xgboost,76324.0,25442.0,fraction,0.6754329992354517,0.0035227475419614736,0.09467749368905455,clean held-out test set (no pre-training detector reused),0.577755905511811,0.20872715874903103,12.0,,,,,,,
diabetes_130,edge_case_dropout,safety_critical_edge_case_coverage,0.4,4,0.3999594977723775,0.1848,0.1,high,tabular,health,safety_critical_edge_case_coverage,physical_safety,logreg,76324.0,25442.0,fraction,0.6492666493553358,0.008549745843487649,0.0962675521379864,clean held-out test set (no pre-training detector reused),0.5011057054400707,0.26068600079607995,12.0,,,,,,,
diabetes_130,edge_case_dropout,safety_critical_edge_case_coverage,0.4,4,0.3999594977723775,0.1848,0.1,high,tabular,health,safety_critical_edge_case_coverage,physical_safety,xgboost,76324.0,25442.0,fraction,0.6742955269834616,0.0037411839423983607,0.09479813129240437,clean held-out test set (no pre-training detector reused),0.5783464566929133,0.195790928555583,12.0,,,,,,,
diabetes_130,label_flip,label_integrity,0.0,0,0.0,0.1915316516231716,0.05,high,tabular,health,label_integrity,content_safety,logreg,76324.0,25442.0,fraction,0.6485537763746835,0.004617730827862116,0.09567269392442873,clean held-out test set (no pre-training detector reused),0.5449624060150375,0.285919946926139,12.0,,,,,,,
diabetes_130,label_flip,label_integrity,0.0,0,0.0,0.1915316516231716,0.05,high,tabular,health,label_integrity,content_safety,xgboost,76324.0,25442.0,fraction,0.676756726987819,0.0011996796529846361,0.09420785749485346,clean held-out test set (no pre-training detector reused),0.5897744360902256,0.1955196815568332,12.0,,,,,,,
diabetes_130,label_flip,label_integrity,0.03,0,0.0300036685708296,0.2275703560449705,0.05,high,tabular,health,label_integrity,content_safety,logreg,76324.0,25442.0,fraction,0.6467432083479242,0.023482233168191903,0.09621146751629461,clean held-out test set (no pre-training detector reused),0.5311278195488722,0.29387218045112773,12.0,,,,,,,
diabetes_130,label_flip,label_integrity,0.03,0,0.0300036685708296,0.2275703560449705,0.05,high,tabular,health,label_integrity,content_safety,xgboost,76324.0,25442.0,fraction,0.6735337915428501,0.023041920444464896,0.09489073563038178,clean held-out test set (no pre-training detector reused),0.604812030075188,0.19404067162725458,12.0,,,,,,,
diabetes_130,label_flip,label_integrity,0.05,0,0.0499973795922645,0.2498806771702906,0.05,high,tabular,health,label_integrity,content_safety,logreg,76324.0,25442.0,fraction,0.6436611255083905,0.03867199754463016,0.0972341728326942,clean held-out test set (no pre-training detector reused),0.5414901960784314,0.28203921568627444,12.0,,,,,,,
diabetes_130,label_flip,label_integrity,0.05,0,0.0499973795922645,0.2498806771702906,0.05,high,tabular,health,label_integrity,content_safety,xgboost,76324.0,25442.0,fraction,0.673612184974464,0.038337403029175876,0.09588821285413933,clean held-out test set (no pre-training detector reused),0.5774436090225563,0.23505639097744369,12.0,,,,,,,
diabetes_130,label_flip,label_integrity,0.1,0,0.0999947591845291,0.302155252054976,0.05,high,tabular,health,label_integrity,content_safety,logreg,76324.0,25442.0,fraction,0.6402196063304866,0.0770055930687436,0.1018788945062557,clean held-out test set (no pre-training detector reused),0.5554887218045114,0.2474524546660769,12.0,,,,,,,
diabetes_130,label_flip,label_integrity,0.1,0,0.0999947591845291,0.302155252054976,0.05,high,tabular,health,label_integrity,content_safety,xgboost,76324.0,25442.0,fraction,0.6626796945989505,0.07699116223203495,0.1010193613159789,clean held-out test set (no pre-training detector reused),0.5891729323308271,0.1996871712961159,12.0,,,,,,,
diabetes_130,label_flip,label_integrity,0.2,0,0.2000026204077354,0.3897684751128302,0.05,high,tabular,health,label_integrity,content_safety,logreg,76324.0,25442.0,fraction,0.6292838745607229,0.15585587347892288,0.12082072176997456,clean held-out test set (no pre-training detector reused),0.5361842105263157,0.23146284829721364,12.0,,,,,,,
diabetes_130,label_flip,label_integrity,0.2,0,0.2000026204077354,0.3897684751128302,0.05,high,tabular,health,label_integrity,content_safety,xgboost,76324.0,25442.0,fraction,0.642469858578748,0.15578778817893602,0.12042030189837913,clean held-out test set (no pre-training detector reused),0.5427631578947367,0.18614135727920844,12.0,,,,,,,
diabetes_130,label_flip,label_integrity,0.3,0,0.2999973795922646,0.4518995017872769,0.05,high,tabular,health,label_integrity,content_safety,logreg,76324.0,25442.0,fraction,0.6116639359218745,0.2341751019835484,0.15238465233413723,clean held-out test set (no pre-training detector reused),0.5169924812030076,0.2388898717381689,12.0,,,,,,,
diabetes_130,label_flip,label_integrity,0.3,0,0.2999973795922646,0.4518995017872769,0.05,high,tabular,health,label_integrity,content_safety,xgboost,76324.0,25442.0,fraction,0.6212662547155858,0.23408279545642083,0.15200600414785406,clean held-out test set (no pre-training detector reused),0.5871372549019608,0.25698039215686264,12.0,,,,,,,
diabetes_130,label_flip,label_integrity,0.4,0,0.4000052408154709,0.4883334036937657,0.05,high,tabular,health,label_integrity,content_safety,logreg,76324.0,25442.0,fraction,0.5612806387142436,0.31197113515183833,0.1960236910884928,clean held-out test set (no pre-training detector reused),0.49022556390977445,0.16132884023530325,12.0,,,,,,,
diabetes_130,label_flip,label_integrity,0.4,0,0.4000052408154709,0.4883334036937657,0.05,high,tabular,health,label_integrity,content_safety,xgboost,76324.0,25442.0,fraction,0.5608236021249646,0.31198158641977974,0.19611013462517807,clean held-out test set (no pre-training detector reused),0.46710526315789475,0.1522420561894246,12.0,,,,,,,
diabetes_130,label_flip,label_integrity,0.0,1,0.0,0.191319273777579,0.05,high,tabular,health,label_integrity,content_safety,logreg,76324.0,25442.0,fraction,0.6433938507353842,0.003643623129067649,0.0960632675259399,clean held-out test set (no pre-training detector reused),0.4974358974358974,0.3040133779264215,12.0,,,,,,,
diabetes_130,label_flip,label_integrity,0.0,1,0.0,0.191319273777579,0.05,high,tabular,health,label_integrity,content_safety,xgboost,76324.0,25442.0,fraction,0.6768383072709911,0.0023120882722224966,0.09436188847728107,clean held-out test set (no pre-training detector reused),0.564753320683112,0.21473385880406748,12.0,,,,,,,
diabetes_130,label_flip,label_integrity,0.03,1,0.0300036685708296,0.2273011031661634,0.05,high,tabular,health,label_integrity,content_safety,logreg,76324.0,25442.0,fraction,0.6430122544805535,0.023701623233317946,0.09657790394677586,clean held-out test set (no pre-training detector reused),0.5025641025641026,0.26989966555183953,12.0,,,,,,,
diabetes_130,label_flip,label_integrity,0.03,1,0.0300036685708296,0.2273011031661634,0.05,high,tabular,health,label_integrity,content_safety,xgboost,76324.0,25442.0,fraction,0.6732048757363984,0.024390386763798174,0.09512793292757137,clean held-out test set (no pre-training detector reused),0.5768500948766603,0.2795601615335962,12.0,,,,,,,
diabetes_130,label_flip,label_integrity,0.05,1,0.0499973795922645,0.2499940514857393,0.05,high,tabular,health,label_integrity,content_safety,logreg,76324.0,25442.0,fraction,0.6425355825222587,0.03930705941734532,0.09756307071639132,clean held-out test set (no pre-training detector reused),0.5333333333333333,0.21014492753623182,12.0,,,,,,,
diabetes_130,label_flip,label_integrity,0.05,1,0.0499973795922645,0.2499940514857393,0.05,high,tabular,health,label_integrity,content_safety,xgboost,76324.0,25442.0,fraction,0.6743462283113129,0.03927821770116246,0.09606353558229885,clean held-out test set (no pre-training detector reused),0.5872865275142315,0.26399552376781976,12.0,,,,,,,
diabetes_130,label_flip,label_integrity,0.1,1,0.0999947591845291,0.301817295285301,0.05,high,tabular,health,label_integrity,content_safety,logreg,76324.0,25442.0,fraction,0.6402083861196205,0.07775580161370212,0.10214310603045633,clean held-out test set (no pre-training detector reused),0.5557400379506641,0.20947735335368378,12.0,,,,,,,
diabetes_130,label_flip,label_integrity,0.1,1,0.0999947591845291,0.301817295285301,0.05,high,tabular,health,label_integrity,content_safety,xgboost,76324.0,25442.0,fraction,0.6713873262451002,0.0778786121645693,0.10073993345856137,clean held-out test set (no pre-training detector reused),0.5661764705882353,0.27997737556561086,12.0,,,,,,,
diabetes_130,label_flip,label_integrity,0.2,1,0.2000026204077354,0.3890271531509522,0.05,high,tabular,health,label_integrity,content_safety,logreg,76324.0,25442.0,fraction,0.63200236023369,0.15623342441860352,0.12084822300584633,clean held-out test set (no pre-training detector reused),0.5743589743589743,0.11327769511116859,12.0,,,,,,,
diabetes_130,label_flip,label_integrity,0.2,1,0.2000026204077354,0.3890271531509522,0.05,high,tabular,health,label_integrity,content_safety,xgboost,76324.0,25442.0,fraction,0.6502008565789481,0.1559243599410754,0.1200880071047016,clean held-out test set (no pre-training detector reused),0.5914786967418546,0.14620246267843517,12.0,,,,,,,
diabetes_130,label_flip,label_integrity,0.3,1,0.2999973795922646,0.4499874629621898,0.05,high,tabular,health,label_integrity,content_safety,logreg,76324.0,25442.0,fraction,0.6186110541486285,0.23292633544985478,0.15131447534872838,clean held-out test set (no pre-training detector reused),0.5367647058823529,0.13424978687127032,12.0,,,,,,,
diabetes_130,label_flip,label_integrity,0.3,1,0.2999973795922646,0.4499874629621898,0.05,high,tabular,health,label_integrity,content_safety,xgboost,76324.0,25442.0,fraction,0.6232938559044732,0.23291500503818582,0.15126011937156994,clean held-out test set (no pre-training detector reused),0.5206356736242884,0.19095852927426227,12.0,,,,,,,
diabetes_130,label_flip,label_integrity,0.4,1,0.4000052408154709,0.4876099748747633,0.05,high,tabular,health,label_integrity,content_safety,logreg,76324.0,25442.0,fraction,0.5820025916505394,0.31105726940049927,0.19498758735405403,clean held-out test set (no pre-training detector reused),0.4507936507936508,0.20024801587301583,12.0,,,,,,,
diabetes_130,label_flip,label_integrity,0.4,1,0.4000052408154709,0.4876099748747633,0.05,high,tabular,health,label_integrity,content_safety,xgboost,76324.0,25442.0,fraction,0.570751018736708,0.3112023009726597,0.1954315679219503,clean held-out test set (no pre-training detector reused),0.43333333333333335,0.15285370453777725,12.0,,,,,,,
diabetes_130,label_flip,label_integrity,0.0,2,0.0,0.1911837900826509,0.05,high,tabular,health,label_integrity,content_safety,logreg,76324.0,25442.0,fraction,0.6394700806610051,0.002429183478795948,0.09620687459323737,clean held-out test set (no pre-training detector reused),0.4366197183098592,0.30588028169014086,12.0,,,,,,,
diabetes_130,label_flip,label_integrity,0.0,2,0.0,0.1911837900826509,0.05,high,tabular,health,label_integrity,content_safety,xgboost,76324.0,25442.0,fraction,0.6730781107290508,0.0020850863426756226,0.09455453364981793,clean held-out test set (no pre-training detector reused),0.4964788732394366,0.2850489045383412,12.0,,,,,,,
diabetes_130,label_flip,label_integrity,0.03,2,0.0300036685708296,0.2268992847758537,0.05,high,tabular,health,label_integrity,content_safety,logreg,76324.0,25442.0,fraction,0.6410212280623645,0.02314068010714051,0.09664264439473855,clean held-out test set (no pre-training detector reused),0.43661971830985913,0.2971302816901409,12.0,,,,,,,
diabetes_130,label_flip,label_integrity,0.03,2,0.0300036685708296,0.2268992847758537,0.05,high,tabular,health,label_integrity,content_safety,xgboost,76324.0,25442.0,fraction,0.6698874333903221,0.02329126780234185,0.09533520479372723,clean held-out test set (no pre-training detector reused),0.5105633802816901,0.259297730829421,12.0,,,,,,,
diabetes_130,label_flip,label_integrity,0.05,2,0.0499973795922645,0.2493815156646136,0.05,high,tabular,health,label_integrity,content_safety,logreg,76324.0,25442.0,fraction,0.6412604211409529,0.038563631233993784,0.09756936715096216,clean held-out test set (no pre-training detector reused),0.45422535211267606,0.28313575899843507,12.0,,,,,,,
diabetes_130,label_flip,label_integrity,0.05,2,0.0499973795922645,0.2493815156646136,0.05,high,tabular,health,label_integrity,content_safety,xgboost,76324.0,25442.0,fraction,0.6672767942024922,0.03855885083652215,0.09636537686427593,clean held-out test set (no pre-training detector reused),0.5492957746478874,0.22807869601151975,12.0,,,,,,,
diabetes_130,label_flip,label_integrity,0.1,2,0.0999947591845291,0.3014196247393986,0.05,high,tabular,health,label_integrity,content_safety,logreg,76324.0,25442.0,fraction,0.6404006101488334,0.07695099485917367,0.10203101852620984,clean held-out test set (no pre-training detector reused),0.45422535211267606,0.30077464788732394,12.0,,,,,,,
diabetes_130,label_flip,label_integrity,0.1,2,0.0999947591845291,0.3014196247393986,0.05,high,tabular,health,label_integrity,content_safety,xgboost,76324.0,25442.0,fraction,0.6627573088492541,0.07707889371979638,0.10098516052828825,clean held-out test set (no pre-training detector reused),0.545774647887324,0.19380868544600927,12.0,,,,,,,
diabetes_130,label_flip,label_integrity,0.2,2,0.2000026204077354,0.3881082166489348,0.05,high,tabular,health,label_integrity,content_safety,logreg,76324.0,25442.0,fraction,0.6332138469183308,0.1550398034179299,0.12054166519519321,clean held-out test set (no pre-training detector reused),0.397887323943662,0.3339182316118936,12.0,,,,,,,
diabetes_130,label_flip,label_integrity,0.2,2,0.2000026204077354,0.3881082166489348,0.05,high,tabular,health,label_integrity,content_safety,xgboost,76324.0,25442.0,fraction,0.6459655620249595,0.15502948046788353,0.11998673245228622,clean held-out test set (no pre-training detector reused),0.4225352112676056,0.2755203442879499,12.0,,,,,,,
diabetes_130,label_flip,label_integrity,0.3,2,0.2999973795922646,0.44988409526756,0.05,high,tabular,health,label_integrity,content_safety,logreg,76324.0,25442.0,fraction,0.6120907870271983,0.23259213989975228,0.15134550711086744,clean held-out test set (no pre-training detector reused),0.323943661971831,0.3831458902669749,12.0,,,,,,,
diabetes_130,label_flip,label_integrity,0.3,2,0.2999973795922646,0.44988409526756,0.05,high,tabular,health,label_integrity,content_safety,xgboost,76324.0,25442.0,fraction,0.6160129987389574,0.23227107190793436,0.15115697201665107,clean held-out test set (no pre-training detector reused),0.5246478873239437,0.130629890453834,12.0,,,,,,,
diabetes_130,label_flip,label_integrity,0.4,2,0.4000052408154709,0.4873276252788586,0.05,high,tabular,health,label_integrity,content_safety,logreg,76324.0,25442.0,fraction,0.5755206290823159,0.3102230137723568,0.19456181808466677,clean held-out test set (no pre-training detector reused),0.4014084507042253,0.3933676686987598,12.0,,,,,,,
diabetes_130,label_flip,label_integrity,0.4,2,0.4000052408154709,0.4873276252788586,0.05,high,tabular,health,label_integrity,content_safety,xgboost,76324.0,25442.0,fraction,0.5691652523097388,0.3100806683068821,0.1946302115607958,clean held-out test set (no pre-training detector reused),0.4535080304311073,0.28343226807635535,12.0,,,,,,,
diabetes_130,label_flip,label_integrity,0.0,3,0.0,0.1914467722668917,0.05,high,tabular,health,label_integrity,content_safety,logreg,76324.0,25442.0,fraction,0.6463074434084121,0.0027164287350690767,0.09579875334686215,clean held-out test set (no pre-training detector reused),0.4821203953279425,0.24688454468617183,12.0,,,,,,,
diabetes_130,label_flip,label_integrity,0.0,3,0.0,0.1914467722668917,0.05,high,tabular,health,label_integrity,content_safety,xgboost,76324.0,25442.0,fraction,0.6756987857721556,0.0031408424834465233,0.09401417323681896,clean held-out test set (no pre-training detector reused),0.578796046720575,0.18108398150807703,12.0,,,,,,,
diabetes_130,label_flip,label_integrity,0.03,3,0.0300036685708296,0.227230645217321,0.05,high,tabular,health,label_integrity,content_safety,logreg,76324.0,25442.0,fraction,0.6482874522028758,0.024260878502450782,0.09626210690847509,clean held-out test set (no pre-training detector reused),0.4641509433962264,0.28355547862212216,12.0,,,,,,,
diabetes_130,label_flip,label_integrity,0.03,3,0.0300036685708296,0.227230645217321,0.05,high,tabular,health,label_integrity,content_safety,xgboost,76324.0,25442.0,fraction,0.6766511712957335,0.024146842838657923,0.0945715176034673,clean held-out test set (no pre-training detector reused),0.5784366576819406,0.17844407626301362,12.0,,,,,,,
diabetes_130,label_flip,label_integrity,0.05,3,0.0499973795922645,0.2509660116651633,0.05,high,tabular,health,label_integrity,content_safety,logreg,76324.0,25442.0,fraction,0.6479267224235306,0.04028907484363112,0.09729170058883897,clean held-out test set (no pre-training detector reused),0.46882300089847256,0.2836470061586905,12.0,,,,,,,
diabetes_130,label_flip,label_integrity,0.05,3,0.0499973795922645,0.2509660116651633,0.05,high,tabular,health,label_integrity,content_safety,xgboost,76324.0,25442.0,fraction,0.6734941390059769,0.040035969607233914,0.09579494917386801,clean held-out test set (no pre-training detector reused),0.5833333333333334,0.19066102093625026,12.0,,,,,,,
diabetes_130,label_flip,label_integrity,0.1,3,0.0999947591845291,0.3033461759430579,0.05,high,tabular,health,label_integrity,content_safety,logreg,76324.0,25442.0,fraction,0.6447297415080029,0.07868180380436508,0.10204629687614578,clean held-out test set (no pre-training detector reused),0.44079065588499544,0.30868005688846956,12.0,,,,,,,
diabetes_130,label_flip,label_integrity,0.1,3,0.0999947591845291,0.3033461759430579,0.05,high,tabular,health,label_integrity,content_safety,xgboost,76324.0,25442.0,fraction,0.6660085831184728,0.07881031670633908,0.1006710978548989,clean held-out test set (no pre-training detector reused),0.5949367088607594,0.16300259953726448,12.0,,,,,,,
diabetes_130,label_flip,label_integrity,0.2,3,0.2000026204077354,0.3896651607218748,0.05,high,tabular,health,label_integrity,content_safety,logreg,76324.0,25442.0,fraction,0.6391764228088374,0.1565456982793592,0.12078872810746631,clean held-out test set (no pre-training detector reused),0.40197663971248876,0.38013345203063054,12.0,,,,,,,
diabetes_130,label_flip,label_integrity,0.2,3,0.2000026204077354,0.3896651607218748,0.05,high,tabular,health,label_integrity,content_safety,xgboost,76324.0,25442.0,fraction,0.6544233959348895,0.1558601940828959,0.11969668531064825,clean held-out test set (no pre-training detector reused),0.4769230769230769,0.2615826702033599,12.0,,,,,,,
diabetes_130,label_flip,label_integrity,0.3,3,0.2999973795922646,0.4511394268421178,0.05,high,tabular,health,label_integrity,content_safety,logreg,76324.0,25442.0,fraction,0.6277799455467583,0.23397778740769865,0.15173735878303315,clean held-out test set (no pre-training detector reused),0.3730458221024259,0.4124164220754146,12.0,,,,,,,
diabetes_130,label_flip,label_integrity,0.3,3,0.2999973795922646,0.4511394268421178,0.05,high,tabular,health,label_integrity,content_safety,xgboost,76324.0,25442.0,fraction,0.631266610489772,0.2331043770604867,0.15112774359306053,clean held-out test set (no pre-training detector reused),0.4542577675489068,0.2698071583508814,12.0,,,,,,,
diabetes_130,label_flip,label_integrity,0.4,3,0.4000052408154709,0.4880457433482351,0.05,high,tabular,health,label_integrity,content_safety,logreg,76324.0,25442.0,fraction,0.5872790204793314,0.31171179097575247,0.19543981998553867,clean held-out test set (no pre-training detector reused),0.3850574712643678,0.3127195223841856,12.0,,,,,,,
diabetes_130,label_flip,label_integrity,0.4,3,0.4000052408154709,0.4880457433482351,0.05,high,tabular,health,label_integrity,content_safety,xgboost,76324.0,25442.0,fraction,0.5775734056193341,0.311402192957352,0.1952963501277807,clean held-out test set (no pre-training detector reused),0.45568039950062417,0.22101132982268407,12.0,,,,,,,
diabetes_130,label_flip,label_integrity,0.0,4,0.0,0.1912880858731564,0.05,high,tabular,health,label_integrity,content_safety,logreg,76324.0,25442.0,fraction,0.6496788674356553,0.009277605719172879,0.09620948953714482,clean held-out test set (no pre-training detector reused),0.5092879256965945,0.2550362275164476,12.0,,,,,,,
diabetes_130,label_flip,label_integrity,0.0,4,0.0,0.1912880858731564,0.05,high,tabular,health,label_integrity,content_safety,xgboost,76324.0,25442.0,fraction,0.6750904321724462,0.004751755839083983,0.09470404350659184,clean held-out test set (no pre-training detector reused),0.568503937007874,0.21969050743657037,12.0,,,,,,,
diabetes_130,label_flip,label_integrity,0.03,4,0.0300036685708296,0.2279174749109919,0.05,high,tabular,health,label_integrity,content_safety,logreg,76324.0,25442.0,fraction,0.650714103307941,0.02350734889473275,0.09665221563032517,clean held-out test set (no pre-training detector reused),0.5192392746572313,0.25141599599803943,12.0,,,,,,,
diabetes_130,label_flip,label_integrity,0.03,4,0.0300036685708296,0.2279174749109919,0.05,high,tabular,health,label_integrity,content_safety,xgboost,76324.0,25442.0,fraction,0.6735316643778736,0.02363859487744483,0.09524408988863199,clean held-out test set (no pre-training detector reused),0.5405511811023622,0.22187363687801132,12.0,,,,,,,
diabetes_130,label_flip,label_integrity,0.05,4,0.0499973795922645,0.2491720463745218,0.05,high,tabular,health,label_integrity,content_safety,logreg,76324.0,25442.0,fraction,0.6479480408241762,0.038038779556079975,0.09757898178104028,clean held-out test set (no pre-training detector reused),0.5095090667846085,0.2598799803822164,12.0,,,,,,,
diabetes_130,label_flip,label_integrity,0.05,4,0.0499973795922645,0.2491720463745218,0.05,high,tabular,health,label_integrity,content_safety,xgboost,76324.0,25442.0,fraction,0.6712156180597835,0.03796518029368785,0.09620200640069303,clean held-out test set (no pre-training detector reused),0.5824803149606299,0.15699420229166516,12.0,,,,,,,
diabetes_130,label_flip,label_integrity,0.1,4,0.0999947591845291,0.3018228757480149,0.05,high,tabular,health,label_integrity,content_safety,logreg,76324.0,25442.0,fraction,0.6463501581278343,0.07692850126503602,0.10214577548335864,clean held-out test set (no pre-training detector reused),0.5347191508182221,0.22849705684243005,12.0,,,,,,,
diabetes_130,label_flip,label_integrity,0.1,4,0.0999947591845291,0.3018228757480149,0.05,high,tabular,health,label_integrity,content_safety,xgboost,76324.0,25442.0,fraction,0.6650802742973784,0.07688274901914045,0.10099014592782403,clean held-out test set (no pre-training detector reused),0.5604330708661418,0.22699966101103453,12.0,,,,,,,
diabetes_130,label_flip,label_integrity,0.2,4,0.2000026204077354,0.3881016063849882,0.05,high,tabular,health,label_integrity,content_safety,logreg,76324.0,25442.0,fraction,0.6358698110829721,0.15442072764775178,0.1204778032048084,clean held-out test set (no pre-training detector reused),0.5137107474568775,0.24032533991254323,12.0,,,,,,,
diabetes_130,label_flip,label_integrity,0.2,4,0.2000026204077354,0.3881016063849882,0.05,high,tabular,health,label_integrity,content_safety,xgboost,76324.0,25442.0,fraction,0.6463704402173374,0.15434100066238668,0.1198431759751985,clean held-out test set (no pre-training detector reused),0.5519685039370079,0.2400542880857841,12.0,,,,,,,
diabetes_130,label_flip,label_integrity,0.3,4,0.2999973795922646,0.4495673533713205,0.05,high,tabular,health,label_integrity,content_safety,logreg,76324.0,25442.0,fraction,0.6093545516039861,0.2312379464117759,0.15107454672111742,clean held-out test set (no pre-training detector reused),0.4369747899159664,0.32691409897292245,12.0,,,,,,,
diabetes_130,label_flip,label_integrity,0.3,4,0.2999973795922646,0.4495673533713205,0.05,high,tabular,health,label_integrity,content_safety,xgboost,76324.0,25442.0,fraction,0.6145394422124623,0.23137949346305905,0.1509003490637388,clean held-out test set (no pre-training detector reused),0.43287401574803147,0.2841250345843523,12.0,,,,,,,
diabetes_130,label_flip,label_integrity,0.4,4,0.4000052408154709,0.4869492666755058,0.05,high,tabular,health,label_integrity,content_safety,logreg,76324.0,25442.0,fraction,0.568867979056292,0.30906276575781516,0.19412391059373701,clean held-out test set (no pre-training detector reused),0.424812030075188,0.3054823668858757,12.0,,,,,,,
diabetes_130,label_flip,label_integrity,0.4,4,0.4000052408154709,0.4869492666755058,0.05,high,tabular,health,label_integrity,content_safety,xgboost,76324.0,25442.0,fraction,0.5632826593807189,0.3090455524477557,0.19428223858822122,clean held-out test set (no pre-training detector reused),0.4143700787401575,0.15977408509787927,12.0,,,,,,,
diabetes_130,range_violation,measurement_range_violation,0.0,0,0.0,0.0,0.01,high,tabular,health,measurement_range_violation,physical_safety,logreg,76324.0,25442.0,fraction,0.6485537763746835,0.004617730827862116,0.09567269392442873,clean held-out test set (no pre-training detector reused),0.5449624060150375,0.285919946926139,12.0,,,,,,,
diabetes_130,range_violation,measurement_range_violation,0.0,0,0.0,0.0,0.01,high,tabular,health,measurement_range_violation,physical_safety,xgboost,76324.0,25442.0,fraction,0.676756726987819,0.0011996796529846361,0.09420785749485346,clean held-out test set (no pre-training detector reused),0.5897744360902256,0.1955196815568332,12.0,,,,,,,
diabetes_130,range_violation,measurement_range_violation,0.03,0,0.0300036685708296,0.0300036685708296,0.01,high,tabular,health,measurement_range_violation,physical_safety,logreg,76324.0,25442.0,fraction,0.619260579688766,0.004010507858140858,0.09727729652328354,clean held-out test set (no pre-training detector reused),0.4407894736842105,0.3445046439628484,12.0,,,,,,,
diabetes_130,range_violation,measurement_range_violation,0.03,0,0.0300036685708296,0.0300036685708296,0.01,high,tabular,health,measurement_range_violation,physical_safety,xgboost,76324.0,25442.0,fraction,0.6797510506363909,0.0024818989819651014,0.09411199785021028,clean held-out test set (no pre-training detector reused),0.5894736842105263,0.2104893061669718,12.0,,,,,,,
diabetes_130,range_violation,measurement_range_violation,0.05,0,0.0499973795922645,0.0499973795922645,0.01,high,tabular,health,measurement_range_violation,physical_safety,logreg,76324.0,25442.0,fraction,0.6149055483428473,0.0032318743125724987,0.09742418581727791,clean held-out test set (no pre-training detector reused),0.4407894736842105,0.3342105263157895,12.0,,,,,,,
diabetes_130,range_violation,measurement_range_violation,0.05,0,0.0499973795922645,0.0499973795922645,0.01,high,tabular,health,measurement_range_violation,physical_safety,xgboost,76324.0,25442.0,fraction,0.6786063319982165,0.0027698129715312946,0.09417379631274936,clean held-out test set (no pre-training detector reused),0.6045112781954887,0.1915657018193152,12.0,,,,,,,
diabetes_130,range_violation,measurement_range_violation,0.1,0,0.0999947591845291,0.0999947591845291,0.01,high,tabular,health,measurement_range_violation,physical_safety,logreg,76324.0,25442.0,fraction,0.6076716290594548,0.0018329131633685013,0.09764342691656842,clean held-out test set (no pre-training detector reused),0.45065789473684215,0.3022832817337461,12.0,,,,,,,
diabetes_130,range_violation,measurement_range_violation,0.1,0,0.0999947591845291,0.0999947591845291,0.01,high,tabular,health,measurement_range_violation,physical_safety,xgboost,76324.0,25442.0,fraction,0.678372811359566,0.0029853812497068,0.09420167962746386,clean held-out test set (no pre-training detector reused),0.5759398496240602,0.2145856870154661,12.0,,,,,,,
diabetes_130,range_violation,measurement_range_violation,0.2,0,0.2000026204077354,0.2000026204077354,0.01,high,tabular,health,measurement_range_violation,physical_safety,logreg,76324.0,25442.0,fraction,0.6064194846940506,0.0013575296518826782,0.097682829763458,clean held-out test set (no pre-training detector reused),0.45723684210526316,0.29276315789473684,12.0,,,,,,,
diabetes_130,range_violation,measurement_range_violation,0.2,0,0.2000026204077354,0.2000026204077354,0.01,high,tabular,health,measurement_range_violation,physical_safety,xgboost,76324.0,25442.0,fraction,0.6793964997648354,0.0008684801986232594,0.09411339000088204,clean held-out test set (no pre-training detector reused),0.5843609022556391,0.20449920137130395,12.0,,,,,,,
diabetes_130,range_violation,measurement_range_violation,0.3,0,0.2999973795922646,0.2999973795922646,0.01,high,tabular,health,measurement_range_violation,physical_safety,logreg,76324.0,25442.0,fraction,0.6040431531179944,0.0011352999135766993,0.09775126024221681,clean held-out test set (no pre-training detector reused),0.45065789473684215,0.28757739938080484,12.0,,,,,,,
diabetes_130,range_violation,measurement_range_violation,0.3,0,0.2999973795922646,0.2999973795922646,0.01,high,tabular,health,measurement_range_violation,physical_safety,xgboost,76324.0,25442.0,fraction,0.6779966849575324,0.0032743918473350027,0.09420947603456582,clean held-out test set (no pre-training detector reused),0.5840601503759397,0.20720557871362355,12.0,,,,,,,
diabetes_130,range_violation,measurement_range_violation,0.4,0,0.4000052408154709,0.4000052408154709,0.01,high,tabular,health,measurement_range_violation,physical_safety,logreg,76324.0,25442.0,fraction,0.6034668550373846,0.001174233062597563,0.09776448631057096,clean held-out test set (no pre-training detector reused),0.45394736842105265,0.29458204334365323,12.0,,,,,,,
diabetes_130,range_violation,measurement_range_violation,0.4,0,0.4000052408154709,0.4000052408154709,0.01,high,tabular,health,measurement_range_violation,physical_safety,xgboost,76324.0,25442.0,fraction,0.6775330409107433,0.0012555365094799509,0.09426439665575077,clean held-out test set (no pre-training detector reused),0.5921804511278195,0.20278624021192881,12.0,,,,,,,
diabetes_130,range_violation,measurement_range_violation,0.0,1,0.0,0.0,0.01,high,tabular,health,measurement_range_violation,physical_safety,logreg,76324.0,25442.0,fraction,0.6433938507353842,0.003643623129067649,0.0960632675259399,clean held-out test set (no pre-training detector reused),0.4974358974358974,0.3040133779264215,12.0,,,,,,,
diabetes_130,range_violation,measurement_range_violation,0.0,1,0.0,0.0,0.01,high,tabular,health,measurement_range_violation,physical_safety,xgboost,76324.0,25442.0,fraction,0.6768383072709911,0.0023120882722224966,0.09436188847728107,clean held-out test set (no pre-training detector reused),0.564753320683112,0.21473385880406748,12.0,,,,,,,
diabetes_130,range_violation,measurement_range_violation,0.03,1,0.0300036685708296,0.0300036685708296,0.01,high,tabular,health,measurement_range_violation,physical_safety,logreg,76324.0,25442.0,fraction,0.61362181596713,0.001480661152076527,0.09745640866207994,clean held-out test set (no pre-training detector reused),0.43076923076923074,0.3909698996655519,12.0,,,,,,,
diabetes_130,range_violation,measurement_range_violation,0.03,1,0.0300036685708296,0.0300036685708296,0.01,high,tabular,health,measurement_range_violation,physical_safety,xgboost,76324.0,25442.0,fraction,0.6774594082769345,0.0027338288239104006,0.09428733490190268,clean held-out test set (no pre-training detector reused),0.5706831119544592,0.20694514708675193,12.0,,,,,,,
diabetes_130,range_violation,measurement_range_violation,0.05,1,0.0499973795922645,0.0499973795922645,0.01,high,tabular,health,measurement_range_violation,physical_safety,logreg,76324.0,25442.0,fraction,0.6076066609218148,0.0008479140338360428,0.09768133929208653,clean held-out test set (no pre-training detector reused),0.3846153846153846,0.45016722408026755,12.0,,,,,,,
diabetes_130,range_violation,measurement_range_violation,0.05,1,0.0499973795922645,0.0499973795922645,0.01,high,tabular,health,measurement_range_violation,physical_safety,xgboost,76324.0,25442.0,fraction,0.676522567420494,0.002821430667411056,0.09435288497374637,clean held-out test set (no pre-training detector reused),0.558111954459203,0.2418880455407969,12.0,,,,,,,
diabetes_130,range_violation,measurement_range_violation,0.1,1,0.0999947591845291,0.0999947591845291,0.01,high,tabular,health,measurement_range_violation,physical_safety,logreg,76324.0,25442.0,fraction,0.6033942976737838,0.0010169860439937961,0.09780911771213056,clean held-out test set (no pre-training detector reused),0.41025641025641024,0.4201783723522854,12.0,,,,,,,
diabetes_130,range_violation,measurement_range_violation,0.1,1,0.0999947591845291,0.0999947591845291,0.01,high,tabular,health,measurement_range_violation,physical_safety,xgboost,76324.0,25442.0,fraction,0.6778316465642303,0.0014667610296532,0.0943556544145999,clean held-out test set (no pre-training detector reused),0.5616698292220115,0.24858658103439868,12.0,,,,,,,
diabetes_130,range_violation,measurement_range_violation,0.2,1,0.2000026204077354,0.2000026204077354,0.01,high,tabular,health,measurement_range_violation,physical_safety,logreg,76324.0,25442.0,fraction,0.5992697169921539,0.0012062463788780433,0.0979218122077477,clean held-out test set (no pre-training detector reused),0.4205128205128205,0.40847268673355636,12.0,,,,,,,
diabetes_130,range_violation,measurement_range_violation,0.2,1,0.2000026204077354,0.2000026204077354,0.01,high,tabular,health,measurement_range_violation,physical_safety,xgboost,76324.0,25442.0,fraction,0.6776066345854864,0.0017665522391217125,0.09431851779995828,clean held-out test set (no pre-training detector reused),0.5664136622390892,0.2102053453302969,12.0,,,,,,,
diabetes_130,range_violation,measurement_range_violation,0.3,1,0.2999973795922646,0.2999973795922646,0.01,high,tabular,health,measurement_range_violation,physical_safety,logreg,76324.0,25442.0,fraction,0.5969846275475157,0.0013700339161369138,0.09798793942244224,clean held-out test set (no pre-training detector reused),0.41025641025641024,0.4201783723522854,12.0,,,,,,,
diabetes_130,range_violation,measurement_range_violation,0.3,1,0.2999973795922646,0.2999973795922646,0.01,high,tabular,health,measurement_range_violation,physical_safety,xgboost,76324.0,25442.0,fraction,0.6760358362314852,0.001565490668447299,0.0944336091783034,clean held-out test set (no pre-training detector reused),0.5856261859582542,0.2041174037853355,12.0,,,,,,,
diabetes_130,range_violation,measurement_range_violation,0.4,1,0.4000052408154709,0.4000052408154709,0.01,high,tabular,health,measurement_range_violation,physical_safety,logreg,76324.0,25442.0,fraction,0.5957037625590197,0.0014863077604982862,0.09802227282447823,clean held-out test set (no pre-training detector reused),0.41025641025641024,0.41438127090301013,12.0,,,,,,,
diabetes_130,range_violation,measurement_range_violation,0.4,1,0.4000052408154709,0.4000052408154709,0.01,high,tabular,health,measurement_range_violation,physical_safety,xgboost,76324.0,25442.0,fraction,0.6772894610413787,0.002810624820396879,0.09431269567141368,clean held-out test set (no pre-training detector reused),0.5630929791271347,0.20613779010363453,12.0,,,,,,,
diabetes_130,range_violation,measurement_range_violation,0.0,2,0.0,0.0,0.01,high,tabular,health,measurement_range_violation,physical_safety,logreg,76324.0,25442.0,fraction,0.6394700806610051,0.002429183478795948,0.09620687459323737,clean held-out test set (no pre-training detector reused),0.4366197183098592,0.30588028169014086,12.0,,,,,,,
diabetes_130,range_violation,measurement_range_violation,0.0,2,0.0,0.0,0.01,high,tabular,health,measurement_range_violation,physical_safety,xgboost,76324.0,25442.0,fraction,0.6730781107290508,0.0020850863426756226,0.09455453364981793,clean held-out test set (no pre-training detector reused),0.4964788732394366,0.2850489045383412,12.0,,,,,,,
diabetes_130,range_violation,measurement_range_violation,0.03,2,0.0300036685708296,0.0300036685708296,0.01,high,tabular,health,measurement_range_violation,physical_safety,logreg,76324.0,25442.0,fraction,0.6124729910434511,0.0028229858256253963,0.09737091417491746,clean held-out test set (no pre-training detector reused),0.29929577464788737,0.40722596448254744,12.0,,,,,,,
diabetes_130,range_violation,measurement_range_violation,0.03,2,0.0300036685708296,0.0300036685708296,0.01,high,tabular,health,measurement_range_violation,physical_safety,xgboost,76324.0,25442.0,fraction,0.6729680279935534,0.003379514565554881,0.09450166940226416,clean held-out test set (no pre-training detector reused),0.5387323943661972,0.2550176056338028,12.0,,,,,,,
diabetes_130,range_violation,measurement_range_violation,0.05,2,0.0499973795922645,0.0499973795922645,0.01,high,tabular,health,measurement_range_violation,physical_safety,logreg,76324.0,25442.0,fraction,0.606881305456574,0.003217636088928732,0.0975927425635673,clean held-out test set (no pre-training detector reused),0.31338028169014087,0.39178276178812,12.0,,,,,,,
diabetes_130,range_violation,measurement_range_violation,0.05,2,0.0499973795922645,0.0499973795922645,0.01,high,tabular,health,measurement_range_violation,physical_safety,xgboost,76324.0,25442.0,fraction,0.6736996558683409,0.002274608703508944,0.09456375340278213,clean held-out test set (no pre-training detector reused),0.5140845070422535,0.27119327073552424,12.0,,,,,,,
diabetes_130,range_violation,measurement_range_violation,0.1,2,0.0999947591845291,0.0999947591845291,0.01,high,tabular,health,measurement_range_violation,physical_safety,logreg,76324.0,25442.0,fraction,0.6033252933769573,0.0029162163086585598,0.09769471105744928,clean held-out test set (no pre-training detector reused),0.31690140845070425,0.3844874804381846,12.0,,,,,,,
diabetes_130,range_violation,measurement_range_violation,0.1,2,0.0999947591845291,0.0999947591845291,0.01,high,tabular,health,measurement_range_violation,physical_safety,xgboost,76324.0,25442.0,fraction,0.6722967710866762,0.0021467374526771073,0.09466790021458464,clean held-out test set (no pre-training detector reused),0.5422535211267605,0.24121870109546173,12.0,,,,,,,
diabetes_130,range_violation,measurement_range_violation,0.2,2,0.2000026204077354,0.2000026204077354,0.01,high,tabular,health,measurement_range_violation,physical_safety,logreg,76324.0,25442.0,fraction,0.5984731287715395,0.003868628108648107,0.09786162167195422,clean held-out test set (no pre-training detector reused),0.323943661971831,0.3727652752262367,12.0,,,,,,,
diabetes_130,range_violation,measurement_range_violation,0.2,2,0.2000026204077354,0.2000026204077354,0.01,high,tabular,health,measurement_range_violation,physical_safety,xgboost,76324.0,25442.0,fraction,0.6730055689490764,0.0028739309701942676,0.09467066710314552,clean held-out test set (no pre-training detector reused),0.556338028169014,0.22768974960876387,12.0,,,,,,,
diabetes_130,range_violation,measurement_range_violation,0.3,2,0.2999973795922646,0.2999973795922646,0.01,high,tabular,health,measurement_range_violation,physical_safety,logreg,76324.0,25442.0,fraction,0.597808923455519,0.004295221581660265,0.0978706500687485,clean held-out test set (no pre-training detector reused),0.3204225352112676,0.37824896237327355,12.0,,,,,,,
diabetes_130,range_violation,measurement_range_violation,0.3,2,0.2999973795922646,0.2999973795922646,0.01,high,tabular,health,measurement_range_violation,physical_safety,xgboost,76324.0,25442.0,fraction,0.6739432513213317,0.002137490034615281,0.09458906552398451,clean held-out test set (no pre-training detector reused),0.5598591549295775,0.22736306729264466,12.0,,,,,,,
diabetes_130,range_violation,measurement_range_violation,0.4,2,0.4000052408154709,0.4000052408154709,0.01,high,tabular,health,measurement_range_violation,physical_safety,logreg,76324.0,25442.0,fraction,0.5975618762293241,0.004237350515294226,0.0978771906064739,clean held-out test set (no pre-training detector reused),0.3204225352112676,0.37613543580322517,12.0,,,,,,,
diabetes_130,range_violation,measurement_range_violation,0.4,2,0.4000052408154709,0.4000052408154709,0.01,high,tabular,health,measurement_range_violation,physical_safety,xgboost,76324.0,25442.0,fraction,0.6724748295996705,0.0025566298664029107,0.09464877410539446,clean held-out test set (no pre-training detector reused),0.5704225352112676,0.2094385758998435,12.0,,,,,,,
diabetes_130,range_violation,measurement_range_violation,0.0,3,0.0,0.0,0.01,high,tabular,health,measurement_range_violation,physical_safety,logreg,76324.0,25442.0,fraction,0.6463074434084121,0.0027164287350690767,0.09579875334686215,clean held-out test set (no pre-training detector reused),0.4821203953279425,0.24688454468617183,12.0,,,,,,,
diabetes_130,range_violation,measurement_range_violation,0.0,3,0.0,0.0,0.01,high,tabular,health,measurement_range_violation,physical_safety,xgboost,76324.0,25442.0,fraction,0.6756987857721556,0.0031408424834465233,0.09401417323681896,clean held-out test set (no pre-training detector reused),0.578796046720575,0.18108398150807703,12.0,,,,,,,
diabetes_130,range_violation,measurement_range_violation,0.03,3,0.0300036685708296,0.0300036685708296,0.01,high,tabular,health,measurement_range_violation,physical_safety,logreg,76324.0,25442.0,fraction,0.6149205397912545,0.0020428763273462585,0.09727844089978234,clean held-out test set (no pre-training detector reused),0.4691823899371069,0.20407096221532783,12.0,,,,,,,
diabetes_130,range_violation,measurement_range_violation,0.03,3,0.0300036685708296,0.0300036685708296,0.01,high,tabular,health,measurement_range_violation,physical_safety,xgboost,76324.0,25442.0,fraction,0.6737656836925626,0.0034619315182773205,0.0941076991508021,clean held-out test set (no pre-training detector reused),0.5632183908045977,0.20036664800979898,12.0,,,,,,,
diabetes_130,range_violation,measurement_range_violation,0.05,3,0.0499973795922645,0.0499973795922645,0.01,high,tabular,health,measurement_range_violation,physical_safety,logreg,76324.0,25442.0,fraction,0.6090284953929423,0.00034278739933474485,0.09748592282086384,clean held-out test set (no pre-training detector reused),0.4716981132075472,0.19626236667953822,12.0,,,,,,,
diabetes_130,range_violation,measurement_range_violation,0.05,3,0.0499973795922645,0.0499973795922645,0.01,high,tabular,health,measurement_range_violation,physical_safety,xgboost,76324.0,25442.0,fraction,0.67510217443479,0.0033733931832189944,0.09405751290283879,clean held-out test set (no pre-training detector reused),0.5660919540229885,0.19661093941384977,12.0,,,,,,,
diabetes_130,range_violation,measurement_range_violation,0.1,3,0.0999947591845291,0.0999947591845291,0.01,high,tabular,health,measurement_range_violation,physical_safety,logreg,76324.0,25442.0,fraction,0.6053083565621566,0.00043297319121203694,0.0975918711718152,clean held-out test set (no pre-training detector reused),0.47133872416891287,0.19079959622628817,12.0,,,,,,,
diabetes_130,range_violation,measurement_range_violation,0.1,3,0.0999947591845291,0.0999947591845291,0.01,high,tabular,health,measurement_range_violation,physical_safety,xgboost,76324.0,25442.0,fraction,0.6761990123814559,0.002312423799537773,0.09412607370833348,clean held-out test set (no pre-training detector reused),0.5692722371967655,0.19060779103188663,12.0,,,,,,,
diabetes_130,range_violation,measurement_range_violation,0.2,3,0.2000026204077354,0.2000026204077354,0.01,high,tabular,health,measurement_range_violation,physical_safety,logreg,76324.0,25442.0,fraction,0.6015528740671428,0.0013151939649666121,0.09770509618398632,clean held-out test set (no pre-training detector reused),0.4731356693620844,0.1904140836372099,12.0,,,,,,,
diabetes_130,range_violation,measurement_range_violation,0.2,3,0.2000026204077354,0.2000026204077354,0.01,high,tabular,health,measurement_range_violation,physical_safety,xgboost,76324.0,25442.0,fraction,0.6763189595523399,0.002188767406806296,0.09410217210336057,clean held-out test set (no pre-training detector reused),0.5862068965517241,0.1609702382400896,12.0,,,,,,,
diabetes_130,range_violation,measurement_range_violation,0.3,3,0.2999973795922646,0.2999973795922646,0.01,high,tabular,health,measurement_range_violation,physical_safety,logreg,76324.0,25442.0,fraction,0.5991301032850019,0.0013209524196365631,0.09779052073157399,clean held-out test set (no pre-training detector reused),0.4716981132075472,0.18991091996111908,12.0,,,,,,,
diabetes_130,range_violation,measurement_range_violation,0.3,3,0.2999973795922646,0.2999973795922646,0.01,high,tabular,health,measurement_range_violation,physical_safety,xgboost,76324.0,25442.0,fraction,0.6758713744323529,0.0026317528903934684,0.09413809005330395,clean held-out test set (no pre-training detector reused),0.5901168014375562,0.16111820209102534,12.0,,,,,,,
diabetes_130,range_violation,measurement_range_violation,0.4,3,0.4000052408154709,0.4000052408154709,0.01,high,tabular,health,measurement_range_violation,physical_safety,logreg,76324.0,25442.0,fraction,0.5983543036217422,0.002700986663528894,0.09779466420969841,clean held-out test set (no pre-training detector reused),0.4724168912848158,0.18478141499605927,12.0,,,,,,,
diabetes_130,range_violation,measurement_range_violation,0.4,3,0.4000052408154709,0.4000052408154709,0.01,high,tabular,health,measurement_range_violation,physical_safety,xgboost,76324.0,25442.0,fraction,0.6777354722151191,0.0028613980677734047,0.09400738076197608,clean held-out test set (no pre-training detector reused),0.5940700808625338,0.17145567778249082,12.0,,,,,,,
diabetes_130,range_violation,measurement_range_violation,0.0,4,0.0,0.0,0.01,high,tabular,health,measurement_range_violation,physical_safety,logreg,76324.0,25442.0,fraction,0.6496788674356553,0.009277605719172879,0.09620948953714482,clean held-out test set (no pre-training detector reused),0.5092879256965945,0.2550362275164476,12.0,,,,,,,
diabetes_130,range_violation,measurement_range_violation,0.0,4,0.0,0.0,0.01,high,tabular,health,measurement_range_violation,physical_safety,xgboost,76324.0,25442.0,fraction,0.6750904321724462,0.004751755839083983,0.09470404350659184,clean held-out test set (no pre-training detector reused),0.568503937007874,0.21969050743657037,12.0,,,,,,,
diabetes_130,range_violation,measurement_range_violation,0.03,4,0.0300036685708296,0.0300036685708296,0.01,high,tabular,health,measurement_range_violation,physical_safety,logreg,76324.0,25442.0,fraction,0.622737894456058,0.005145297734630353,0.09723997804385444,clean held-out test set (no pre-training detector reused),0.5131721400216528,0.20208585301411808,12.0,,,,,,,
diabetes_130,range_violation,measurement_range_violation,0.03,4,0.0300036685708296,0.0300036685708296,0.01,high,tabular,health,measurement_range_violation,physical_safety,xgboost,76324.0,25442.0,fraction,0.6756183820527616,0.004529675369051883,0.09466280200459627,clean held-out test set (no pre-training detector reused),0.5923228346456693,0.19463506342333992,12.0,,,,,,,
diabetes_130,range_violation,measurement_range_violation,0.05,4,0.0499973795922645,0.0499973795922645,0.01,high,tabular,health,measurement_range_violation,physical_safety,logreg,76324.0,25442.0,fraction,0.6189642570365175,0.005275702407199461,0.09735537462282574,clean held-out test set (no pre-training detector reused),0.5106459761818838,0.19938884496404852,12.0,,,,,,,
diabetes_130,range_violation,measurement_range_violation,0.05,4,0.0499973795922645,0.0499973795922645,0.01,high,tabular,health,measurement_range_violation,physical_safety,xgboost,76324.0,25442.0,fraction,0.6763425064115324,0.003972927443788574,0.09460392144595511,clean held-out test set (no pre-training detector reused),0.5867917719234933,0.23959711696539565,12.0,,,,,,,
diabetes_130,range_violation,measurement_range_violation,0.1,4,0.0999947591845291,0.0999947591845291,0.01,high,tabular,health,measurement_range_violation,physical_safety,logreg,76324.0,25442.0,fraction,0.614683653089344,0.0048104399979792605,0.0975042445973152,clean held-out test set (no pre-training detector reused),0.504150126308192,0.20176946850029176,12.0,,,,,,,
diabetes_130,range_violation,measurement_range_violation,0.1,4,0.0999947591845291,0.0999947591845291,0.01,high,tabular,health,measurement_range_violation,physical_safety,xgboost,76324.0,25442.0,fraction,0.6747736014681147,0.0032777039089798296,0.09465690004033461,clean held-out test set (no pre-training detector reused),0.6031496062992125,0.1989337270341207,12.0,,,,,,,
diabetes_130,range_violation,measurement_range_violation,0.2,4,0.2000026204077354,0.2000026204077354,0.01,high,tabular,health,measurement_range_violation,physical_safety,logreg,76324.0,25442.0,fraction,0.6100672375811239,0.0028860402596160356,0.09761669080167121,clean held-out test set (no pre-training detector reused),0.4990977986286539,0.20460590507504983,12.0,,,,,,,
diabetes_130,range_violation,measurement_range_violation,0.2,4,0.2000026204077354,0.2000026204077354,0.01,high,tabular,health,measurement_range_violation,physical_safety,xgboost,76324.0,25442.0,fraction,0.6759320259055345,0.004518053417155766,0.0946794707752054,clean held-out test set (no pre-training detector reused),0.5996062992125983,0.17437280809984235,12.0,,,,,,,
diabetes_130,range_violation,measurement_range_violation,0.3,4,0.2999973795922646,0.2999973795922646,0.01,high,tabular,health,measurement_range_violation,physical_safety,logreg,76324.0,25442.0,fraction,0.6077807144428752,0.0023428451758898657,0.09769095784818924,clean held-out test set (no pre-training detector reused),0.4998195597257308,0.20103514112897003,12.0,,,,,,,
diabetes_130,range_violation,measurement_range_violation,0.3,4,0.2999973795922646,0.2999973795922646,0.01,high,tabular,health,measurement_range_violation,physical_safety,xgboost,76324.0,25442.0,fraction,0.6759830389059098,0.0053185208887798876,0.09467633419007511,clean held-out test set (no pre-training detector reused),0.5871526524720317,0.20091319114936756,12.0,,,,,,,
diabetes_130,range_violation,measurement_range_violation,0.4,4,0.4000052408154709,0.4000052408154709,0.01,high,tabular,health,measurement_range_violation,physical_safety,logreg,76324.0,25442.0,fraction,0.6080615625543041,0.0023742439595582816,0.09768190180876715,clean held-out test set (no pre-training detector reused),0.5005413208228077,0.20047165796794897,12.0,,,,,,,
diabetes_130,range_violation,measurement_range_violation,0.4,4,0.4000052408154709,0.4000052408154709,0.01,high,tabular,health,measurement_range_violation,physical_safety,xgboost,76324.0,25442.0,fraction,0.6758082373707917,0.0051077505347846336,0.09471330893750185,clean held-out test set (no pre-training detector reused),0.5881889763779528,0.23125546806649167,12.0,,,,,,,
diabetes_130,subgroup_dropout,representation_imbalance,0.0,0,0.0,0.6510290715521049,0.1,high,tabular,health,representation_imbalance,content_safety,logreg,76324.0,25442.0,fraction,0.6485537763746835,0.004617730827862116,0.09567269392442873,clean held-out test set (no pre-training detector reused),0.5449624060150375,0.285919946926139,12.0,,,,,,,
diabetes_130,subgroup_dropout,representation_imbalance,0.0,0,0.0,0.6510290715521049,0.1,high,tabular,health,representation_imbalance,content_safety,xgboost,76324.0,25442.0,fraction,0.676756726987819,0.0011996796529846361,0.09420785749485346,clean held-out test set (no pre-training detector reused),0.5897744360902256,0.1955196815568332,12.0,,,,,,,
diabetes_130,subgroup_dropout,representation_imbalance,0.03,0,0.0298165137614678,0.6513697245577126,0.1,high,tabular,health,representation_imbalance,content_safety,logreg,76324.0,25442.0,fraction,0.6484796918157149,0.004823509664986505,0.09567320733389187,clean held-out test set (no pre-training detector reused),0.5461654135338345,0.284716939407342,12.0,,,,,,,
diabetes_130,subgroup_dropout,representation_imbalance,0.03,0,0.0298165137614678,0.6513697245577126,0.1,high,tabular,health,representation_imbalance,content_safety,xgboost,76324.0,25442.0,fraction,0.6776093773036983,0.0014803008794363965,0.0942135500168511,clean held-out test set (no pre-training detector reused),0.5861654135338346,0.20843118158089535,12.0,,,,,,,
diabetes_130,subgroup_dropout,representation_imbalance,0.05,0,0.0504587155963302,0.6516055612539026,0.1,high,tabular,health,representation_imbalance,content_safety,logreg,76324.0,25442.0,fraction,0.6484616927274505,0.004755246953750905,0.09567404234150513,clean held-out test set (no pre-training detector reused),0.5446616541353384,0.29063246351172045,12.0,,,,,,,
diabetes_130,subgroup_dropout,representation_imbalance,0.05,0,0.0504587155963302,0.6516055612539026,0.1,high,tabular,health,representation_imbalance,content_safety,xgboost,76324.0,25442.0,fraction,0.6783381923339561,0.0014069720071311948,0.09415943380311634,clean held-out test set (no pre-training detector reused),0.5777443609022557,0.21611204176243715,12.0,,,,,,,
diabetes_130,subgroup_dropout,representation_imbalance,0.1,0,0.0997706422018348,0.6521689489170229,0.1,high,tabular,health,representation_imbalance,content_safety,logreg,76324.0,25442.0,fraction,0.6486398759094546,0.004493493712917934,0.0956736885661999,clean held-out test set (no pre-training detector reused),0.5452631578947369,0.2856191950464396,12.0,,,,,,,
diabetes_130,subgroup_dropout,representation_imbalance,0.1,0,0.0997706422018348,0.6521689489170229,0.1,high,tabular,health,representation_imbalance,content_safety,xgboost,76324.0,25442.0,fraction,0.6776873266019653,0.0009705676948968718,0.09419322741417051,clean held-out test set (no pre-training detector reused),0.5642105263157895,0.25815789473684214,12.0,,,,,,,
diabetes_130,subgroup_dropout,representation_imbalance,0.2,0,0.1995412844036697,0.6533088262819409,0.1,high,tabular,health,representation_imbalance,content_safety,logreg,76324.0,25442.0,fraction,0.6482380365241862,0.005003893390412757,0.09568050637412949,clean held-out test set (no pre-training detector reused),0.546766917293233,0.28705661211853173,12.0,,,,,,,
diabetes_130,subgroup_dropout,representation_imbalance,0.2,0,0.1995412844036697,0.6533088262819409,0.1,high,tabular,health,representation_imbalance,content_safety,xgboost,76324.0,25442.0,fraction,0.6783630170504973,0.0022003250014645615,0.09420269486506444,clean held-out test set (no pre-training detector reused),0.5794190871369295,0.22979143917886002,12.0,,,,,,,
diabetes_130,subgroup_dropout,representation_imbalance,0.3,0,0.3004587155963302,0.6544618056855361,0.1,high,tabular,health,representation_imbalance,content_safety,logreg,76324.0,25442.0,fraction,0.6486354657432392,0.0048497350734488425,0.09567298577714564,clean held-out test set (no pre-training detector reused),0.549172932330827,0.28170942061034954,12.0,,,,,,,
diabetes_130,subgroup_dropout,representation_imbalance,0.3,0,0.3004587155963302,0.6544618056855361,0.1,high,tabular,health,representation_imbalance,content_safety,xgboost,76324.0,25442.0,fraction,0.6784712375426636,0.0019702779381873337,0.0941391760669898,clean held-out test set (no pre-training detector reused),0.5762406015037593,0.2494172932330827,12.0,,,,,,,
diabetes_130,subgroup_dropout,representation_imbalance,0.4,0,0.4002293577981651,0.6556016830504541,0.1,high,tabular,health,representation_imbalance,content_safety,logreg,76324.0,25442.0,fraction,0.6484691261171494,0.0044905043364688755,0.09567800568681689,clean held-out test set (no pre-training detector reused),0.5474509803921569,0.28784313725490196,12.0,,,,,,,
diabetes_130,subgroup_dropout,representation_imbalance,0.4,0,0.4002293577981651,0.6556016830504541,0.1,high,tabular,health,representation_imbalance,content_safety,xgboost,76324.0,25442.0,fraction,0.6769023559746852,0.0011621627141199839,0.0942434814554386,clean held-out test set (no pre-training detector reused),0.6112863070539418,0.1816448550482047,12.0,,,,,,,
diabetes_130,subgroup_dropout,representation_imbalance,0.0,1,0.0,0.6503346635022126,0.1,high,tabular,health,representation_imbalance,content_safety,logreg,76324.0,25442.0,fraction,0.6433938507353842,0.003643623129067649,0.0960632675259399,clean held-out test set (no pre-training detector reused),0.4974358974358974,0.3040133779264215,12.0,,,,,,,
diabetes_130,subgroup_dropout,representation_imbalance,0.0,1,0.0,0.6503346635022126,0.1,high,tabular,health,representation_imbalance,content_safety,xgboost,76324.0,25442.0,fraction,0.6768383072709911,0.0023120882722224966,0.09436188847728107,clean held-out test set (no pre-training detector reused),0.564753320683112,0.21473385880406748,12.0,,,,,,,
diabetes_130,subgroup_dropout,representation_imbalance,0.03,1,0.0300925925925925,0.6506753165078202,0.1,high,tabular,health,representation_imbalance,content_safety,logreg,76324.0,25442.0,fraction,0.6433911236007988,0.003578726611102569,0.09606109998432195,clean held-out test set (no pre-training detector reused),0.4974358974358974,0.3054626532887403,12.0,,,,,,,
diabetes_130,subgroup_dropout,representation_imbalance,0.03,1,0.0300925925925925,0.6506753165078202,0.1,high,tabular,health,representation_imbalance,content_safety,xgboost,76324.0,25442.0,fraction,0.677757351626308,0.0022833288192445024,0.09426996935562497,clean held-out test set (no pre-training detector reused),0.5505218216318786,0.23922176811171125,12.0,,,,,,,
diabetes_130,subgroup_dropout,representation_imbalance,0.05,1,0.0497685185185185,0.650898051165333,0.1,high,tabular,health,representation_imbalance,content_safety,logreg,76324.0,25442.0,fraction,0.6434927755945204,0.003778005135427681,0.09606323014826636,clean held-out test set (no pre-training detector reused),0.4974358974358974,0.3083612040133779,12.0,,,,,,,
diabetes_130,subgroup_dropout,representation_imbalance,0.05,1,0.0497685185185185,0.650898051165333,0.1,high,tabular,health,representation_imbalance,content_safety,xgboost,76324.0,25442.0,fraction,0.6756848618021432,0.0013788473114729252,0.0944178275081079,clean held-out test set (no pre-training detector reused),0.5846774193548387,0.27173283705541773,12.0,,,,,,,
diabetes_130,subgroup_dropout,representation_imbalance,0.1,1,0.099537037037037,0.6514614388284533,0.1,high,tabular,health,representation_imbalance,content_safety,logreg,76324.0,25442.0,fraction,0.6432731711340689,0.003875554909123605,0.09606909047041436,clean held-out test set (no pre-training detector reused),0.4974358974358974,0.3054626532887403,12.0,,,,,,,
diabetes_130,subgroup_dropout,representation_imbalance,0.1,1,0.099537037037037,0.6514614388284533,0.1,high,tabular,health,representation_imbalance,content_safety,xgboost,76324.0,25442.0,fraction,0.6786059579911877,0.001734614319834034,0.09424628952505684,clean held-out test set (no pre-training detector reused),0.5801707779886148,0.20957281175497489,12.0,,,,,,,
diabetes_130,subgroup_dropout,representation_imbalance,0.2,1,0.2002314814814814,0.6526013161933713,0.1,high,tabular,health,representation_imbalance,content_safety,logreg,76324.0,25442.0,fraction,0.6432215425804586,0.003819552491473662,0.0960692183834937,clean held-out test set (no pre-training detector reused),0.4974358974358974,0.3054626532887403,12.0,,,,,,,
diabetes_130,subgroup_dropout,representation_imbalance,0.2,1,0.2002314814814814,0.6526013161933713,0.1,high,tabular,health,representation_imbalance,content_safety,xgboost,76324.0,25442.0,fraction,0.6780975889371962,0.0018094703151712078,0.09438549770556673,clean held-out test set (no pre-training detector reused),0.6086337760910816,0.18623801878071333,12.0,,,,,,,
diabetes_130,subgroup_dropout,representation_imbalance,0.3,1,0.2997685185185185,0.653728091519612,0.1,high,tabular,health,representation_imbalance,content_safety,logreg,76324.0,25442.0,fraction,0.6435348981361468,0.004304840805002378,0.09605771676030926,clean held-out test set (no pre-training detector reused),0.4923076923076922,0.31059085841694556,12.0,,,,,,,
diabetes_130,subgroup_dropout,representation_imbalance,0.3,1,0.2997685185185185,0.653728091519612,0.1,high,tabular,health,representation_imbalance,content_safety,xgboost,76324.0,25442.0,fraction,0.6782187516309238,0.0015108057515350604,0.09426344896913151,clean held-out test set (no pre-training detector reused),0.5713946869070209,0.26450274899041504,12.0,,,,,,,
diabetes_130,subgroup_dropout,representation_imbalance,0.4,1,0.4004629629629629,0.6548679688845299,0.1,high,tabular,health,representation_imbalance,content_safety,logreg,76324.0,25442.0,fraction,0.6433981985670949,0.00359955331101211,0.09606219007460437,clean held-out test set (no pre-training detector reused),0.4923076923076923,0.30769230769230776,12.0,,,,,,,
diabetes_130,subgroup_dropout,representation_imbalance,0.4,1,0.4004629629629629,0.6548679688845299,0.1,high,tabular,health,representation_imbalance,content_safety,xgboost,76324.0,25442.0,fraction,0.6771293548657699,0.0015066904637587209,0.09427561970825295,clean held-out test set (no pre-training detector reused),0.5958254269449715,0.1939181627986183,12.0,,,,,,,
diabetes_130,subgroup_dropout,representation_imbalance,0.0,2,0.0,0.6503739696182441,0.1,high,tabular,health,representation_imbalance,content_safety,logreg,76324.0,25442.0,fraction,0.6394700806610051,0.002429183478795948,0.09620687459323737,clean held-out test set (no pre-training detector reused),0.4366197183098592,0.30588028169014086,12.0,,,,,,,
diabetes_130,subgroup_dropout,representation_imbalance,0.0,2,0.0,0.6503739696182441,0.1,high,tabular,health,representation_imbalance,content_safety,xgboost,76324.0,25442.0,fraction,0.6730781107290508,0.0020850863426756226,0.09455453364981793,clean held-out test set (no pre-training detector reused),0.4964788732394366,0.2850489045383412,12.0,,,,,,,
diabetes_130,subgroup_dropout,representation_imbalance,0.03,2,0.0300230946882217,0.6507146226238517,0.1,high,tabular,health,representation_imbalance,content_safety,logreg,76324.0,25442.0,fraction,0.6394677119498222,0.0024886385376282926,0.09620895189631083,clean held-out test set (no pre-training detector reused),0.44366197183098594,0.29814358372456956,12.0,,,,,,,
diabetes_130,subgroup_dropout,representation_imbalance,0.03,2,0.0300230946882217,0.6507146226238517,0.1,high,tabular,health,representation_imbalance,content_safety,xgboost,76324.0,25442.0,fraction,0.671892882454562,0.0036958765287794814,0.09473885490787201,clean held-out test set (no pre-training detector reused),0.5352112676056338,0.24659428794992178,12.0,,,,,,,
diabetes_130,subgroup_dropout,representation_imbalance,0.05,2,0.0496535796766743,0.6509373572813645,0.1,high,tabular,health,representation_imbalance,content_safety,logreg,76324.0,25442.0,fraction,0.6395303892944103,0.0025231722360415714,0.09620840441145614,clean held-out test set (no pre-training detector reused),0.4471830985915493,0.29545579029733954,12.0,,,,,,,
diabetes_130,subgroup_dropout,representation_imbalance,0.05,2,0.0496535796766743,0.6509373572813645,0.1,high,tabular,health,representation_imbalance,content_safety,xgboost,76324.0,25442.0,fraction,0.6732777759397758,0.0024204857006233315,0.0946040794213348,clean held-out test set (no pre-training detector reused),0.5316901408450704,0.24636541471048523,12.0,,,,,,,
diabetes_130,subgroup_dropout,representation_imbalance,0.1,2,0.1004618937644341,0.6515138469831621,0.1,high,tabular,health,representation_imbalance,content_safety,logreg,76324.0,25442.0,fraction,0.6393768126581807,0.002577243662923783,0.09621173159915972,clean held-out test set (no pre-training detector reused),0.4507042253521127,0.29137910798122063,12.0,,,,,,,
diabetes_130,subgroup_dropout,representation_imbalance,0.1,2,0.1004618937644341,0.6515138469831621,0.1,high,tabular,health,representation_imbalance,content_safety,xgboost,76324.0,25442.0,fraction,0.6730220174665335,0.0026393094646288548,0.09458278586334296,clean held-out test set (no pre-training detector reused),0.5774647887323944,0.20795187793427228,12.0,,,,,,,
diabetes_130,subgroup_dropout,representation_imbalance,0.2,2,0.1997690531177829,0.6526406223094028,0.1,high,tabular,health,representation_imbalance,content_safety,logreg,76324.0,25442.0,fraction,0.6394882667527838,0.0023753203190336864,0.09621057397154503,clean held-out test set (no pre-training detector reused),0.4507042253521127,0.29137910798122063,12.0,,,,,,,
diabetes_130,subgroup_dropout,representation_imbalance,0.2,2,0.1997690531177829,0.6526406223094028,0.1,high,tabular,health,representation_imbalance,content_safety,xgboost,76324.0,25442.0,fraction,0.6723528643491934,0.0035546276533409407,0.09469669966566613,clean held-out test set (no pre-training detector reused),0.5176056338028169,0.28239436619718317,12.0,,,,,,,
diabetes_130,subgroup_dropout,representation_imbalance,0.3,2,0.3002309468822171,0.6537804996743208,0.1,high,tabular,health,representation_imbalance,content_safety,logreg,76324.0,25442.0,fraction,0.6395798517239784,0.0023186622841330677,0.09620196674358457,clean held-out test set (no pre-training detector reused),0.4471830985915493,0.2929557902973396,12.0,,,,,,,
diabetes_130,subgroup_dropout,representation_imbalance,0.3,2,0.3002309468822171,0.6537804996743208,0.1,high,tabular,health,representation_imbalance,content_safety,xgboost,76324.0,25442.0,fraction,0.6723131494778154,0.0027656136843302666,0.09453380192226495,clean held-out test set (no pre-training detector reused),0.5528169014084507,0.23593309859154932,12.0,,,,,,,
diabetes_130,subgroup_dropout,representation_imbalance,0.4,2,0.3995381062355658,0.6549072750005616,0.1,high,tabular,health,representation_imbalance,content_safety,logreg,76324.0,25442.0,fraction,0.6397233613376812,0.0022692081128752196,0.09619648855805574,clean held-out test set (no pre-training detector reused),0.426056338028169,0.31519366197183096,12.0,,,,,,,
diabetes_130,subgroup_dropout,representation_imbalance,0.4,2,0.3995381062355658,0.6549072750005616,0.1,high,tabular,health,representation_imbalance,content_safety,xgboost,76324.0,25442.0,fraction,0.6718979003821994,0.0027713672613474526,0.09460415391423603,clean held-out test set (no pre-training detector reused),0.5845070422535211,0.21118740219092336,12.0,,,,,,,
diabetes_130,subgroup_dropout,representation_imbalance,0.0,3,0.0,0.6502953573861808,0.1,high,tabular,health,representation_imbalance,content_safety,logreg,76324.0,25442.0,fraction,0.6463074434084121,0.0027164287350690767,0.09579875334686215,clean held-out test set (no pre-training detector reused),0.4821203953279425,0.24688454468617183,12.0,,,,,,,
diabetes_130,subgroup_dropout,representation_imbalance,0.0,3,0.0,0.6502953573861808,0.1,high,tabular,health,representation_imbalance,content_safety,xgboost,76324.0,25442.0,fraction,0.6756987857721556,0.0031408424834465233,0.09401417323681896,clean held-out test set (no pre-training detector reused),0.578796046720575,0.18108398150807703,12.0,,,,,,,
diabetes_130,subgroup_dropout,representation_imbalance,0.03,3,0.0305164319248826,0.6506360103917884,0.1,high,tabular,health,representation_imbalance,content_safety,logreg,76324.0,25442.0,fraction,0.6462311303908963,0.0027711409898825636,0.09579816692180207,clean held-out test set (no pre-training detector reused),0.48301886792452825,0.24686821746714432,12.0,,,,,,,
diabetes_130,subgroup_dropout,representation_imbalance,0.03,3,0.0305164319248826,0.6506360103917884,0.1,high,tabular,health,representation_imbalance,content_safety,xgboost,76324.0,25442.0,fraction,0.6736402666688817,0.0035929741594794215,0.09417130017594656,clean held-out test set (no pre-training detector reused),0.5747126436781609,0.17775736337900216,12.0,,,,,,,
diabetes_130,subgroup_dropout,representation_imbalance,0.05,3,0.0504694835680751,0.6508587450493012,0.1,high,tabular,health,representation_imbalance,content_safety,logreg,76324.0,25442.0,fraction,0.6463253178276669,0.0024393387953978167,0.0957972238941428,clean held-out test set (no pre-training detector reused),0.48158131176999097,0.24742362824412334,12.0,,,,,,,
diabetes_130,subgroup_dropout,representation_imbalance,0.05,3,0.0504694835680751,0.6508587450493012,0.1,high,tabular,health,representation_imbalance,content_safety,xgboost,76324.0,25442.0,fraction,0.6748613294918241,0.0018130737433640358,0.094107679881003,clean held-out test set (no pre-training detector reused),0.5431034482758621,0.20707298079964953,12.0,,,,,,,
diabetes_130,subgroup_dropout,representation_imbalance,0.1,3,0.0997652582159624,0.6514090306737443,0.1,high,tabular,health,representation_imbalance,content_safety,logreg,76324.0,25442.0,fraction,0.6464872161202888,0.0027801680182776086,0.09579168320173988,clean held-out test set (no pre-training detector reused),0.48355795148247976,0.2457998466826578,12.0,,,,,,,
diabetes_130,subgroup_dropout,representation_imbalance,0.1,3,0.0997652582159624,0.6514090306737443,0.1,high,tabular,health,representation_imbalance,content_safety,xgboost,76324.0,25442.0,fraction,0.6759463628416411,0.002590624099903655,0.09402090871087024,clean held-out test set (no pre-training detector reused),0.5459770114942528,0.2151380202629808,12.0,,,,,,,
diabetes_130,subgroup_dropout,representation_imbalance,0.2,3,0.1995305164319248,0.6525227039613078,0.1,high,tabular,health,representation_imbalance,content_safety,logreg,76324.0,25442.0,fraction,0.646087402606427,0.002677239033282393,0.09580307322297903,clean held-out test set (no pre-training detector reused),0.48104222821203946,0.24831556995309811,12.0,,,,,,,
diabetes_130,subgroup_dropout,representation_imbalance,0.2,3,0.1995305164319248,0.6525227039613078,0.1,high,tabular,health,representation_imbalance,content_safety,xgboost,76324.0,25442.0,fraction,0.6764789644343782,0.0018722895653389099,0.09399241238572001,clean held-out test set (no pre-training detector reused),0.5833333333333334,0.16719595389320152,12.0,,,,,,,
diabetes_130,subgroup_dropout,representation_imbalance,0.3,3,0.3004694835680751,0.6536494792875487,0.1,high,tabular,health,representation_imbalance,content_safety,logreg,76324.0,25442.0,fraction,0.6464764166673302,0.0030584859862824417,0.09579063170443733,clean held-out test set (no pre-training detector reused),0.47960467205750223,0.24975312610763545,12.0,,,,,,,
diabetes_130,subgroup_dropout,representation_imbalance,0.3,3,0.3004694835680751,0.6536494792875487,0.1,high,tabular,health,representation_imbalance,content_safety,xgboost,76324.0,25442.0,fraction,0.6762377610680095,0.002183634304492689,0.09395502216268381,clean held-out test set (no pre-training detector reused),0.5201149425287357,0.2376479367937766,12.0,,,,,,,
diabetes_130,subgroup_dropout,representation_imbalance,0.4,3,0.4002347417840375,0.6547631525751122,0.1,high,tabular,health,representation_imbalance,content_safety,logreg,76324.0,25442.0,fraction,0.646343613004829,0.0030020119816236393,0.09580375487568255,clean held-out test set (no pre-training detector reused),0.48194070080862533,0.24671138105446572,12.0,,,,,,,
diabetes_130,subgroup_dropout,representation_imbalance,0.4,3,0.4002347417840375,0.6547631525751122,0.1,high,tabular,health,representation_imbalance,content_safety,xgboost,76324.0,25442.0,fraction,0.6764154767412276,0.0019187437502090259,0.09403284997117514,clean held-out test set (no pre-training detector reused),0.5172413793103448,0.250754386391843,12.0,,,,,,,
diabetes_130,subgroup_dropout,representation_imbalance,0.0,4,0.0,0.6508718470879785,0.1,high,tabular,health,representation_imbalance,content_safety,logreg,76324.0,25442.0,fraction,0.6496788674356553,0.009277605719172879,0.09620948953714482,clean held-out test set (no pre-training detector reused),0.5092879256965945,0.2550362275164476,12.0,,,,,,,
diabetes_130,subgroup_dropout,representation_imbalance,0.0,4,0.0,0.6508718470879785,0.1,high,tabular,health,representation_imbalance,content_safety,xgboost,76324.0,25442.0,fraction,0.6750904321724462,0.004751755839083983,0.09470404350659184,clean held-out test set (no pre-training detector reused),0.568503937007874,0.21969050743657037,12.0,,,,,,,
diabetes_130,subgroup_dropout,representation_imbalance,0.03,4,0.0300925925925925,0.6512125000935861,0.1,high,tabular,health,representation_imbalance,content_safety,logreg,76324.0,25442.0,fraction,0.6496324438131968,0.009176596535719709,0.09621039556429281,clean held-out test set (no pre-training detector reused),0.5095090667846086,0.2543402526202664,12.0,,,,,,,
diabetes_130,subgroup_dropout,representation_imbalance,0.03,4,0.0300925925925925,0.6512125000935861,0.1,high,tabular,health,representation_imbalance,content_safety,xgboost,76324.0,25442.0,fraction,0.6745147730205105,0.00392706119941521,0.09462762197911623,clean held-out test set (no pre-training detector reused),0.5820866141732283,0.20708717500056084,12.0,,,,,,,
diabetes_130,subgroup_dropout,representation_imbalance,0.05,4,0.0497685185185185,0.6514352347510989,0.1,high,tabular,health,representation_imbalance,content_safety,logreg,76324.0,25442.0,fraction,0.6496912564184866,0.009179043974521406,0.09620756181593582,clean held-out test set (no pre-training detector reused),0.5110570544007076,0.25310882087627873,12.0,,,,,,,
diabetes_130,subgroup_dropout,representation_imbalance,0.05,4,0.0497685185185185,0.6514352347510989,0.1,high,tabular,health,representation_imbalance,content_safety,xgboost,76324.0,25442.0,fraction,0.6750280431249428,0.00492396401160157,0.09472795730585973,clean held-out test set (no pre-training detector reused),0.5746062992125984,0.20934431807135212,12.0,,,,,,,
diabetes_130,subgroup_dropout,representation_imbalance,0.1,4,0.099537037037037,0.6519986224142192,0.1,high,tabular,health,representation_imbalance,content_safety,logreg,76324.0,25442.0,fraction,0.6495578605781895,0.00874954647995416,0.09621228102752358,clean held-out test set (no pre-training detector reused),0.5075187969924813,0.2558556886042266,12.0,,,,,,,
diabetes_130,subgroup_dropout,representation_imbalance,0.1,4,0.099537037037037,0.6519986224142192,0.1,high,tabular,health,representation_imbalance,content_safety,xgboost,76324.0,25442.0,fraction,0.6771586598748445,0.0032396888823150558,0.09453159349594897,clean held-out test set (no pre-training detector reused),0.5923228346456694,0.19938340150501122,12.0,,,,,,,
diabetes_130,subgroup_dropout,representation_imbalance,0.2,4,0.2002314814814814,0.6531384997791371,0.1,high,tabular,health,representation_imbalance,content_safety,logreg,76324.0,25442.0,fraction,0.6496658239405234,0.008857999618013026,0.09620352431327214,clean held-out test set (no pre-training detector reused),0.5095090667846086,0.25497336436448925,12.0,,,,,,,
diabetes_130,subgroup_dropout,representation_imbalance,0.2,4,0.2002314814814814,0.6531384997791371,0.1,high,tabular,health,representation_imbalance,content_safety,xgboost,76324.0,25442.0,fraction,0.6758526273300306,0.0044898652123408385,0.0945304437836258,clean held-out test set (no pre-training detector reused),0.6092519685039369,0.18588692038495203,12.0,,,,,,,
diabetes_130,subgroup_dropout,representation_imbalance,0.3,4,0.2997685185185185,0.654265275105378,0.1,high,tabular,health,representation_imbalance,content_safety,logreg,76324.0,25442.0,fraction,0.6498319453958465,0.008931381837217485,0.09619710849383427,clean held-out test set (no pre-training detector reused),0.5072976559044671,0.25481060620379503,12.0,,,,,,,
diabetes_130,subgroup_dropout,representation_imbalance,0.3,4,0.2997685185185185,0.654265275105378,0.1,high,tabular,health,representation_imbalance,content_safety,xgboost,76324.0,25442.0,fraction,0.6737135798383532,0.004265067533271209,0.09466488962861237,clean held-out test set (no pre-training detector reused),0.5712598425196851,0.23082349081364817,12.0,,,,,,,
diabetes_130,subgroup_dropout,representation_imbalance,0.4,4,0.4004629629629629,0.6554051524702958,0.1,high,tabular,health,representation_imbalance,content_safety,logreg,76324.0,25442.0,fraction,0.6497827011370453,0.008759488727062833,0.09619792678662435,clean held-out test set (no pre-training detector reused),0.5117204776647502,0.25102089618773493,12.0,,,,,,,
diabetes_130,subgroup_dropout,representation_imbalance,0.4,4,0.4004629629629629,0.6554051524702958,0.1,high,tabular,health,representation_imbalance,content_safety,xgboost,76324.0,25442.0,fraction,0.6755655847271862,0.003889414560191516,0.09472624124001366,clean held-out test set (no pre-training detector reused),0.5889763779527559,0.21657917760279966,12.0,,,,,,,
framingham,edge_case_dropout,safety_critical_edge_case_coverage,0.0,0,0.0,0.2566666666666666,0.1,high,tabular,health,safety_critical_edge_case_coverage,physical_safety,logreg,3180.0,1060.0,fraction,0.6929991225585364,0.02951322415870826,0.12030853289989708,clean held-out test set (no pre-training detector reused),0.52,0.0,1.0,,,,,,,
framingham,edge_case_dropout,safety_critical_edge_case_coverage,0.0,0,0.0,0.2566666666666666,0.1,high,tabular,health,safety_critical_edge_case_coverage,physical_safety,xgboost,3180.0,1060.0,fraction,0.646294364338568,0.055560903584821825,0.12848515750293016,clean held-out test set (no pre-training detector reused),0.352,0.0,1.0,,,,,,,
framingham,edge_case_dropout,safety_critical_edge_case_coverage,0.03,0,0.0306569343065693,0.2633333333333333,0.1,high,tabular,health,safety_critical_edge_case_coverage,physical_safety,logreg,3180.0,1060.0,fraction,0.6933722079052639,0.02823204877656288,0.12045173746993859,clean held-out test set (no pre-training detector reused),0.544,0.0,1.0,,,,,,,
framingham,edge_case_dropout,safety_critical_edge_case_coverage,0.03,0,0.0306569343065693,0.2633333333333333,0.1,high,tabular,health,safety_critical_edge_case_coverage,physical_safety,xgboost,3180.0,1060.0,fraction,0.6354057994044452,0.06661469659983303,0.12994447823277222,clean held-out test set (no pre-training detector reused),0.304,0.0,1.0,,,,,,,
framingham,edge_case_dropout,safety_critical_edge_case_coverage,0.05,0,0.0496350364963503,0.27,0.1,high,tabular,health,safety_critical_edge_case_coverage,physical_safety,logreg,3180.0,1060.0,fraction,0.6931649382681931,0.028568971075577293,0.12027189355251504,clean held-out test set (no pre-training detector reused),0.512,0.0,1.0,,,,,,,
framingham,edge_case_dropout,safety_critical_edge_case_coverage,0.05,0,0.0496350364963503,0.27,0.1,high,tabular,health,safety_critical_edge_case_coverage,physical_safety,xgboost,3180.0,1060.0,fraction,0.639060654004795,0.06955564536729758,0.12836871054593668,clean held-out test set (no pre-training detector reused),0.376,0.0,1.0,,,,,,,
framingham,edge_case_dropout,safety_critical_edge_case_coverage,0.1,0,0.0992700729927007,0.2866666666666667,0.1,high,tabular,health,safety_critical_edge_case_coverage,physical_safety,logreg,3180.0,1060.0,fraction,0.6921078631191317,0.02593998017955256,0.1203198218128499,clean held-out test set (no pre-training detector reused),0.528,0.0,1.0,,,,,,,
framingham,edge_case_dropout,safety_critical_edge_case_coverage,0.1,0,0.0992700729927007,0.2866666666666667,0.1,high,tabular,health,safety_critical_edge_case_coverage,physical_safety,xgboost,3180.0,1060.0,fraction,0.6388602933556262,0.06493193308937029,0.12883076665490126,clean held-out test set (no pre-training detector reused),0.30400000000000005,0.0,1.0,,,,,,,
framingham,edge_case_dropout,safety_critical_edge_case_coverage,0.2,0,0.2,0.3166666666666667,0.1,high,tabular,health,safety_critical_edge_case_coverage,physical_safety,logreg,3180.0,1060.0,fraction,0.6924118585868356,0.028083838243294235,0.12095618405083937,clean held-out test set (no pre-training detector reused),0.552,0.0,1.0,,,,,,,
framingham,edge_case_dropout,safety_critical_edge_case_coverage,0.2,0,0.2,0.3166666666666667,0.1,high,tabular,health,safety_critical_edge_case_coverage,physical_safety,xgboost,3180.0,1060.0,fraction,0.6486434202253711,0.06028536463635181,0.13100482201560343,clean held-out test set (no pre-training detector reused),0.34400000000000003,0.0,1.0,,,,,,,
framingham,edge_case_dropout,safety_critical_edge_case_coverage,0.3,0,0.3007299270072993,0.3466666666666667,0.1,high,tabular,health,safety_critical_edge_case_coverage,physical_safety,logreg,3180.0,1060.0,fraction,0.6923082237683003,0.028168066418438557,0.12078830607366181,clean held-out test set (no pre-training detector reused),0.528,0.0,1.0,,,,,,,
framingham,edge_case_dropout,safety_critical_edge_case_coverage,0.3,0,0.3007299270072993,0.3466666666666667,0.1,high,tabular,health,safety_critical_edge_case_coverage,physical_safety,xgboost,3180.0,1060.0,fraction,0.6446707521815129,0.06606432610116725,0.12895204062431695,clean held-out test set (no pre-training detector reused),0.384,0.0,1.0,,,,,,,
framingham,edge_case_dropout,safety_critical_edge_case_coverage,0.4,0,0.4,0.375,0.1,high,tabular,health,safety_critical_edge_case_coverage,physical_safety,logreg,3180.0,1060.0,fraction,0.6932271191593143,0.033762271939898586,0.12137372990718116,clean held-out test set (no pre-training detector reused),0.472,0.0,1.0,,,,,,,
framingham,edge_case_dropout,safety_critical_edge_case_coverage,0.4,0,0.4,0.375,0.1,high,tabular,health,safety_critical_edge_case_coverage,physical_safety,xgboost,3180.0,1060.0,fraction,0.6583574572160924,0.05328001131650658,0.1279086910956661,clean held-out test set (no pre-training detector reused),0.312,0.0,1.0,,,,,,,
framingham,edge_case_dropout,safety_critical_edge_case_coverage,0.0,1,0.0,0.25,0.1,high,tabular,health,safety_critical_edge_case_coverage,physical_safety,logreg,3180.0,1060.0,fraction,0.7329607085857992,0.02868305414930547,0.1165800121486672,clean held-out test set (no pre-training detector reused),,,,,,,,,,
framingham,edge_case_dropout,safety_critical_edge_case_coverage,0.0,1,0.0,0.25,0.1,high,tabular,health,safety_critical_edge_case_coverage,physical_safety,xgboost,3180.0,1060.0,fraction,0.6681544020616419,0.05832100647703726,0.12818252147335213,clean held-out test set (no pre-training detector reused),,,,,,,,,,
framingham,edge_case_dropout,safety_critical_edge_case_coverage,0.03,1,0.0303907380607814,0.2583333333333333,0.1,high,tabular,health,safety_critical_edge_case_coverage,physical_safety,logreg,3180.0,1060.0,fraction,0.7328294378156545,0.02571769712202434,0.1165442156874502,clean held-out test set (no pre-training detector reused),,,,,,,,,,
framingham,edge_case_dropout,safety_critical_edge_case_coverage,0.03,1,0.0303907380607814,0.2583333333333333,0.1,high,tabular,health,safety_critical_edge_case_coverage,physical_safety,xgboost,3180.0,1060.0,fraction,0.6544676970270626,0.06831013082069748,0.13033667584944936,clean held-out test set (no pre-training detector reused),,,,,,,,,,
framingham,edge_case_dropout,safety_critical_edge_case_coverage,0.05,1,0.0506512301013024,0.2616666666666666,0.1,high,tabular,health,safety_critical_edge_case_coverage,physical_safety,logreg,3180.0,1060.0,fraction,0.7324287165173173,0.01774362436320473,0.11656903089021813,clean held-out test set (no pre-training detector reused),,,,,,,,,,
framingham,edge_case_dropout,safety_critical_edge_case_coverage,0.05,1,0.0506512301013024,0.2616666666666666,0.1,high,tabular,health,safety_critical_edge_case_coverage,physical_safety,xgboost,3180.0,1060.0,fraction,0.6636428329613994,0.058639343350220766,0.1287871478959864,clean held-out test set (no pre-training detector reused),,,,,,,,,,
framingham,edge_case_dropout,safety_critical_edge_case_coverage,0.1,1,0.0998552821997105,0.2916666666666666,0.1,high,tabular,health,safety_critical_edge_case_coverage,physical_safety,logreg,3180.0,1060.0,fraction,0.7333476119083315,0.030831182962489576,0.11731345752506364,clean held-out test set (no pre-training detector reused),,,,,,,,,,
framingham,edge_case_dropout,safety_critical_edge_case_coverage,0.1,1,0.0998552821997105,0.2916666666666666,0.1,high,tabular,health,safety_critical_edge_case_coverage,physical_safety,xgboost,3180.0,1060.0,fraction,0.6549305992165207,0.06535676199424449,0.1304590037875111,clean held-out test set (no pre-training detector reused),,,,,,,,,,
framingham,edge_case_dropout,safety_critical_edge_case_coverage,0.2,1,0.1997105643994211,0.3183333333333333,0.1,high,tabular,health,safety_critical_edge_case_coverage,physical_safety,logreg,3180.0,1060.0,fraction,0.731945087364152,0.02111543706261088,0.1171307499798784,clean held-out test set (no pre-training detector reused),,,,,,,,,,
framingham,edge_case_dropout,safety_critical_edge_case_coverage,0.2,1,0.1997105643994211,0.3183333333333333,0.1,high,tabular,health,safety_critical_edge_case_coverage,physical_safety,xgboost,3180.0,1060.0,fraction,0.6493619549672168,0.07162674868189431,0.13205577239179703,clean held-out test set (no pre-training detector reused),,,,,,,,,,
framingham,edge_case_dropout,safety_critical_edge_case_coverage,0.3,1,0.2995658465991317,0.3466666666666667,0.1,high,tabular,health,safety_critical_edge_case_coverage,physical_safety,logreg,3180.0,1060.0,fraction,0.7303145662191945,0.033842217499057005,0.1173247711493886,clean held-out test set (no pre-training detector reused),,,,,,,,,,
framingham,edge_case_dropout,safety_critical_edge_case_coverage,0.3,1,0.2995658465991317,0.3466666666666667,0.1,high,tabular,health,safety_critical_edge_case_coverage,physical_safety,xgboost,3180.0,1060.0,fraction,0.6643268227637334,0.06281864612905817,0.12994942594691228,clean held-out test set (no pre-training detector reused),,,,,,,,,,
framingham,edge_case_dropout,safety_critical_edge_case_coverage,0.4,1,0.3994211287988423,0.4016666666666667,0.1,high,tabular,health,safety_critical_edge_case_coverage,physical_safety,logreg,3180.0,1060.0,fraction,0.7294094888039852,0.013206528925901349,0.11674772057518938,clean held-out test set (no pre-training detector reused),,,,,,,,,,
framingham,edge_case_dropout,safety_critical_edge_case_coverage,0.4,1,0.3994211287988423,0.4016666666666667,0.1,high,tabular,health,safety_critical_edge_case_coverage,physical_safety,xgboost,3180.0,1060.0,fraction,0.6477314338222594,0.06947215363352542,0.13127088526107203,clean held-out test set (no pre-training detector reused),,,,,,,,,,
framingham,edge_case_dropout,safety_critical_edge_case_coverage,0.0,2,0.0,0.2466666666666666,0.1,high,tabular,health,safety_critical_edge_case_coverage,physical_safety,logreg,3180.0,1060.0,fraction,0.7375620945287726,0.020816453872744865,0.1151352999125213,clean held-out test set (no pre-training detector reused),0.4827586206896552,0.19432471264367807,2.0,,,,,,,
framingham,edge_case_dropout,safety_critical_edge_case_coverage,0.0,2,0.0,0.2466666666666666,0.1,high,tabular,health,safety_critical_edge_case_coverage,physical_safety,xgboost,3180.0,1060.0,fraction,0.682138193576023,0.05411097454719844,0.12437455161531516,clean held-out test set (no pre-training detector reused),0.39655172413793105,0.41594827586206884,2.0,,,,,,,
framingham,edge_case_dropout,safety_critical_edge_case_coverage,0.03,2,0.0303030303030303,0.2483333333333333,0.1,high,tabular,health,safety_critical_edge_case_coverage,physical_safety,logreg,3180.0,1060.0,fraction,0.7375413675650654,0.02269329582428746,0.1151899004068661,clean held-out test set (no pre-training detector reused),0.46551724137931033,0.2323994252873563,2.0,,,,,,,
framingham,edge_case_dropout,safety_critical_edge_case_coverage,0.03,2,0.0303030303030303,0.2483333333333333,0.1,high,tabular,health,safety_critical_edge_case_coverage,physical_safety,xgboost,3180.0,1060.0,fraction,0.6876515659221081,0.04687351848411744,0.12209543321908145,clean held-out test set (no pre-training detector reused),0.6379310344827586,0.27873563218390807,2.0,,,,,,,
framingham,edge_case_dropout,safety_critical_edge_case_coverage,0.05,2,0.0505050505050505,0.255,0.1,high,tabular,health,safety_critical_edge_case_coverage,physical_safety,logreg,3180.0,1060.0,fraction,0.7379489978513046,0.016335522729014073,0.11529236342768726,clean held-out test set (no pre-training detector reused),0.48275862068965514,0.19432471264367823,2.0,,,,,,,
framingham,edge_case_dropout,safety_critical_edge_case_coverage,0.05,2,0.0505050505050505,0.255,0.1,high,tabular,health,safety_critical_edge_case_coverage,physical_safety,xgboost,3180.0,1060.0,fraction,0.6777026233427066,0.05593624704073728,0.12391115396672742,clean held-out test set (no pre-training detector reused),0.4655172413793104,0.26364942528735624,2.0,,,,,,,
framingham,edge_case_dropout,safety_critical_edge_case_coverage,0.1,2,0.0995670995670995,0.2616666666666666,0.1,high,tabular,health,safety_critical_edge_case_coverage,physical_safety,logreg,3180.0,1060.0,fraction,0.732995253525311,0.018337882191698476,0.11573128945626965,clean held-out test set (no pre-training detector reused),0.4827586206896552,0.21515804597701144,2.0,,,,,,,
framingham,edge_case_dropout,safety_critical_edge_case_coverage,0.1,2,0.0995670995670995,0.2616666666666666,0.1,high,tabular,health,safety_critical_edge_case_coverage,physical_safety,xgboost,3180.0,1060.0,fraction,0.6787251535522562,0.04836374418436603,0.12270107050583294,clean held-out test set (no pre-training detector reused),0.3793103448275862,0.3394396551724138,2.0,,,,,,,
framingham,edge_case_dropout,safety_critical_edge_case_coverage,0.2,2,0.2005772005772005,0.285,0.1,high,tabular,health,safety_critical_edge_case_coverage,physical_safety,logreg,3180.0,1060.0,fraction,0.7370301024602905,0.01821250431447785,0.11496210265954751,clean held-out test set (no pre-training detector reused),0.4655172413793104,0.20114942528735624,2.0,,,,,,,
framingham,edge_case_dropout,safety_critical_edge_case_coverage,0.2,2,0.2005772005772005,0.285,0.1,high,tabular,health,safety_critical_edge_case_coverage,physical_safety,xgboost,3180.0,1060.0,fraction,0.6819585598905616,0.04967782502370131,0.12457482371032667,clean held-out test set (no pre-training detector reused),0.5172413793103449,0.3160919540229884,2.0,,,,,,,
framingham,edge_case_dropout,safety_critical_edge_case_coverage,0.3,2,0.3001443001443001,0.3266666666666666,0.1,high,tabular,health,safety_critical_edge_case_coverage,physical_safety,logreg,3180.0,1060.0,fraction,0.7368435597869268,0.019271959908313843,0.1155397896090072,clean held-out test set (no pre-training detector reused),0.5,0.19791666666666663,2.0,,,,,,,
framingham,edge_case_dropout,safety_critical_edge_case_coverage,0.3,2,0.3001443001443001,0.3266666666666666,0.1,high,tabular,health,safety_critical_edge_case_coverage,physical_safety,xgboost,3180.0,1060.0,fraction,0.66624752140059,0.06549953231126739,0.1271586043276176,clean held-out test set (no pre-training detector reused),0.6896551724137931,0.17492816091954022,2.0,,,,,,,
framingham,edge_case_dropout,safety_critical_edge_case_coverage,0.4,2,0.3997113997113997,0.37,0.1,high,tabular,health,safety_critical_edge_case_coverage,physical_safety,logreg,3180.0,1060.0,fraction,0.7403602346292293,0.017393255150718972,0.11490640346685015,clean held-out test set (no pre-training detector reused),0.5517241379310345,0.11494252873563215,2.0,,,,,,,
framingham,edge_case_dropout,safety_critical_edge_case_coverage,0.4,2,0.3997113997113997,0.37,0.1,high,tabular,health,safety_critical_edge_case_coverage,physical_safety,xgboost,3180.0,1060.0,fraction,0.6679954953398876,0.05129130467891095,0.12438772336654529,clean held-out test set (no pre-training detector reused),0.43103448275862066,0.28771551724137934,2.0,,,,,,,
framingham,edge_case_dropout,safety_critical_edge_case_coverage,0.0,3,0.0,0.2466666666666666,0.1,high,tabular,health,safety_critical_edge_case_coverage,physical_safety,logreg,3180.0,1060.0,fraction,0.7278687845017583,0.020212109656561797,0.11504797950578392,clean held-out test set (no pre-training detector reused),,,,,,,,,,
framingham,edge_case_dropout,safety_critical_edge_case_coverage,0.0,3,0.0,0.2466666666666666,0.1,high,tabular,health,safety_critical_edge_case_coverage,physical_safety,xgboost,3180.0,1060.0,fraction,0.6545713318455979,0.05641727432068264,0.12804909586960664,clean held-out test set (no pre-training detector reused),,,,,,,,,,
framingham,edge_case_dropout,safety_critical_edge_case_coverage,0.03,3,0.0303030303030303,0.2583333333333333,0.1,high,tabular,health,safety_critical_edge_case_coverage,physical_safety,logreg,3180.0,1060.0,fraction,0.7283731406186307,0.019910448013549808,0.11514511826889023,clean held-out test set (no pre-training detector reused),,,,,,,,,,
framingham,edge_case_dropout,safety_critical_edge_case_coverage,0.03,3,0.0303030303030303,0.2583333333333333,0.1,high,tabular,health,safety_critical_edge_case_coverage,physical_safety,xgboost,3180.0,1060.0,fraction,0.6678711335576452,0.04283757216521135,0.12554496138586435,clean held-out test set (no pre-training detector reused),,,,,,,,,,
framingham,edge_case_dropout,safety_critical_edge_case_coverage,0.05,3,0.0505050505050505,0.26,0.1,high,tabular,health,safety_critical_edge_case_coverage,physical_safety,logreg,3180.0,1060.0,fraction,0.7299138449208575,0.020769170949788213,0.11489642749365352,clean held-out test set (no pre-training detector reused),,,,,,,,,,
framingham,edge_case_dropout,safety_critical_edge_case_coverage,0.05,3,0.0505050505050505,0.26,0.1,high,tabular,health,safety_critical_edge_case_coverage,physical_safety,xgboost,3180.0,1060.0,fraction,0.665218082203138,0.048703770579348486,0.12709652450901088,clean held-out test set (no pre-training detector reused),,,,,,,,,,
framingham,edge_case_dropout,safety_critical_edge_case_coverage,0.1,3,0.0995670995670995,0.29,0.1,high,tabular,health,safety_critical_edge_case_coverage,physical_safety,logreg,3180.0,1060.0,fraction,0.7274404272518119,0.01692463821949118,0.11501588321689009,clean held-out test set (no pre-training detector reused),,,,,,,,,,
framingham,edge_case_dropout,safety_critical_edge_case_coverage,0.1,3,0.0995670995670995,0.29,0.1,high,tabular,health,safety_critical_edge_case_coverage,physical_safety,xgboost,3180.0,1060.0,fraction,0.6643475497274405,0.0643557988428994,0.12762009735512597,clean held-out test set (no pre-training detector reused),,,,,,,,,,
framingham,edge_case_dropout,safety_critical_edge_case_coverage,0.2,3,0.2005772005772005,0.3066666666666666,0.1,high,tabular,health,safety_critical_edge_case_coverage,physical_safety,logreg,3180.0,1060.0,fraction,0.7240826591312638,0.02058477426267259,0.11569197595098907,clean held-out test set (no pre-training detector reused),,,,,,,,,,
framingham,edge_case_dropout,safety_critical_edge_case_coverage,0.2,3,0.2005772005772005,0.3066666666666666,0.1,high,tabular,health,safety_critical_edge_case_coverage,physical_safety,xgboost,3180.0,1060.0,fraction,0.6618464961067853,0.056856033618271976,0.12788237225992644,clean held-out test set (no pre-training detector reused),,,,,,,,,,
framingham,edge_case_dropout,safety_critical_edge_case_coverage,0.3,3,0.3001443001443001,0.36,0.1,high,tabular,health,safety_critical_edge_case_coverage,physical_safety,logreg,3180.0,1060.0,fraction,0.7275924249856639,0.026326251773252048,0.11512372899260281,clean held-out test set (no pre-training detector reused),,,,,,,,,,
framingham,edge_case_dropout,safety_critical_edge_case_coverage,0.3,3,0.3001443001443001,0.36,0.1,high,tabular,health,safety_critical_edge_case_coverage,physical_safety,xgboost,3180.0,1060.0,fraction,0.6532033522409303,0.06289087698733399,0.1286843683422557,clean held-out test set (no pre-training detector reused),,,,,,,,,,
framingham,edge_case_dropout,safety_critical_edge_case_coverage,0.4,3,0.3997113997113997,0.3966666666666666,0.1,high,tabular,health,safety_critical_edge_case_coverage,physical_safety,logreg,3180.0,1060.0,fraction,0.7289396776266246,0.02218494630224234,0.11483251223684202,clean held-out test set (no pre-training detector reused),,,,,,,,,,
framingham,edge_case_dropout,safety_critical_edge_case_coverage,0.4,3,0.3997113997113997,0.3966666666666666,0.1,high,tabular,health,safety_critical_edge_case_coverage,physical_safety,xgboost,3180.0,1060.0,fraction,0.6674082313681868,0.04599880964807146,0.12738653862832663,clean held-out test set (no pre-training detector reused),,,,,,,,,,
framingham,edge_case_dropout,safety_critical_edge_case_coverage,0.0,4,0.0,0.2533333333333333,0.1,high,tabular,health,safety_critical_edge_case_coverage,physical_safety,logreg,3180.0,1060.0,fraction,0.7300520246789048,0.019653313410975454,0.1161398634354795,clean held-out test set (no pre-training detector reused),0.7407407407407407,0.0,1.0,,,,,,,
framingham,edge_case_dropout,safety_critical_edge_case_coverage,0.0,4,0.0,0.2533333333333333,0.1,high,tabular,health,safety_critical_edge_case_coverage,physical_safety,xgboost,3180.0,1060.0,fraction,0.6732186901940733,0.04744273725774068,0.12712097327830071,clean held-out test set (no pre-training detector reused),0.5277777777777778,0.0,1.0,,,,,,,
framingham,edge_case_dropout,safety_critical_edge_case_coverage,0.03,4,0.0303030303030303,0.2633333333333333,0.1,high,tabular,health,safety_critical_edge_case_coverage,physical_safety,logreg,3180.0,1060.0,fraction,0.7286495001347253,0.022407869539443202,0.1162343218832402,clean held-out test set (no pre-training detector reused),0.712962962962963,0.0,1.0,,,,,,,
framingham,edge_case_dropout,safety_critical_edge_case_coverage,0.03,4,0.0303030303030303,0.2633333333333333,0.1,high,tabular,health,safety_critical_edge_case_coverage,physical_safety,xgboost,3180.0,1060.0,fraction,0.6812538431245208,0.045109942984187384,0.12595418213449228,clean held-out test set (no pre-training detector reused),0.42592592592592593,0.0,1.0,,,,,,,
framingham,edge_case_dropout,safety_critical_edge_case_coverage,0.05,4,0.0505050505050505,0.27,0.1,high,tabular,health,safety_critical_edge_case_coverage,physical_safety,logreg,3180.0,1060.0,fraction,0.730114205570026,0.02063473906926159,0.11627656576214983,clean held-out test set (no pre-training detector reused),0.7314814814814815,0.0,1.0,,,,,,,
framingham,edge_case_dropout,safety_critical_edge_case_coverage,0.05,4,0.0505050505050505,0.27,0.1,high,tabular,health,safety_critical_edge_case_coverage,physical_safety,xgboost,3180.0,1060.0,fraction,0.6689143907309019,0.06386559337513734,0.1279268757684764,clean held-out test set (no pre-training detector reused),0.4722222222222222,0.0,1.0,,,,,,,
framingham,edge_case_dropout,safety_critical_edge_case_coverage,0.1,4,0.0995670995670995,0.27,0.1,high,tabular,health,safety_critical_edge_case_coverage,physical_safety,logreg,3180.0,1060.0,fraction,0.7284698664492638,0.0208662686557352,0.11635165531455899,clean held-out test set (no pre-training detector reused),0.6944444444444444,0.0,1.0,,,,,,,
framingham,edge_case_dropout,safety_critical_edge_case_coverage,0.1,4,0.0995670995670995,0.27,0.1,high,tabular,health,safety_critical_edge_case_coverage,physical_safety,xgboost,3180.0,1060.0,fraction,0.6659227989691789,0.05111379742442261,0.1267402986658741,clean held-out test set (no pre-training detector reused),0.41666666666666663,0.0,1.0,,,,,,,
framingham,edge_case_dropout,safety_critical_edge_case_coverage,0.2,4,0.2005772005772005,0.315,0.1,high,tabular,health,safety_critical_edge_case_coverage,physical_safety,logreg,3180.0,1060.0,fraction,0.7282073249089741,0.021832413682647617,0.11643194675361036,clean held-out test set (no pre-training detector reused),0.6944444444444444,0.0,1.0,,,,,,,
framingham,edge_case_dropout,safety_critical_edge_case_coverage,0.2,4,0.2005772005772005,0.315,0.1,high,tabular,health,safety_critical_edge_case_coverage,physical_safety,xgboost,3180.0,1060.0,fraction,0.6614665017721554,0.05861142409321817,0.13006006960584132,clean held-out test set (no pre-training detector reused),0.6203703703703703,0.0,1.0,,,,,,,
framingham,edge_case_dropout,safety_critical_edge_case_coverage,0.3,4,0.3001443001443001,0.34,0.1,high,tabular,health,safety_critical_edge_case_coverage,physical_safety,logreg,3180.0,1060.0,fraction,0.7285389563282875,0.022881655184090847,0.11618571285138006,clean held-out test set (no pre-training detector reused),0.6481481481481481,0.0,1.0,,,,,,,
framingham,edge_case_dropout,safety_critical_edge_case_coverage,0.3,4,0.3001443001443001,0.34,0.1,high,tabular,health,safety_critical_edge_case_coverage,physical_safety,xgboost,3180.0,1060.0,fraction,0.6654737147555254,0.055118093586017214,0.12909470583368748,clean held-out test set (no pre-training detector reused),0.43518518518518523,0.0,1.0,,,,,,,
framingham,edge_case_dropout,safety_critical_edge_case_coverage,0.4,4,0.3997113997113997,0.3983333333333333,0.1,high,tabular,health,safety_critical_edge_case_coverage,physical_safety,logreg,3180.0,1060.0,fraction,0.7264869869212859,0.024082015652289034,0.11591778346741696,clean held-out test set (no pre-training detector reused),0.6481481481481483,0.0,1.0,,,,,,,
framingham,edge_case_dropout,safety_critical_edge_case_coverage,0.4,4,0.3997113997113997,0.3983333333333333,0.1,high,tabular,health,safety_critical_edge_case_coverage,physical_safety,xgboost,3180.0,1060.0,fraction,0.658923994224086,0.06936711996007397,0.1298089326158345,clean held-out test set (no pre-training detector reused),0.4074074074074074,0.0,1.0,,,,,,,
framingham,label_flip,label_integrity,0.0,0,0.0,0.2294656664216288,0.05,high,tabular,health,label_integrity,content_safety,logreg,3180.0,1060.0,fraction,0.6929991225585364,0.02951322415870826,0.12030853289989708,clean held-out test set (no pre-training detector reused),0.52,0.0,1.0,,,,,,,
framingham,label_flip,label_integrity,0.0,0,0.0,0.2294656664216288,0.05,high,tabular,health,label_integrity,content_safety,xgboost,3180.0,1060.0,fraction,0.646294364338568,0.055560903584821825,0.12848515750293016,clean held-out test set (no pre-training detector reused),0.352,0.0,1.0,,,,,,,
framingham,label_flip,label_integrity,0.03,0,0.0298742138364779,0.2586877722279293,0.05,high,tabular,health,label_integrity,content_safety,logreg,3180.0,1060.0,fraction,0.6928471248246844,0.03107901477419494,0.12036450838981179,clean held-out test set (no pre-training detector reused),0.544,0.0,1.0,,,,,,,
framingham,label_flip,label_integrity,0.03,0,0.0298742138364779,0.2586877722279293,0.05,high,tabular,health,label_integrity,content_safety,xgboost,3180.0,1060.0,fraction,0.6429711411575317,0.05201157097032575,0.12872416929196706,clean held-out test set (no pre-training detector reused),0.592,0.0,1.0,,,,,,,
framingham,label_flip,label_integrity,0.05,0,0.05,0.2816525676109045,0.05,high,tabular,health,label_integrity,content_safety,logreg,3180.0,1060.0,fraction,0.6896344454500861,0.03970466775259373,0.12223495761477607,clean held-out test set (no pre-training detector reused),0.48000000000000004,0.0,1.0,,,,,,,
framingham,label_flip,label_integrity,0.05,0,0.05,0.2816525676109045,0.05,high,tabular,health,label_integrity,content_safety,xgboost,3180.0,1060.0,fraction,0.6215532786602092,0.05585202612597846,0.13050699408831531,clean held-out test set (no pre-training detector reused),0.376,0.0,1.0,,,,,,,
framingham,label_flip,label_integrity,0.1,0,0.1,0.3266330819964988,0.05,high,tabular,health,label_integrity,content_safety,logreg,3180.0,1060.0,fraction,0.682559641838067,0.07432471012208029,0.125824911875912,clean held-out test set (no pre-training detector reused),0.472,0.0,1.0,,,,,,,
framingham,label_flip,label_integrity,0.1,0,0.1,0.3266330819964988,0.05,high,tabular,health,label_integrity,content_safety,xgboost,3180.0,1060.0,fraction,0.6308735033404956,0.0653401104891497,0.1346590112496171,clean held-out test set (no pre-training detector reused),0.264,0.0,1.0,,,,,,,
framingham,label_flip,label_integrity,0.2,0,0.2,0.4048587661725731,0.05,high,tabular,health,label_integrity,content_safety,logreg,3180.0,1060.0,fraction,0.6655289866587443,0.14869347974408242,0.1423184364801506,clean held-out test set (no pre-training detector reused),0.46399999999999997,0.0,1.0,,,,,,,
framingham,label_flip,label_integrity,0.2,0,0.2,0.4048587661725731,0.05,high,tabular,health,label_integrity,content_safety,xgboost,3180.0,1060.0,fraction,0.5930191586234532,0.13769278191030027,0.15364127453216167,clean held-out test set (no pre-training detector reused),0.48,0.0,1.0,,,,,,,
framingham,label_flip,label_integrity,0.3,0,0.3,0.4559076576351469,0.05,high,tabular,health,label_integrity,content_safety,logreg,3180.0,1060.0,fraction,0.6620744927075632,0.21079033586976065,0.16608559440141077,clean held-out test set (no pre-training detector reused),0.544,0.0,1.0,,,,,,,
framingham,label_flip,label_integrity,0.3,0,0.3,0.4559076576351469,0.05,high,tabular,health,label_integrity,content_safety,xgboost,3180.0,1060.0,fraction,0.552801940043803,0.20633210018980058,0.18263733440325633,clean held-out test set (no pre-training detector reused),0.488,0.0,1.0,,,,,,,
framingham,label_flip,label_integrity,0.4,0,0.4,0.4887621566993091,0.05,high,tabular,health,label_integrity,content_safety,logreg,3180.0,1060.0,fraction,0.5761612281416896,0.2801853115672382,0.2042894774795984,clean held-out test set (no pre-training detector reused),0.44,0.0,1.0,,,,,,,
framingham,label_flip,label_integrity,0.4,0,0.4,0.4887621566993091,0.05,high,tabular,health,label_integrity,content_safety,xgboost,3180.0,1060.0,fraction,0.537387988033633,0.2715425859293285,0.21369342206871747,clean held-out test set (no pre-training detector reused),0.392,0.0,1.0,,,,,,,
framingham,label_flip,label_integrity,0.0,1,0.0,0.2311757790484996,0.05,high,tabular,health,label_integrity,content_safety,logreg,3180.0,1060.0,fraction,0.7329607085857992,0.02868305414930547,0.1165800121486672,clean held-out test set (no pre-training detector reused),,,,,,,,,,
framingham,label_flip,label_integrity,0.0,1,0.0,0.2311757790484996,0.05,high,tabular,health,label_integrity,content_safety,xgboost,3180.0,1060.0,fraction,0.6681544020616419,0.05832100647703726,0.12818252147335213,clean held-out test set (no pre-training detector reused),,,,,,,,,,
framingham,label_flip,label_integrity,0.03,1,0.0298742138364779,0.2714564482644806,0.05,high,tabular,health,label_integrity,content_safety,logreg,3180.0,1060.0,fraction,0.7303283841949992,0.05120076802973158,0.11793863611286752,clean held-out test set (no pre-training detector reused),,,,,,,,,,
framingham,label_flip,label_integrity,0.03,1,0.0298742138364779,0.2714564482644806,0.05,high,tabular,health,label_integrity,content_safety,xgboost,3180.0,1060.0,fraction,0.6512688356282688,0.04456623245232721,0.12939805603147608,clean held-out test set (no pre-training detector reused),,,,,,,,,,
framingham,label_flip,label_integrity,0.05,1,0.05,0.2840092181444077,0.05,high,tabular,health,label_integrity,content_safety,logreg,3180.0,1060.0,fraction,0.7359523003475221,0.04404059084749409,0.11860497580207323,clean held-out test set (no pre-training detector reused),,,,,,,,,,
framingham,label_flip,label_integrity,0.05,1,0.05,0.2840092181444077,0.05,high,tabular,health,label_integrity,content_safety,xgboost,3180.0,1060.0,fraction,0.6491201403906341,0.04999426477325132,0.12919675189798502,clean held-out test set (no pre-training detector reused),,,,,,,,,,
framingham,label_flip,label_integrity,0.1,1,0.1,0.326105382966919,0.05,high,tabular,health,label_integrity,content_safety,logreg,3180.0,1060.0,fraction,0.7307636504328481,0.07522914717554996,0.12280804343065344,clean held-out test set (no pre-training detector reused),,,,,,,,,,
framingham,label_flip,label_integrity,0.1,1,0.1,0.326105382966919,0.05,high,tabular,health,label_integrity,content_safety,xgboost,3180.0,1060.0,fraction,0.6276539149779949,0.07066769660274796,0.13946053064499983,clean held-out test set (no pre-training detector reused),,,,,,,,,,
framingham,label_flip,label_integrity,0.2,1,0.2,0.3922341069054464,0.05,high,tabular,health,label_integrity,content_safety,logreg,3180.0,1060.0,fraction,0.6953550874332418,0.13245121904674487,0.1381337101325139,clean held-out test set (no pre-training detector reused),,,,,,,,,,
framingham,label_flip,label_integrity,0.2,1,0.2,0.3922341069054464,0.05,high,tabular,health,label_integrity,content_safety,xgboost,3180.0,1060.0,fraction,0.5443177028997023,0.13446051697686032,0.15633823165844649,clean held-out test set (no pre-training detector reused),,,,,,,,,,
framingham,label_flip,label_integrity,0.3,1,0.3,0.4554191201703758,0.05,high,tabular,health,label_integrity,content_safety,logreg,3180.0,1060.0,fraction,0.688757003986486,0.207430705983057,0.16434575843035795,clean held-out test set (no pre-training detector reused),,,,,,,,,,
framingham,label_flip,label_integrity,0.3,1,0.3,0.4554191201703758,0.05,high,tabular,health,label_integrity,content_safety,xgboost,3180.0,1060.0,fraction,0.5032506788080614,0.21413022097340736,0.18366040324176244,clean held-out test set (no pre-training detector reused),,,,,,,,,,
framingham,label_flip,label_integrity,0.4,1,0.4,0.4899622679605497,0.05,high,tabular,health,label_integrity,content_safety,logreg,3180.0,1060.0,fraction,0.5776052066132832,0.27241178121250487,0.2008312941250401,clean held-out test set (no pre-training detector reused),,,,,,,,,,
framingham,label_flip,label_integrity,0.4,1,0.4,0.4899622679605497,0.05,high,tabular,health,label_integrity,content_safety,xgboost,3180.0,1060.0,fraction,0.4828622555081906,0.2696099843548716,0.21978497470512853,clean held-out test set (no pre-training detector reused),,,,,,,,,,
framingham,label_flip,label_integrity,0.0,2,0.0,0.2325423623446958,0.05,high,tabular,health,label_integrity,content_safety,logreg,3180.0,1060.0,fraction,0.7375620945287726,0.020816453872744865,0.1151352999125213,clean held-out test set (no pre-training detector reused),0.4827586206896552,0.19432471264367807,2.0,,,,,,,
framingham,label_flip,label_integrity,0.0,2,0.0,0.2325423623446958,0.05,high,tabular,health,label_integrity,content_safety,xgboost,3180.0,1060.0,fraction,0.682138193576023,0.05411097454719844,0.12437455161531516,clean held-out test set (no pre-training detector reused),0.39655172413793105,0.41594827586206884,2.0,,,,,,,
framingham,label_flip,label_integrity,0.03,2,0.0298742138364779,0.263897790862066,0.05,high,tabular,health,label_integrity,content_safety,logreg,3180.0,1060.0,fraction,0.7334236107752576,0.024336072336298205,0.11614783288083214,clean held-out test set (no pre-training detector reused),0.46551724137931033,0.2323994252873563,2.0,,,,,,,
framingham,label_flip,label_integrity,0.03,2,0.0298742138364779,0.263897790862066,0.05,high,tabular,health,label_integrity,content_safety,xgboost,3180.0,1060.0,fraction,0.6597530727723695,0.042042564121426415,0.12661024351434813,clean held-out test set (no pre-training detector reused),0.3620689655172414,0.5025143678160919,2.0,,,,,,,
framingham,label_flip,label_integrity,0.05,2,0.05,0.2862394912112382,0.05,high,tabular,health,label_integrity,content_safety,logreg,3180.0,1060.0,fraction,0.7397798796454307,0.04614441799683205,0.11654842648936539,clean held-out test set (no pre-training detector reused),0.4482758620689655,0.23922413793103448,2.0,,,,,,,
framingham,label_flip,label_integrity,0.05,2,0.05,0.2862394912112382,0.05,high,tabular,health,label_integrity,content_safety,xgboost,3180.0,1060.0,fraction,0.6638017396831538,0.044046286099045616,0.12638130363007308,clean held-out test set (no pre-training detector reused),0.5,0.0625,2.0,,,,,,,
framingham,label_flip,label_integrity,0.1,2,0.1,0.3257585888426523,0.05,high,tabular,health,label_integrity,content_safety,logreg,3180.0,1060.0,fraction,0.7347432274646086,0.06971694891407958,0.12105043408843243,clean held-out test set (no pre-training detector reused),0.65625,0.016163793103448176,2.0,,,,,,,
framingham,label_flip,label_integrity,0.1,2,0.1,0.3257585888426523,0.05,high,tabular,health,label_integrity,content_safety,xgboost,3180.0,1060.0,fraction,0.6584887279862373,0.061580057221218794,0.1318618088741204,clean held-out test set (no pre-training detector reused),0.41379310344827586,0.5028735632183907,2.0,,,,,,,
framingham,label_flip,label_integrity,0.2,2,0.2,0.4049716578900771,0.05,high,tabular,health,label_integrity,content_safety,logreg,3180.0,1060.0,fraction,0.7162271398862781,0.14457348109914928,0.1391644260676913,clean held-out test set (no pre-training detector reused),0.27586206896551724,0.5053879310344828,2.0,,,,,,,
framingham,label_flip,label_integrity,0.2,2,0.2,0.4049716578900771,0.05,high,tabular,health,label_integrity,content_safety,xgboost,3180.0,1060.0,fraction,0.6213598269989429,0.13451480228664736,0.14751912964169506,clean held-out test set (no pre-training detector reused),0.46551724137931033,0.08656609195402304,2.0,,,,,,,
framingham,label_flip,label_integrity,0.3,2,0.3,0.4491580494003527,0.05,high,tabular,health,label_integrity,content_safety,logreg,3180.0,1060.0,fraction,0.6815785655559317,0.18515769641185992,0.15798477707717914,clean held-out test set (no pre-training detector reused),0.6770833333333333,0.09877873563218398,2.0,,,,,,,
framingham,label_flip,label_integrity,0.3,2,0.3,0.4491580494003527,0.05,high,tabular,health,label_integrity,content_safety,xgboost,3180.0,1060.0,fraction,0.6035691831503602,0.1927202765390558,0.16701300893192625,clean held-out test set (no pre-training detector reused),0.396551724137931,0.17636494252873564,2.0,,,,,,,
framingham,label_flip,label_integrity,0.4,2,0.4,0.4874475712098874,0.05,high,tabular,health,label_integrity,content_safety,logreg,3180.0,1060.0,fraction,0.6591519908248642,0.2665967905381052,0.19497790263588222,clean held-out test set (no pre-training detector reused),0.375,0.07327586206896552,2.0,,,,,,,
framingham,label_flip,label_integrity,0.4,2,0.4,0.4874475712098874,0.05,high,tabular,health,label_integrity,content_safety,xgboost,3180.0,1060.0,fraction,0.5376090756465086,0.27120312830819837,0.21042390792087523,clean held-out test set (no pre-training detector reused),0.34375,0.12176724137931033,2.0,,,,,,,
framingham,label_flip,label_integrity,0.0,3,0.0,0.232589110740306,0.05,high,tabular,health,label_integrity,content_safety,logreg,3180.0,1060.0,fraction,0.7278687845017583,0.020212109656561797,0.11504797950578392,clean held-out test set (no pre-training detector reused),,,,,,,,,,
framingham,label_flip,label_integrity,0.0,3,0.0,0.232589110740306,0.05,high,tabular,health,label_integrity,content_safety,xgboost,3180.0,1060.0,fraction,0.6545713318455979,0.05641727432068264,0.12804909586960664,clean held-out test set (no pre-training detector reused),,,,,,,,,,
framingham,label_flip,label_integrity,0.03,3,0.0298742138364779,0.2594307740848617,0.05,high,tabular,health,label_integrity,content_safety,logreg,3180.0,1060.0,fraction,0.7277375137316133,0.02290979231440355,0.11571000971475173,clean held-out test set (no pre-training detector reused),,,,,,,,,,
framingham,label_flip,label_integrity,0.03,3,0.0298742138364779,0.2594307740848617,0.05,high,tabular,health,label_integrity,content_safety,xgboost,3180.0,1060.0,fraction,0.6699023760009396,0.03620973842719324,0.12538596332294255,clean held-out test set (no pre-training detector reused),,,,,,,,,,
framingham,label_flip,label_integrity,0.05,3,0.05,0.2827126857689218,0.05,high,tabular,health,label_integrity,content_safety,logreg,3180.0,1060.0,fraction,0.7285942282315064,0.039920853116125386,0.11699036262114199,clean held-out test set (no pre-training detector reused),,,,,,,,,,
framingham,label_flip,label_integrity,0.05,3,0.05,0.2827126857689218,0.05,high,tabular,health,label_integrity,content_safety,xgboost,3180.0,1060.0,fraction,0.643088593951872,0.04549409071739131,0.12964461740448996,clean held-out test set (no pre-training detector reused),,,,,,,,,,
framingham,label_flip,label_integrity,0.1,3,0.1,0.3277226364352104,0.05,high,tabular,health,label_integrity,content_safety,logreg,3180.0,1060.0,fraction,0.7309225571546024,0.07307000176418253,0.12065898888519001,clean held-out test set (no pre-training detector reused),,,,,,,,,,
framingham,label_flip,label_integrity,0.1,3,0.1,0.3277226364352104,0.05,high,tabular,health,label_integrity,content_safety,xgboost,3180.0,1060.0,fraction,0.6248281389259287,0.07229099270167218,0.13436464480548468,clean held-out test set (no pre-training detector reused),,,,,,,,,,
framingham,label_flip,label_integrity,0.2,3,0.2,0.4074908786915602,0.05,high,tabular,health,label_integrity,content_safety,logreg,3180.0,1060.0,fraction,0.7232604895708827,0.14717608183196557,0.13820439706098106,clean held-out test set (no pre-training detector reused),,,,,,,,,,
framingham,label_flip,label_integrity,0.2,3,0.2,0.4074908786915602,0.05,high,tabular,health,label_integrity,content_safety,xgboost,3180.0,1060.0,fraction,0.6044949875292769,0.13656949293008952,0.15091962872003867,clean held-out test set (no pre-training detector reused),,,,,,,,,,
framingham,label_flip,label_integrity,0.3,3,0.3,0.4595301109718118,0.05,high,tabular,health,label_integrity,content_safety,logreg,3180.0,1060.0,fraction,0.7115428460884764,0.21552978088978864,0.16567322361121875,clean held-out test set (no pre-training detector reused),,,,,,,,,,
framingham,label_flip,label_integrity,0.3,3,0.3,0.4595301109718118,0.05,high,tabular,health,label_integrity,content_safety,xgboost,3180.0,1060.0,fraction,0.6172558881849398,0.2106479402280079,0.1737248666610308,clean held-out test set (no pre-training detector reused),,,,,,,,,,
framingham,label_flip,label_integrity,0.4,3,0.4,0.4911196889558695,0.05,high,tabular,health,label_integrity,content_safety,logreg,3180.0,1060.0,fraction,0.44696315436751666,0.2768007320928505,0.20766076453402466,clean held-out test set (no pre-training detector reused),,,,,,,,,,
framingham,label_flip,label_integrity,0.4,3,0.4,0.4911196889558695,0.05,high,tabular,health,label_integrity,content_safety,xgboost,3180.0,1060.0,fraction,0.4727267702554253,0.2791875191524905,0.2255922610358665,clean held-out test set (no pre-training detector reused),,,,,,,,,,
framingham,label_flip,label_integrity,0.0,4,0.0,0.2313800834937671,0.05,high,tabular,health,label_integrity,content_safety,logreg,3180.0,1060.0,fraction,0.7300520246789048,0.019653313410975454,0.1161398634354795,clean held-out test set (no pre-training detector reused),0.7407407407407407,0.0,1.0,,,,,,,
framingham,label_flip,label_integrity,0.0,4,0.0,0.2313800834937671,0.05,high,tabular,health,label_integrity,content_safety,xgboost,3180.0,1060.0,fraction,0.6732186901940733,0.04744273725774068,0.12712097327830071,clean held-out test set (no pre-training detector reused),0.5277777777777778,0.0,1.0,,,,,,,
framingham,label_flip,label_integrity,0.03,4,0.0298742138364779,0.2654673644914253,0.05,high,tabular,health,label_integrity,content_safety,logreg,3180.0,1060.0,fraction,0.7248633747642308,0.03145609601062435,0.11679774296527705,clean held-out test set (no pre-training detector reused),0.6203703703703703,0.0,1.0,,,,,,,
framingham,label_flip,label_integrity,0.03,4,0.0298742138364779,0.2654673644914253,0.05,high,tabular,health,label_integrity,content_safety,xgboost,3180.0,1060.0,fraction,0.6660540697393239,0.03799210550913693,0.12659233720405147,clean held-out test set (no pre-training detector reused),0.4166666666666667,0.0,1.0,,,,,,,
framingham,label_flip,label_integrity,0.05,4,0.05,0.2792958290571316,0.05,high,tabular,health,label_integrity,content_safety,logreg,3180.0,1060.0,fraction,0.7271364317841079,0.035931207154876695,0.11747755357049731,clean held-out test set (no pre-training detector reused),0.7592592592592592,0.0,1.0,,,,,,,
framingham,label_flip,label_integrity,0.05,4,0.05,0.2792958290571316,0.05,high,tabular,health,label_integrity,content_safety,xgboost,3180.0,1060.0,fraction,0.6619708578890278,0.03407291386294054,0.1257574697117385,clean held-out test set (no pre-training detector reused),0.5,0.0,1.0,,,,,,,
framingham,label_flip,label_integrity,0.1,4,0.1,0.3361132983653582,0.05,high,tabular,health,label_integrity,content_safety,logreg,3180.0,1060.0,fraction,0.7203172607244764,0.08157877505234898,0.12317331059754784,clean held-out test set (no pre-training detector reused),0.5555555555555556,0.0,1.0,,,,,,,
framingham,label_flip,label_integrity,0.1,4,0.1,0.3361132983653582,0.05,high,tabular,health,label_integrity,content_safety,xgboost,3180.0,1060.0,fraction,0.6088200139561556,0.07086781317649304,0.13550917880520447,clean held-out test set (no pre-training detector reused),0.37037037037037035,0.0,1.0,,,,,,,
framingham,label_flip,label_integrity,0.2,4,0.2,0.4012919398221991,0.05,high,tabular,health,label_integrity,content_safety,logreg,3180.0,1060.0,fraction,0.7132424571124576,0.1382684513198969,0.1368220730138707,clean held-out test set (no pre-training detector reused),0.5185185185185186,0.0,1.0,,,,,,,
framingham,label_flip,label_integrity,0.2,4,0.2,0.4012919398221991,0.05,high,tabular,health,label_integrity,content_safety,xgboost,3180.0,1060.0,fraction,0.6486917831406877,0.12335212312744191,0.1437994015717709,clean held-out test set (no pre-training detector reused),0.6759259259259258,0.0,1.0,,,,,,,
framingham,label_flip,label_integrity,0.3,4,0.3,0.4619587109940154,0.05,high,tabular,health,label_integrity,content_safety,logreg,3180.0,1060.0,fraction,0.6941460145503286,0.22684465583424296,0.17274460424379487,clean held-out test set (no pre-training detector reused),0.4537037037037037,0.0,1.0,,,,,,,
framingham,label_flip,label_integrity,0.3,4,0.3,0.4619587109940154,0.05,high,tabular,health,label_integrity,content_safety,xgboost,3180.0,1060.0,fraction,0.6272601026675603,0.22551319057930191,0.18039085889452144,clean held-out test set (no pre-training detector reused),0.5,0.0,1.0,,,,,,,
framingham,label_flip,label_integrity,0.4,4,0.4,0.4873110236349743,0.05,high,tabular,health,label_integrity,content_safety,logreg,3180.0,1060.0,fraction,0.5777088414318187,0.27846073116042397,0.20399475178017185,clean held-out test set (no pre-training detector reused),0.4537037037037038,0.0,1.0,,,,,,,
framingham,label_flip,label_integrity,0.4,4,0.4,0.4873110236349743,0.05,high,tabular,health,label_integrity,content_safety,xgboost,3180.0,1060.0,fraction,0.5386730597834722,0.2743907546870551,0.21659614177366623,clean held-out test set (no pre-training detector reused),0.5740740740740741,0.0,1.0,,,,,,,
framingham,range_violation,measurement_range_violation,0.0,0,0.0,0.0981132075471698,0.01,high,tabular,health,measurement_range_violation,physical_safety,logreg,3180.0,1060.0,fraction,0.6929991225585364,0.02951322415870826,0.12030853289989708,clean held-out test set (no pre-training detector reused),0.52,0.0,1.0,,,,,,,
framingham,range_violation,measurement_range_violation,0.0,0,0.0,0.0981132075471698,0.01,high,tabular,health,measurement_range_violation,physical_safety,xgboost,3180.0,1060.0,fraction,0.646294364338568,0.055560903584821825,0.12848515750293016,clean held-out test set (no pre-training detector reused),0.352,0.0,1.0,,,,,,,
framingham,range_violation,measurement_range_violation,0.03,0,0.0298742138364779,0.1235849056603773,0.01,high,tabular,health,measurement_range_violation,physical_safety,logreg,3180.0,1060.0,fraction,0.6826978215961145,0.024059072661128195,0.1226821048632289,clean held-out test set (no pre-training detector reused),0.48,0.0,1.0,,,,,,,
framingham,range_violation,measurement_range_violation,0.03,0,0.0298742138364779,0.1235849056603773,0.01,high,tabular,health,measurement_range_violation,physical_safety,xgboost,3180.0,1060.0,fraction,0.6332571041668106,0.06493751790027466,0.12870687450555554,clean held-out test set (no pre-training detector reused),0.32799999999999996,0.0,1.0,,,,,,,
framingham,range_violation,measurement_range_violation,0.05,0,0.05,0.1418238993710691,0.01,high,tabular,health,measurement_range_violation,physical_safety,logreg,3180.0,1060.0,fraction,0.6851712392651601,0.020176393885256463,0.1228567673765088,clean held-out test set (no pre-training detector reused),0.528,0.0,1.0,,,,,,,
framingham,range_violation,measurement_range_violation,0.05,0,0.05,0.1418238993710691,0.01,high,tabular,health,measurement_range_violation,physical_safety,xgboost,3180.0,1060.0,fraction,0.6455827385846247,0.05955518167817369,0.12941481477249242,clean held-out test set (no pre-training detector reused),0.312,0.0,1.0,,,,,,,
framingham,range_violation,measurement_range_violation,0.1,0,0.1,0.1886792452830188,0.01,high,tabular,health,measurement_range_violation,physical_safety,logreg,3180.0,1060.0,fraction,0.6800516792295097,0.023960857280046568,0.12330888277846903,clean held-out test set (no pre-training detector reused),0.552,0.0,1.0,,,,,,,
framingham,range_violation,measurement_range_violation,0.1,0,0.1,0.1886792452830188,0.01,high,tabular,health,measurement_range_violation,physical_safety,xgboost,3180.0,1060.0,fraction,0.6515659221080704,0.05717144298701073,0.13008153503708342,clean held-out test set (no pre-training detector reused),0.416,0.0,1.0,,,,,,,
framingham,range_violation,measurement_range_violation,0.2,0,0.2,0.2770440251572327,0.01,high,tabular,health,measurement_range_violation,physical_safety,logreg,3180.0,1060.0,fraction,0.6790015130683504,0.01970377277574528,0.12352180283303742,clean held-out test set (no pre-training detector reused),0.5920000000000001,0.0,1.0,,,,,,,
framingham,range_violation,measurement_range_violation,0.2,0,0.2,0.2770440251572327,0.01,high,tabular,health,measurement_range_violation,physical_safety,xgboost,3180.0,1060.0,fraction,0.6474965282335791,0.06420239707507755,0.1284281512063799,clean held-out test set (no pre-training detector reused),0.352,0.0,1.0,,,,,,,
framingham,range_violation,measurement_range_violation,0.3,0,0.3,0.3732704402515723,0.01,high,tabular,health,measurement_range_violation,physical_safety,logreg,3180.0,1060.0,fraction,0.681012028547938,0.020549188573855598,0.12326781895913466,clean held-out test set (no pre-training detector reused),0.456,0.0,1.0,,,,,,,
framingham,range_violation,measurement_range_violation,0.3,0,0.3,0.3732704402515723,0.01,high,tabular,health,measurement_range_violation,physical_safety,xgboost,3180.0,1060.0,fraction,0.6595734390869082,0.052279633744444054,0.12730606186037954,clean held-out test set (no pre-training detector reused),0.368,0.0,1.0,,,,,,,
framingham,range_violation,measurement_range_violation,0.4,0,0.4,0.4553459119496855,0.01,high,tabular,health,measurement_range_violation,physical_safety,logreg,3180.0,1060.0,fraction,0.6768182728912041,0.02089689227824726,0.12337359300346305,clean held-out test set (no pre-training detector reused),0.536,0.0,1.0,,,,,,,
framingham,range_violation,measurement_range_violation,0.4,0,0.4,0.4553459119496855,0.01,high,tabular,health,measurement_range_violation,physical_safety,xgboost,3180.0,1060.0,fraction,0.6503983031525713,0.059078551303454734,0.12694378933340655,clean held-out test set (no pre-training detector reused),0.36,0.0,1.0,,,,,,,
framingham,range_violation,measurement_range_violation,0.0,1,0.0,0.10062893081761,0.01,high,tabular,health,measurement_range_violation,physical_safety,logreg,3180.0,1060.0,fraction,0.7329607085857992,0.02868305414930547,0.1165800121486672,clean held-out test set (no pre-training detector reused),,,,,,,,,,
framingham,range_violation,measurement_range_violation,0.0,1,0.0,0.10062893081761,0.01,high,tabular,health,measurement_range_violation,physical_safety,xgboost,3180.0,1060.0,fraction,0.6681544020616419,0.05832100647703726,0.12818252147335213,clean held-out test set (no pre-training detector reused),,,,,,,,,,
framingham,range_violation,measurement_range_violation,0.03,1,0.0298742138364779,0.1283018867924528,0.01,high,tabular,health,measurement_range_violation,physical_safety,logreg,3180.0,1060.0,fraction,0.726756437449478,0.02314894040575615,0.11835249071654538,clean held-out test set (no pre-training detector reused),,,,,,,,,,
framingham,range_violation,measurement_range_violation,0.03,1,0.0298742138364779,0.1283018867924528,0.01,high,tabular,health,measurement_range_violation,physical_safety,xgboost,3180.0,1060.0,fraction,0.6691009334042656,0.05699211274809643,0.12818136919794793,clean held-out test set (no pre-training detector reused),,,,,,,,,,
framingham,range_violation,measurement_range_violation,0.05,1,0.05,0.1443396226415094,0.01,high,tabular,health,measurement_range_violation,physical_safety,logreg,3180.0,1060.0,fraction,0.7248633747642308,0.02400707879005253,0.11891066459130782,clean held-out test set (no pre-training detector reused),,,,,,,,,,
framingham,range_violation,measurement_range_violation,0.05,1,0.05,0.1443396226415094,0.01,high,tabular,health,measurement_range_violation,physical_safety,xgboost,3180.0,1060.0,fraction,0.6555109542003192,0.05859193191182678,0.12900710541945662,clean held-out test set (no pre-training detector reused),,,,,,,,,,
framingham,range_violation,measurement_range_violation,0.1,1,0.1,0.190251572327044,0.01,high,tabular,health,measurement_range_violation,physical_safety,logreg,3180.0,1060.0,fraction,0.7234677592079536,0.024776135567032304,0.119164459704711,clean held-out test set (no pre-training detector reused),,,,,,,,,,
framingham,range_violation,measurement_range_violation,0.1,1,0.1,0.190251572327044,0.01,high,tabular,health,measurement_range_violation,physical_safety,xgboost,3180.0,1060.0,fraction,0.6584887279862374,0.06813378032859205,0.12803412250078616,clean held-out test set (no pre-training detector reused),,,,,,,,,,
framingham,range_violation,measurement_range_violation,0.2,1,0.2,0.2817610062893081,0.01,high,tabular,health,measurement_range_violation,physical_safety,logreg,3180.0,1060.0,fraction,0.7151769737251189,0.025906484140848948,0.11987327147791733,clean held-out test set (no pre-training detector reused),,,,,,,,,,
framingham,range_violation,measurement_range_violation,0.2,1,0.2,0.2817610062893081,0.01,high,tabular,health,measurement_range_violation,physical_safety,xgboost,3180.0,1060.0,fraction,0.6698194681461112,0.05268334780890003,0.12546845750123556,clean held-out test set (no pre-training detector reused),,,,,,,,,,
framingham,range_violation,measurement_range_violation,0.3,1,0.3,0.3735849056603773,0.01,high,tabular,health,measurement_range_violation,physical_safety,logreg,3180.0,1060.0,fraction,0.7205452573252544,0.02838740869595791,0.11948581744873199,clean held-out test set (no pre-training detector reused),,,,,,,,,,
framingham,range_violation,measurement_range_violation,0.3,1,0.3,0.3735849056603773,0.01,high,tabular,health,measurement_range_violation,physical_safety,xgboost,3180.0,1060.0,fraction,0.6800862241690215,0.04373708121052433,0.1246463499853098,clean held-out test set (no pre-training detector reused),,,,,,,,,,
framingham,range_violation,measurement_range_violation,0.4,1,0.4,0.4550314465408805,0.01,high,tabular,health,measurement_range_violation,physical_safety,logreg,3180.0,1060.0,fraction,0.7185554688093742,0.022820357448339233,0.11971897679312342,clean held-out test set (no pre-training detector reused),,,,,,,,,,
framingham,range_violation,measurement_range_violation,0.4,1,0.4,0.4550314465408805,0.01,high,tabular,health,measurement_range_violation,physical_safety,xgboost,3180.0,1060.0,fraction,0.6764313695686719,0.045552276428086014,0.12511985404566817,clean held-out test set (no pre-training detector reused),,,,,,,,,,
framingham,range_violation,measurement_range_violation,0.0,2,0.0,0.1037735849056603,0.01,high,tabular,health,measurement_range_violation,physical_safety,logreg,3180.0,1060.0,fraction,0.7375620945287726,0.020816453872744865,0.1151352999125213,clean held-out test set (no pre-training detector reused),0.4827586206896552,0.19432471264367807,2.0,,,,,,,
framingham,range_violation,measurement_range_violation,0.0,2,0.0,0.1037735849056603,0.01,high,tabular,health,measurement_range_violation,physical_safety,xgboost,3180.0,1060.0,fraction,0.682138193576023,0.05411097454719844,0.12437455161531516,clean held-out test set (no pre-training detector reused),0.39655172413793105,0.41594827586206884,2.0,,,,,,,
framingham,range_violation,measurement_range_violation,0.03,2,0.0298742138364779,0.1311320754716981,0.01,high,tabular,health,measurement_range_violation,physical_safety,logreg,3180.0,1060.0,fraction,0.7351715847145552,0.016873814665968826,0.11665127590680192,clean held-out test set (no pre-training detector reused),0.6666666666666666,0.074712643678161,2.0,,,,,,,
framingham,range_violation,measurement_range_violation,0.03,2,0.0298742138364779,0.1311320754716981,0.01,high,tabular,health,measurement_range_violation,physical_safety,xgboost,3180.0,1060.0,fraction,0.6730736014481239,0.04694562650610746,0.12555438559544818,clean held-out test set (no pre-training detector reused),0.41379310344827586,0.4716235632183908,2.0,,,,,,,
framingham,range_violation,measurement_range_violation,0.05,2,0.05,0.1496855345911949,0.01,high,tabular,health,measurement_range_violation,physical_safety,logreg,3180.0,1060.0,fraction,0.7339625118316417,0.012562915824025368,0.11687224884872634,clean held-out test set (no pre-training detector reused),0.65625,0.10237068965517238,2.0,,,,,,,
framingham,range_violation,measurement_range_violation,0.05,2,0.05,0.1496855345911949,0.01,high,tabular,health,measurement_range_violation,physical_safety,xgboost,3180.0,1060.0,fraction,0.6797407747739034,0.048993004654986634,0.12407852944691827,clean held-out test set (no pre-training detector reused),0.7068965517241379,0.09518678160919536,2.0,,,,,,,
framingham,range_violation,measurement_range_violation,0.1,2,0.1,0.1937106918238993,0.01,high,tabular,health,measurement_range_violation,physical_safety,logreg,3180.0,1060.0,fraction,0.7336585163639378,0.01681918308554074,0.11726722249847181,clean held-out test set (no pre-training detector reused),0.5833333333333333,0.17528735632183912,2.0,,,,,,,
framingham,range_violation,measurement_range_violation,0.1,2,0.1,0.1937106918238993,0.01,high,tabular,health,measurement_range_violation,physical_safety,xgboost,3180.0,1060.0,fraction,0.6688522098397807,0.054200273152783446,0.1261649215098424,clean held-out test set (no pre-training detector reused),0.5172413793103448,0.23275862068965525,2.0,,,,,,,
framingham,range_violation,measurement_range_violation,0.2,2,0.2,0.2836477987421383,0.01,high,tabular,health,measurement_range_violation,physical_safety,logreg,3180.0,1060.0,fraction,0.7300589336668072,0.017939549617233357,0.11743560591941891,clean held-out test set (no pre-training detector reused),0.5208333333333333,0.18606321839080464,2.0,,,,,,,
framingham,range_violation,measurement_range_violation,0.2,2,0.2,0.2836477987421383,0.01,high,tabular,health,measurement_range_violation,physical_safety,xgboost,3180.0,1060.0,fraction,0.6795127781731254,0.038928574597779306,0.12315386095678775,clean held-out test set (no pre-training detector reused),0.6034482758620691,0.25071839080459757,2.0,,,,,,,
framingham,range_violation,measurement_range_violation,0.3,2,0.3,0.3726415094339622,0.01,high,tabular,health,measurement_range_violation,physical_safety,logreg,3180.0,1060.0,fraction,0.7289189506629175,0.017116058171948043,0.11760737374414842,clean held-out test set (no pre-training detector reused),0.4895833333333333,0.21731321839080459,2.0,,,,,,,
framingham,range_violation,measurement_range_violation,0.3,2,0.3,0.3726415094339622,0.01,high,tabular,health,measurement_range_violation,physical_safety,xgboost,3180.0,1060.0,fraction,0.6910853329095821,0.04523513538758534,0.1207758952944158,clean held-out test set (no pre-training detector reused),0.5689655172413792,0.13936781609195414,2.0,,,,,,,
framingham,range_violation,measurement_range_violation,0.4,2,0.4,0.4628930817610063,0.01,high,tabular,health,measurement_range_violation,physical_safety,logreg,3180.0,1060.0,fraction,0.7304734729409489,0.018424457162972214,0.11752155332687897,clean held-out test set (no pre-training detector reused),0.5104166666666666,0.230962643678161,2.0,,,,,,,
framingham,range_violation,measurement_range_violation,0.4,2,0.4,0.4628930817610063,0.01,high,tabular,health,measurement_range_violation,physical_safety,xgboost,3180.0,1060.0,fraction,0.6859243189465175,0.0336805018012078,0.1207836443163583,clean held-out test set (no pre-training detector reused),0.27586206896551724,0.5053879310344828,2.0,,,,,,,
framingham,range_violation,measurement_range_violation,0.0,3,0.0,0.1037735849056603,0.01,high,tabular,health,measurement_range_violation,physical_safety,logreg,3180.0,1060.0,fraction,0.7278687845017583,0.020212109656561797,0.11504797950578392,clean held-out test set (no pre-training detector reused),,,,,,,,,,
framingham,range_violation,measurement_range_violation,0.0,3,0.0,0.1037735849056603,0.01,high,tabular,health,measurement_range_violation,physical_safety,xgboost,3180.0,1060.0,fraction,0.6545713318455979,0.05641727432068264,0.12804909586960664,clean held-out test set (no pre-training detector reused),,,,,,,,,,
framingham,range_violation,measurement_range_violation,0.03,3,0.0298742138364779,0.130503144654088,0.01,high,tabular,health,measurement_range_violation,physical_safety,logreg,3180.0,1060.0,fraction,0.7158885994790624,0.011442864013897405,0.11745262583019377,clean held-out test set (no pre-training detector reused),,,,,,,,,,
framingham,range_violation,measurement_range_violation,0.03,3,0.0298742138364779,0.130503144654088,0.01,high,tabular,health,measurement_range_violation,physical_safety,xgboost,3180.0,1060.0,fraction,0.6577840112201965,0.05657329854252308,0.12714608225188298,clean held-out test set (no pre-training detector reused),,,,,,,,,,
framingham,range_violation,measurement_range_violation,0.05,3,0.05,0.1487421383647798,0.01,high,tabular,health,measurement_range_violation,physical_safety,logreg,3180.0,1060.0,fraction,0.7200961731116008,0.011750266475376333,0.11728585936363731,clean held-out test set (no pre-training detector reused),,,,,,,,,,
framingham,range_violation,measurement_range_violation,0.05,3,0.05,0.1487421383647798,0.01,high,tabular,health,measurement_range_violation,physical_safety,xgboost,3180.0,1060.0,fraction,0.6552000497447129,0.06130972653978839,0.12705164419043255,clean held-out test set (no pre-training detector reused),,,,,,,,,,
framingham,range_violation,measurement_range_violation,0.1,3,0.1,0.1946540880503144,0.01,high,tabular,health,measurement_range_violation,physical_safety,logreg,3180.0,1060.0,fraction,0.7155293321081395,0.012498123485817143,0.11783172670605854,clean held-out test set (no pre-training detector reused),,,,,,,,,,
framingham,range_violation,measurement_range_violation,0.1,3,0.1,0.1946540880503144,0.01,high,tabular,health,measurement_range_violation,physical_safety,xgboost,3180.0,1060.0,fraction,0.6531204443861018,0.049695602799370395,0.12672327736872172,clean held-out test set (no pre-training detector reused),,,,,,,,,,
framingham,range_violation,measurement_range_violation,0.2,3,0.2,0.2830188679245283,0.01,high,tabular,health,measurement_range_violation,physical_safety,logreg,3180.0,1060.0,fraction,0.7170631274224638,0.011802149767083011,0.11783148527714268,clean held-out test set (no pre-training detector reused),,,,,,,,,,
framingham,range_violation,measurement_range_violation,0.2,3,0.2,0.2830188679245283,0.01,high,tabular,health,measurement_range_violation,physical_safety,xgboost,3180.0,1060.0,fraction,0.6528371758821051,0.042830265403224405,0.12560249781470242,clean held-out test set (no pre-training detector reused),,,,,,,,,,
framingham,range_violation,measurement_range_violation,0.3,3,0.3,0.3672955974842767,0.01,high,tabular,health,measurement_range_violation,physical_safety,logreg,3180.0,1060.0,fraction,0.7130282784874843,0.01734316556620137,0.11838498155379278,clean held-out test set (no pre-training detector reused),,,,,,,,,,
framingham,range_violation,measurement_range_violation,0.3,3,0.3,0.3672955974842767,0.01,high,tabular,health,measurement_range_violation,physical_safety,xgboost,3180.0,1060.0,fraction,0.6723343397425712,0.041873454494964116,0.1234394213225466,clean held-out test set (no pre-training detector reused),,,,,,,,,,
framingham,range_violation,measurement_range_violation,0.4,3,0.4,0.4616352201257861,0.01,high,tabular,health,measurement_range_violation,physical_safety,logreg,3180.0,1060.0,fraction,0.7126206482012449,0.015455693029846219,0.11837224166767157,clean held-out test set (no pre-training detector reused),,,,,,,,,,
framingham,range_violation,measurement_range_violation,0.4,3,0.4,0.4616352201257861,0.01,high,tabular,health,measurement_range_violation,physical_safety,xgboost,3180.0,1060.0,fraction,0.6465016339756389,0.05282277084276396,0.12807851404477028,clean held-out test set (no pre-training detector reused),,,,,,,,,,
framingham,range_violation,measurement_range_violation,0.0,4,0.0,0.1037735849056603,0.01,high,tabular,health,measurement_range_violation,physical_safety,logreg,3180.0,1060.0,fraction,0.7300520246789048,0.019653313410975454,0.1161398634354795,clean held-out test set (no pre-training detector reused),0.7407407407407407,0.0,1.0,,,,,,,
framingham,range_violation,measurement_range_violation,0.0,4,0.0,0.1037735849056603,0.01,high,tabular,health,measurement_range_violation,physical_safety,xgboost,3180.0,1060.0,fraction,0.6732186901940733,0.04744273725774068,0.12712097327830071,clean held-out test set (no pre-training detector reused),0.5277777777777778,0.0,1.0,,,,,,,
framingham,range_violation,measurement_range_violation,0.03,4,0.0298742138364779,0.130188679245283,0.01,high,tabular,health,measurement_range_violation,physical_safety,logreg,3180.0,1060.0,fraction,0.7253677308811032,0.015089481069445724,0.11758173648271786,clean held-out test set (no pre-training detector reused),0.7962962962962962,0.0,1.0,,,,,,,
framingham,range_violation,measurement_range_violation,0.03,4,0.0298742138364779,0.130188679245283,0.01,high,tabular,health,measurement_range_violation,physical_safety,xgboost,3180.0,1060.0,fraction,0.657721830329075,0.04935337594251219,0.12791000932450378,clean held-out test set (no pre-training detector reused),0.4629629629629629,0.0,1.0,,,,,,,
framingham,range_violation,measurement_range_violation,0.05,4,0.05,0.1493710691823899,0.01,high,tabular,health,measurement_range_violation,physical_safety,logreg,3180.0,1060.0,fraction,0.7264040790664575,0.018867045088311434,0.11772351345225678,clean held-out test set (no pre-training detector reused),0.787037037037037,0.0,1.0,,,,,,,
framingham,range_violation,measurement_range_violation,0.05,4,0.05,0.1493710691823899,0.01,high,tabular,health,measurement_range_violation,physical_safety,xgboost,3180.0,1060.0,fraction,0.6584403650709207,0.05417337163575522,0.12735886233996385,clean held-out test set (no pre-training detector reused),0.4444444444444445,0.0,1.0,,,,,,,
framingham,range_violation,measurement_range_violation,0.1,4,0.1,0.1937106918238993,0.01,high,tabular,health,measurement_range_violation,physical_safety,logreg,3180.0,1060.0,fraction,0.7258513600342685,0.01223145656274209,0.11761071305732076,clean held-out test set (no pre-training detector reused),0.7962962962962963,0.0,1.0,,,,,,,
framingham,range_violation,measurement_range_violation,0.1,4,0.1,0.1937106918238993,0.01,high,tabular,health,measurement_range_violation,physical_safety,xgboost,3180.0,1060.0,fraction,0.6772397211532482,0.04367373417557728,0.12483552540954083,clean held-out test set (no pre-training detector reused),0.6111111111111112,0.0,1.0,,,,,,,
framingham,range_violation,measurement_range_violation,0.2,4,0.2,0.2852201257861635,0.01,high,tabular,health,measurement_range_violation,physical_safety,logreg,3180.0,1060.0,fraction,0.722327776204064,0.01299700126277443,0.11802264502864632,clean held-out test set (no pre-training detector reused),0.7962962962962963,0.0,1.0,,,,,,,
framingham,range_violation,measurement_range_violation,0.2,4,0.2,0.2852201257861635,0.01,high,tabular,health,measurement_range_violation,physical_safety,xgboost,3180.0,1060.0,fraction,0.6785247929030878,0.045897548576105236,0.12363467604031274,clean held-out test set (no pre-training detector reused),0.4166666666666667,0.0,1.0,,,,,,,
framingham,range_violation,measurement_range_violation,0.3,4,0.3,0.3726415094339622,0.01,high,tabular,health,measurement_range_violation,physical_safety,logreg,3180.0,1060.0,fraction,0.7229495851152765,0.01179588686745567,0.11793992959874981,clean held-out test set (no pre-training detector reused),0.7962962962962963,0.0,1.0,,,,,,,
framingham,range_violation,measurement_range_violation,0.3,4,0.3,0.3726415094339622,0.01,high,tabular,health,measurement_range_violation,physical_safety,xgboost,3180.0,1060.0,fraction,0.6915965980143568,0.03716997556511384,0.12429343211747429,clean held-out test set (no pre-training detector reused),0.5370370370370371,0.0,1.0,,,,,,,
framingham,range_violation,measurement_range_violation,0.4,4,0.4,0.4610062893081761,0.01,high,tabular,health,measurement_range_violation,physical_safety,logreg,3180.0,1060.0,fraction,0.7224314110225992,0.014891397687564005,0.1180834820916274,clean held-out test set (no pre-training detector reused),0.7777777777777777,0.0,1.0,,,,,,,
framingham,range_violation,measurement_range_violation,0.4,4,0.4,0.4610062893081761,0.01,high,tabular,health,measurement_range_violation,physical_safety,xgboost,3180.0,1060.0,fraction,0.6909540621394372,0.033387866495660376,0.12348305266257335,clean held-out test set (no pre-training detector reused),0.5925925925925926,0.0,1.0,,,,,,,
framingham,subgroup_dropout,representation_imbalance,0.0,0,0.0,0.2171300893743793,0.1,high,tabular,health,representation_imbalance,content_safety,logreg,3180.0,1060.0,fraction,0.6929991225585364,0.02951322415870826,0.12030853289989708,clean held-out test set (no pre-training detector reused),0.52,0.0,1.0,,,,,,,
framingham,subgroup_dropout,representation_imbalance,0.0,0,0.0,0.2171300893743793,0.1,high,tabular,health,representation_imbalance,content_safety,xgboost,3180.0,1060.0,fraction,0.646294364338568,0.055560903584821825,0.12848515750293016,clean held-out test set (no pre-training detector reused),0.352,0.0,1.0,,,,,,,
framingham,subgroup_dropout,representation_imbalance,0.03,0,0.024390243902439,0.2174445547831843,0.1,high,tabular,health,representation_imbalance,content_safety,logreg,3180.0,1060.0,fraction,0.6930198495222434,0.029895521292577533,0.12030451646178142,clean held-out test set (no pre-training detector reused),0.52,0.0,1.0,,,,,,,
framingham,subgroup_dropout,representation_imbalance,0.03,0,0.024390243902439,0.2174445547831843,0.1,high,tabular,health,representation_imbalance,content_safety,xgboost,3180.0,1060.0,fraction,0.6506401177291539,0.05771487712649241,0.12870062026494297,clean held-out test set (no pre-training detector reused),0.424,0.0,1.0,,,,,,,
framingham,subgroup_dropout,representation_imbalance,0.05,0,0.048780487804878,0.2177590201919894,0.1,high,tabular,health,representation_imbalance,content_safety,logreg,3180.0,1060.0,fraction,0.6926191282239065,0.029919348405026115,0.120323358812204,clean held-out test set (no pre-training detector reused),0.528,0.0,1.0,,,,,,,
framingham,subgroup_dropout,representation_imbalance,0.05,0,0.048780487804878,0.2177590201919894,0.1,high,tabular,health,representation_imbalance,content_safety,xgboost,3180.0,1060.0,fraction,0.649610678531702,0.059003589273966366,0.12828219968833396,clean held-out test set (no pre-training detector reused),0.36,0.0,1.0,,,,,,,
framingham,subgroup_dropout,representation_imbalance,0.1,0,0.0975609756097561,0.2183879510095994,0.1,high,tabular,health,representation_imbalance,content_safety,logreg,3180.0,1060.0,fraction,0.6926882181029301,0.02908149875890769,0.12030039405673876,clean held-out test set (no pre-training detector reused),0.512,0.0,1.0,,,,,,,
framingham,subgroup_dropout,representation_imbalance,0.1,0,0.0975609756097561,0.2183879510095994,0.1,high,tabular,health,representation_imbalance,content_safety,xgboost,3180.0,1060.0,fraction,0.634714900614209,0.06630308598978445,0.129363641377336,clean held-out test set (no pre-training detector reused),0.28,0.0,1.0,,,,,,,
framingham,subgroup_dropout,representation_imbalance,0.2,0,0.1951219512195122,0.2196458126448195,0.1,high,tabular,health,representation_imbalance,content_safety,logreg,3180.0,1060.0,fraction,0.693088939401267,0.03073772677784105,0.12029961793469825,clean held-out test set (no pre-training detector reused),0.528,0.0,1.0,,,,,,,
framingham,subgroup_dropout,representation_imbalance,0.2,0,0.1951219512195122,0.2196458126448195,0.1,high,tabular,health,representation_imbalance,content_safety,xgboost,3180.0,1060.0,fraction,0.6338029142110972,0.06529056292317176,0.1299410966254332,clean held-out test set (no pre-training detector reused),0.32,0.0,1.0,,,,,,,
framingham,subgroup_dropout,representation_imbalance,0.3,0,0.2926829268292683,0.2209036742800397,0.1,high,tabular,health,representation_imbalance,content_safety,logreg,3180.0,1060.0,fraction,0.6933031180262403,0.0300641931297308,0.12037103703508598,clean held-out test set (no pre-training detector reused),0.536,0.0,1.0,,,,,,,
framingham,subgroup_dropout,representation_imbalance,0.3,0,0.2926829268292683,0.2209036742800397,0.1,high,tabular,health,representation_imbalance,content_safety,xgboost,3180.0,1060.0,fraction,0.6376374024969083,0.06441302159823091,0.12966756601262863,clean held-out test set (no pre-training detector reused),0.312,0.0,1.0,,,,,,,
framingham,subgroup_dropout,representation_imbalance,0.4,0,0.3902439024390244,0.2221615359152598,0.1,high,tabular,health,representation_imbalance,content_safety,logreg,3180.0,1060.0,fraction,0.6927573079819537,0.029536673193525546,0.12032601561351741,clean held-out test set (no pre-training detector reused),0.52,0.0,1.0,,,,,,,
framingham,subgroup_dropout,representation_imbalance,0.4,0,0.3902439024390244,0.2221615359152598,0.1,high,tabular,health,representation_imbalance,content_safety,xgboost,3180.0,1060.0,fraction,0.6395719191095696,0.06564469981349935,0.1294581083345218,clean held-out test set (no pre-training detector reused),0.27999999999999997,0.0,1.0,,,,,,,
framingham,subgroup_dropout,representation_imbalance,0.0,1,0.0,0.2203243958953988,0.1,high,tabular,health,representation_imbalance,content_safety,logreg,3180.0,1060.0,fraction,0.7329607085857992,0.02868305414930547,0.1165800121486672,clean held-out test set (no pre-training detector reused),,,,,,,,,,
framingham,subgroup_dropout,representation_imbalance,0.0,1,0.0,0.2203243958953988,0.1,high,tabular,health,representation_imbalance,content_safety,xgboost,3180.0,1060.0,fraction,0.6681544020616419,0.05832100647703726,0.12818252147335213,clean held-out test set (no pre-training detector reused),,,,,,,,,,
framingham,subgroup_dropout,representation_imbalance,0.03,1,0.025,0.2206388613042038,0.1,high,tabular,health,representation_imbalance,content_safety,logreg,3180.0,1060.0,fraction,0.7329399816220922,0.025292502999430803,0.11656253635140824,clean held-out test set (no pre-training detector reused),,,,,,,,,,
framingham,subgroup_dropout,representation_imbalance,0.03,1,0.025,0.2206388613042038,0.1,high,tabular,health,representation_imbalance,content_safety,xgboost,3180.0,1060.0,fraction,0.6513517434830972,0.08805937149720089,0.13112223129713874,clean held-out test set (no pre-training detector reused),,,,,,,,,,
framingham,subgroup_dropout,representation_imbalance,0.05,1,0.05,0.2209533267130089,0.1,high,tabular,health,representation_imbalance,content_safety,logreg,3180.0,1060.0,fraction,0.7329883445374087,0.02808916204533185,0.11656717848696352,clean held-out test set (no pre-training detector reused),,,,,,,,,,
framingham,subgroup_dropout,representation_imbalance,0.05,1,0.05,0.2209533267130089,0.1,high,tabular,health,representation_imbalance,content_safety,xgboost,3180.0,1060.0,fraction,0.654191337510968,0.06093134278154774,0.12870927535057117,clean held-out test set (no pre-training detector reused),,,,,,,,,,
framingham,subgroup_dropout,representation_imbalance,0.1,1,0.1,0.2215822575306189,0.1,high,tabular,health,representation_imbalance,content_safety,logreg,3180.0,1060.0,fraction,0.7333821568478434,0.021965774498287072,0.11655298803516194,clean held-out test set (no pre-training detector reused),,,,,,,,,,
framingham,subgroup_dropout,representation_imbalance,0.1,1,0.1,0.2215822575306189,0.1,high,tabular,health,representation_imbalance,content_safety,xgboost,3180.0,1060.0,fraction,0.6573418359944452,0.06671065959534696,0.12894244124662904,clean held-out test set (no pre-training detector reused),,,,,,,,,,
framingham,subgroup_dropout,representation_imbalance,0.2,1,0.2,0.2228401191658391,0.1,high,tabular,health,representation_imbalance,content_safety,logreg,3180.0,1060.0,fraction,0.7326567131180952,0.02930248578968352,0.11663796467112786,clean held-out test set (no pre-training detector reused),,,,,,,,,,
framingham,subgroup_dropout,representation_imbalance,0.2,1,0.2,0.2228401191658391,0.1,high,tabular,health,representation_imbalance,content_safety,xgboost,3180.0,1060.0,fraction,0.6626755746550688,0.06423996233442834,0.1287761543910818,clean held-out test set (no pre-training detector reused),,,,,,,,,,
framingham,subgroup_dropout,representation_imbalance,0.3,1,0.3,0.2240979808010592,0.1,high,tabular,health,representation_imbalance,content_safety,logreg,3180.0,1060.0,fraction,0.7326705310939,0.02623055928494238,0.11658274382424665,clean held-out test set (no pre-training detector reused),,,,,,,,,,
framingham,subgroup_dropout,representation_imbalance,0.3,1,0.3,0.2240979808010592,0.1,high,tabular,health,representation_imbalance,content_safety,xgboost,3180.0,1060.0,fraction,0.6558564035954374,0.06559065495582544,0.12994858536967893,clean held-out test set (no pre-training detector reused),,,,,,,,,,
framingham,subgroup_dropout,representation_imbalance,0.4,1,0.4,0.2253558424362793,0.1,high,tabular,health,representation_imbalance,content_safety,logreg,3180.0,1060.0,fraction,0.7327050760334118,0.030668371427121616,0.11662336335312398,clean held-out test set (no pre-training detector reused),,,,,,,,,,
framingham,subgroup_dropout,representation_imbalance,0.4,1,0.4,0.2253558424362793,0.1,high,tabular,health,representation_imbalance,content_safety,xgboost,3180.0,1060.0,fraction,0.6628275723889208,0.05875323126378101,0.12885157271518327,clean held-out test set (no pre-training detector reused),,,,,,,,,,
framingham,subgroup_dropout,representation_imbalance,0.0,2,0.0,0.2174445547831843,0.1,high,tabular,health,representation_imbalance,content_safety,logreg,3180.0,1060.0,fraction,0.7375620945287726,0.020816453872744865,0.1151352999125213,clean held-out test set (no pre-training detector reused),0.4827586206896552,0.19432471264367807,2.0,,,,,,,
framingham,subgroup_dropout,representation_imbalance,0.0,2,0.0,0.2174445547831843,0.1,high,tabular,health,representation_imbalance,content_safety,xgboost,3180.0,1060.0,fraction,0.682138193576023,0.05411097454719844,0.12437455161531516,clean held-out test set (no pre-training detector reused),0.39655172413793105,0.41594827586206884,2.0,,,,,,,
framingham,subgroup_dropout,representation_imbalance,0.03,2,0.025,0.2177590201919893,0.1,high,tabular,health,representation_imbalance,content_safety,logreg,3180.0,1060.0,fraction,0.7376242754198936,0.01986872108826899,0.11513231340563804,clean held-out test set (no pre-training detector reused),0.4827586206896552,0.19432471264367807,2.0,,,,,,,
framingham,subgroup_dropout,representation_imbalance,0.03,2,0.025,0.2177590201919893,0.1,high,tabular,health,representation_imbalance,content_safety,xgboost,3180.0,1060.0,fraction,0.6780411637499223,0.05164414155648424,0.122912506823179,clean held-out test set (no pre-training detector reused),0.4482758620689655,0.38505747126436773,2.0,,,,,,,
framingham,subgroup_dropout,representation_imbalance,0.05,2,0.05,0.2180734856007944,0.1,high,tabular,health,representation_imbalance,content_safety,logreg,3180.0,1060.0,fraction,0.7375068226255537,0.018374285595143994,0.1151433440706094,clean held-out test set (no pre-training detector reused),0.4827586206896552,0.21515804597701144,2.0,,,,,,,
framingham,subgroup_dropout,representation_imbalance,0.05,2,0.05,0.2180734856007944,0.1,high,tabular,health,representation_imbalance,content_safety,xgboost,3180.0,1060.0,fraction,0.6857792302005679,0.04749504070012954,0.12242787762504738,clean held-out test set (no pre-training detector reused),0.5,0.3125,2.0,,,,,,,
framingham,subgroup_dropout,representation_imbalance,0.1,2,0.1,0.2187024164184044,0.1,high,tabular,health,representation_imbalance,content_safety,logreg,3180.0,1060.0,fraction,0.7375759125045771,0.018717622012718885,0.11508876222330744,clean held-out test set (no pre-training detector reused),0.4827586206896552,0.18390804597701144,2.0,,,,,,,
framingham,subgroup_dropout,representation_imbalance,0.1,2,0.1,0.2187024164184044,0.1,high,tabular,health,representation_imbalance,content_safety,xgboost,3180.0,1060.0,fraction,0.6840727101886844,0.04576971074324628,0.12279353869531172,clean held-out test set (no pre-training detector reused),0.5689655172413793,0.08728448275862066,2.0,,,,,,,
framingham,subgroup_dropout,representation_imbalance,0.2,2,0.2,0.2199602780536245,0.1,high,tabular,health,representation_imbalance,content_safety,logreg,3180.0,1060.0,fraction,0.7377900911295505,0.019972641263889396,0.11517645104191909,clean held-out test set (no pre-training detector reused),0.4827586206896552,0.2047413793103447,2.0,,,,,,,
framingham,subgroup_dropout,representation_imbalance,0.2,2,0.2,0.2199602780536245,0.1,high,tabular,health,representation_imbalance,content_safety,xgboost,3180.0,1060.0,fraction,0.6680853121826182,0.057531329391541756,0.12400372604204594,clean held-out test set (no pre-training detector reused),0.31034482758620685,0.4188218390804598,2.0,,,,,,,
framingham,subgroup_dropout,representation_imbalance,0.3,2,0.3,0.2212181396888447,0.1,high,tabular,health,representation_imbalance,content_safety,logreg,3180.0,1060.0,fraction,0.7366915620530748,0.01994159364625634,0.1152763042217805,clean held-out test set (no pre-training detector reused),0.4827586206896552,0.21515804597701144,2.0,,,,,,,
framingham,subgroup_dropout,representation_imbalance,0.3,2,0.3,0.2212181396888447,0.1,high,tabular,health,representation_imbalance,content_safety,xgboost,3180.0,1060.0,fraction,0.6830570889670372,0.05324541875227127,0.12412817016759549,clean held-out test set (no pre-training detector reused),0.4482758620689655,0.3329741379310345,2.0,,,,,,,
framingham,subgroup_dropout,representation_imbalance,0.4,2,0.4,0.2224760013240648,0.1,high,tabular,health,representation_imbalance,content_safety,logreg,3180.0,1060.0,fraction,0.7386053517020291,0.01874466490745469,0.11504568846820619,clean held-out test set (no pre-training detector reused),0.5,0.1875,2.0,,,,,,,
framingham,subgroup_dropout,representation_imbalance,0.4,2,0.4,0.2224760013240648,0.1,high,tabular,health,representation_imbalance,content_safety,xgboost,3180.0,1060.0,fraction,0.6883735551579049,0.043550013176622396,0.12320259782817426,clean held-out test set (no pre-training detector reused),0.27586206896551724,0.5053879310344828,2.0,,,,,,,
framingham,subgroup_dropout,representation_imbalance,0.0,3,0.0,0.2228401191658391,0.1,high,tabular,health,representation_imbalance,content_safety,logreg,3180.0,1060.0,fraction,0.7278687845017583,0.020212109656561797,0.11504797950578392,clean held-out test set (no pre-training detector reused),,,,,,,,,,
framingham,subgroup_dropout,representation_imbalance,0.0,3,0.0,0.2228401191658391,0.1,high,tabular,health,representation_imbalance,content_safety,xgboost,3180.0,1060.0,fraction,0.6545713318455979,0.05641727432068264,0.12804909586960664,clean held-out test set (no pre-training detector reused),,,,,,,,,,
framingham,subgroup_dropout,representation_imbalance,0.03,3,0.024390243902439,0.2231545845746441,0.1,high,tabular,health,representation_imbalance,content_safety,logreg,3180.0,1060.0,fraction,0.7280415091993174,0.020209173100040882,0.11503704233225519,clean held-out test set (no pre-training detector reused),,,,,,,,,,
framingham,subgroup_dropout,representation_imbalance,0.03,3,0.024390243902439,0.2231545845746441,0.1,high,tabular,health,representation_imbalance,content_safety,xgboost,3180.0,1060.0,fraction,0.6625166679333144,0.045436576264690755,0.12704123645613363,clean held-out test set (no pre-training detector reused),,,,,,,,,,
framingham,subgroup_dropout,representation_imbalance,0.05,3,0.048780487804878,0.2234690499834491,0.1,high,tabular,health,representation_imbalance,content_safety,logreg,3180.0,1060.0,fraction,0.7280760541388293,0.02107730758373319,0.1150441209286727,clean held-out test set (no pre-training detector reused),,,,,,,,,,
framingham,subgroup_dropout,representation_imbalance,0.05,3,0.048780487804878,0.2234690499834491,0.1,high,tabular,health,representation_imbalance,content_safety,xgboost,3180.0,1060.0,fraction,0.6587443605386247,0.052865870402497676,0.1263140392299704,clean held-out test set (no pre-training detector reused),,,,,,,,,,
framingham,subgroup_dropout,representation_imbalance,0.1,3,0.0975609756097561,0.2240979808010592,0.1,high,tabular,health,representation_imbalance,content_safety,logreg,3180.0,1060.0,fraction,0.7276822418283946,0.019232194063333284,0.11505291909094251,clean held-out test set (no pre-training detector reused),,,,,,,,,,
framingham,subgroup_dropout,representation_imbalance,0.1,3,0.0975609756097561,0.2240979808010592,0.1,high,tabular,health,representation_imbalance,content_safety,xgboost,3180.0,1060.0,fraction,0.6535557106239507,0.05556029493839234,0.1270069683783998,clean held-out test set (no pre-training detector reused),,,,,,,,,,
framingham,subgroup_dropout,representation_imbalance,0.2,3,0.1951219512195122,0.2253558424362793,0.1,high,tabular,health,representation_imbalance,content_safety,logreg,3180.0,1060.0,fraction,0.7280000552719033,0.021654736726768133,0.11504312742146565,clean held-out test set (no pre-training detector reused),,,,,,,,,,
framingham,subgroup_dropout,representation_imbalance,0.2,3,0.1951219512195122,0.2253558424362793,0.1,high,tabular,health,representation_imbalance,content_safety,xgboost,3180.0,1060.0,fraction,0.6626410297155569,0.05412798363139924,0.12750626375165552,clean held-out test set (no pre-training detector reused),,,,,,,,,,
framingham,subgroup_dropout,representation_imbalance,0.3,3,0.2926829268292683,0.2266137040714994,0.1,high,tabular,health,representation_imbalance,content_safety,logreg,3180.0,1060.0,fraction,0.727426609276007,0.02009277480607491,0.11514260504242851,clean held-out test set (no pre-training detector reused),,,,,,,,,,
framingham,subgroup_dropout,representation_imbalance,0.3,3,0.2926829268292683,0.2266137040714994,0.1,high,tabular,health,representation_imbalance,content_safety,xgboost,3180.0,1060.0,fraction,0.6623853971631696,0.05526925525122831,0.12850355603965122,clean held-out test set (no pre-training detector reused),,,,,,,,,,
framingham,subgroup_dropout,representation_imbalance,0.4,3,0.3902439024390244,0.2278715657067196,0.1,high,tabular,health,representation_imbalance,content_safety,logreg,3180.0,1060.0,fraction,0.7281865979452671,0.02253694426281433,0.11505111233502502,clean held-out test set (no pre-training detector reused),,,,,,,,,,
framingham,subgroup_dropout,representation_imbalance,0.4,3,0.3902439024390244,0.2278715657067196,0.1,high,tabular,health,representation_imbalance,content_safety,xgboost,3180.0,1060.0,fraction,0.6705172759242499,0.04871774157223661,0.12589094185043878,clean held-out test set (no pre-training detector reused),,,,,,,,,,
framingham,subgroup_dropout,representation_imbalance,0.0,4,0.0,0.2164779874213836,0.1,high,tabular,health,representation_imbalance,content_safety,logreg,3180.0,1060.0,fraction,0.7300520246789048,0.019653313410975454,0.1161398634354795,clean held-out test set (no pre-training detector reused),0.7407407407407407,0.0,1.0,,,,,,,
framingham,subgroup_dropout,representation_imbalance,0.0,4,0.0,0.2164779874213836,0.1,high,tabular,health,representation_imbalance,content_safety,xgboost,3180.0,1060.0,fraction,0.6732186901940733,0.04744273725774068,0.12712097327830071,clean held-out test set (no pre-training detector reused),0.5277777777777778,0.0,1.0,,,,,,,
framingham,subgroup_dropout,representation_imbalance,0.03,4,0.0238095238095238,0.2167924528301886,0.1,high,tabular,health,representation_imbalance,content_safety,logreg,3180.0,1060.0,fraction,0.7300658426547096,0.020044847397381556,0.11614119361799068,clean held-out test set (no pre-training detector reused),0.7407407407407407,0.0,1.0,,,,,,,
framingham,subgroup_dropout,representation_imbalance,0.03,4,0.0238095238095238,0.2167924528301886,0.1,high,tabular,health,representation_imbalance,content_safety,xgboost,3180.0,1060.0,fraction,0.6714223533394593,0.04928341633135031,0.1266363046480807,clean held-out test set (no pre-training detector reused),0.5833333333333334,0.0,1.0,,,,,,,
framingham,subgroup_dropout,representation_imbalance,0.05,4,0.0476190476190476,0.2171069182389937,0.1,high,tabular,health,representation_imbalance,content_safety,logreg,3180.0,1060.0,fraction,0.7303629291345112,0.02066479369256636,0.11612843230291661,clean held-out test set (no pre-training detector reused),0.7407407407407407,0.0,1.0,,,,,,,
framingham,subgroup_dropout,representation_imbalance,0.05,4,0.0476190476190476,0.2171069182389937,0.1,high,tabular,health,representation_imbalance,content_safety,xgboost,3180.0,1060.0,fraction,0.6753812034075128,0.04358425128475745,0.1264695239876664,clean held-out test set (no pre-training detector reused),0.5462962962962963,0.0,1.0,,,,,,,
framingham,subgroup_dropout,representation_imbalance,0.1,4,0.0952380952380952,0.2177358490566037,0.1,high,tabular,health,representation_imbalance,content_safety,logreg,3180.0,1060.0,fraction,0.7296305764168607,0.021831851510987658,0.1161403569067012,clean held-out test set (no pre-training detector reused),0.7407407407407407,0.0,1.0,,,,,,,
framingham,subgroup_dropout,representation_imbalance,0.1,4,0.0952380952380952,0.2177358490566037,0.1,high,tabular,health,representation_imbalance,content_safety,xgboost,3180.0,1060.0,fraction,0.6724587015248136,0.050812006374944076,0.12600091302871524,clean held-out test set (no pre-training detector reused),0.6574074074074074,0.0,1.0,,,,,,,
framingham,subgroup_dropout,representation_imbalance,0.2,4,0.1904761904761904,0.2189937106918238,0.1,high,tabular,health,representation_imbalance,content_safety,logreg,3180.0,1060.0,fraction,0.7296513033805678,0.019351311110558662,0.11619946424158617,clean held-out test set (no pre-training detector reused),0.712962962962963,0.0,1.0,,,,,,,
framingham,subgroup_dropout,representation_imbalance,0.2,4,0.1904761904761904,0.2189937106918238,0.1,high,tabular,health,representation_imbalance,content_safety,xgboost,3180.0,1060.0,fraction,0.6657569832595223,0.05129632911565801,0.1268014430147458,clean held-out test set (no pre-training detector reused),0.40740740740740744,0.0,1.0,,,,,,,
framingham,subgroup_dropout,representation_imbalance,0.3,4,0.3095238095238095,0.220566037735849,0.1,high,tabular,health,representation_imbalance,content_safety,logreg,3180.0,1060.0,fraction,0.729810210102322,0.020591792399288114,0.1161661892108085,clean held-out test set (no pre-training detector reused),0.7407407407407407,0.0,1.0,,,,,,,
framingham,subgroup_dropout,representation_imbalance,0.3,4,0.3095238095238095,0.220566037735849,0.1,high,tabular,health,representation_imbalance,content_safety,xgboost,3180.0,1060.0,fraction,0.6752430236494656,0.045974430761449386,0.12695004395197243,clean held-out test set (no pre-training detector reused),0.5462962962962963,0.0,1.0,,,,,,,
framingham,subgroup_dropout,representation_imbalance,0.4,4,0.4047619047619047,0.2218238993710691,0.1,high,tabular,health,representation_imbalance,content_safety,logreg,3180.0,1060.0,fraction,0.7298931179571504,0.021903212119276764,0.11627397877245399,clean held-out test set (no pre-training detector reused),0.7407407407407407,0.0,1.0,,,,,,,
framingham,subgroup_dropout,representation_imbalance,0.4,4,0.4047619047619047,0.2218238993710691,0.1,high,tabular,health,representation_imbalance,content_safety,xgboost,3180.0,1060.0,fraction,0.681357477943056,0.044482290793763805,0.12531407745153764,clean held-out test set (no pre-training detector reused),0.5925925925925926,0.0,1.0,,,,,,,
german_credit,edge_case_dropout,safety_critical_edge_case_coverage,0.0,0,0.0,0.1375,0.25,medium,tabular,loan_finance,safety_critical_edge_case_coverage,physical_safety,logreg,750.0,250.0,fraction,0.7954285714285715,0.08071770514694288,0.16646575608556138,clean held-out test set (no pre-training detector reused),0.777056277056277,0.050674815380697735,3.0,,,,,,,
german_credit,edge_case_dropout,safety_critical_edge_case_coverage,0.0,0,0.0,0.1375,0.25,medium,tabular,loan_finance,safety_critical_edge_case_coverage,physical_safety,xgboost,750.0,250.0,fraction,0.7779047619047619,0.10128037218353712,0.17457983527022133,clean held-out test set (no pre-training detector reused),0.722943722943723,0.05681818181818166,3.0,,,,,,,
german_credit,edge_case_dropout,safety_critical_edge_case_coverage,0.03,0,0.0303030303030303,0.15625,0.25,medium,tabular,loan_finance,safety_critical_edge_case_coverage,physical_safety,logreg,750.0,250.0,fraction,0.8008380952380952,0.06375546526070497,0.16430053852111834,clean held-out test set (no pre-training detector reused),0.7835497835497836,0.04085497835497831,3.0,,,,,,,
german_credit,edge_case_dropout,safety_critical_edge_case_coverage,0.03,0,0.0303030303030303,0.15625,0.25,medium,tabular,loan_finance,safety_critical_edge_case_coverage,physical_safety,xgboost,750.0,250.0,fraction,0.7874285714285714,0.09929032067535447,0.1689571428918327,clean held-out test set (no pre-training detector reused),0.7226890756302521,0.06600140056022408,3.0,,,,,,,
german_credit,edge_case_dropout,safety_critical_edge_case_coverage,0.05,0,0.0495867768595041,0.15,0.25,medium,tabular,loan_finance,safety_critical_edge_case_coverage,physical_safety,logreg,750.0,250.0,fraction,0.7901714285714286,0.09012687374486213,0.17182567490197148,clean held-out test set (no pre-training detector reused),0.7683982683982684,0.06195887445887449,3.0,,,,,,,
german_credit,edge_case_dropout,safety_critical_edge_case_coverage,0.05,0,0.0495867768595041,0.15,0.25,medium,tabular,loan_finance,safety_critical_edge_case_coverage,physical_safety,xgboost,750.0,250.0,fraction,0.7847619047619048,0.09665331496181898,0.1751694212672963,clean held-out test set (no pre-training detector reused),0.7226890756302522,0.08782679738562083,3.0,,,,,,,
german_credit,edge_case_dropout,safety_critical_edge_case_coverage,0.1,0,0.1005509641873278,0.14375,0.25,medium,tabular,loan_finance,safety_critical_edge_case_coverage,physical_safety,logreg,750.0,250.0,fraction,0.7877333333333333,0.08695702499843855,0.17068805283371602,clean held-out test set (no pre-training detector reused),0.7683982683982684,0.029921059332823963,3.0,,,,,,,
german_credit,edge_case_dropout,safety_critical_edge_case_coverage,0.1,0,0.1005509641873278,0.14375,0.25,medium,tabular,loan_finance,safety_critical_edge_case_coverage,physical_safety,xgboost,750.0,250.0,fraction,0.7594666666666666,0.11422534129163248,0.18392184522234079,clean held-out test set (no pre-training detector reused),0.7012987012987013,0.07747113997113997,3.0,,,,,,,
german_credit,edge_case_dropout,safety_critical_edge_case_coverage,0.2,0,0.199724517906336,0.175,0.25,medium,tabular,loan_finance,safety_critical_edge_case_coverage,physical_safety,logreg,750.0,250.0,fraction,0.766247619047619,0.11068203899463777,0.17665614048400444,clean held-out test set (no pre-training detector reused),0.73109243697479,0.03775676937441641,3.0,,,,,,,
german_credit,edge_case_dropout,safety_critical_edge_case_coverage,0.2,0,0.199724517906336,0.175,0.25,medium,tabular,loan_finance,safety_critical_edge_case_coverage,physical_safety,xgboost,750.0,250.0,fraction,0.7512380952380953,0.11239760756958278,0.18899650708382842,clean held-out test set (no pre-training detector reused),0.6470588235294117,0.13369514472455657,3.0,,,,,,,
german_credit,edge_case_dropout,safety_critical_edge_case_coverage,0.3,0,0.3002754820936639,0.23125,0.25,medium,tabular,loan_finance,safety_critical_edge_case_coverage,physical_safety,logreg,750.0,250.0,fraction,0.7492571428571431,0.12674863328038724,0.19098943118044034,clean held-out test set (no pre-training detector reused),0.7351190476190476,0.046393557422969245,3.0,,,,,,,
german_credit,edge_case_dropout,safety_critical_edge_case_coverage,0.3,0,0.3002754820936639,0.23125,0.25,medium,tabular,loan_finance,safety_critical_edge_case_coverage,physical_safety,xgboost,750.0,250.0,fraction,0.7414857142857143,0.1461954875732772,0.1993224527847314,clean held-out test set (no pre-training detector reused),0.6764705882352942,0.07948179271708677,3.0,,,,,,,
german_credit,edge_case_dropout,safety_critical_edge_case_coverage,0.4,0,0.3994490358126721,0.2625,0.25,medium,tabular,loan_finance,safety_critical_edge_case_coverage,physical_safety,logreg,750.0,250.0,fraction,0.7513142857142857,0.11933923389807526,0.1870711202112814,clean held-out test set (no pre-training detector reused),0.6845238095238095,0.07738095238095233,3.0,,,,,,,
german_credit,edge_case_dropout,safety_critical_edge_case_coverage,0.4,0,0.3994490358126721,0.2625,0.25,medium,tabular,loan_finance,safety_critical_edge_case_coverage,physical_safety,xgboost,750.0,250.0,fraction,0.7296761904761905,0.1609772975879023,0.2075466575851723,clean held-out test set (no pre-training detector reused),0.6428571428571428,0.06746031746031744,3.0,,,,,,,
german_credit,edge_case_dropout,safety_critical_edge_case_coverage,0.0,1,0.0,0.14375,0.25,medium,tabular,loan_finance,safety_critical_edge_case_coverage,physical_safety,logreg,750.0,250.0,fraction,0.7891047619047619,0.07739500909516561,0.16939314698575889,clean held-out test set (no pre-training detector reused),0.7904761904761906,0.08644688644688647,3.0,,,,,,,
german_credit,edge_case_dropout,safety_critical_edge_case_coverage,0.0,1,0.0,0.14375,0.25,medium,tabular,loan_finance,safety_critical_edge_case_coverage,physical_safety,xgboost,750.0,250.0,fraction,0.7904,0.08267878722422756,0.1717463770151465,clean held-out test set (no pre-training detector reused),0.7964497041420118,0.030534422842115272,3.0,,,,,,,
german_credit,edge_case_dropout,safety_critical_edge_case_coverage,0.03,1,0.0303448275862068,0.15625,0.25,medium,tabular,loan_finance,safety_critical_edge_case_coverage,physical_safety,logreg,750.0,250.0,fraction,0.7953523809523809,0.07116047013330667,0.1673151518708978,clean held-out test set (no pre-training detector reused),0.7873015873015874,0.09553864938480316,3.0,,,,,,,
german_credit,edge_case_dropout,safety_critical_edge_case_coverage,0.03,1,0.0303448275862068,0.15625,0.25,medium,tabular,loan_finance,safety_critical_edge_case_coverage,physical_safety,xgboost,750.0,250.0,fraction,0.7759238095238095,0.10190827667899431,0.17769109334806796,clean held-out test set (no pre-training detector reused),0.7846153846153846,0.03956043956043964,3.0,,,,,,,
german_credit,edge_case_dropout,safety_critical_edge_case_coverage,0.05,1,0.0496551724137931,0.14375,0.25,medium,tabular,loan_finance,safety_critical_edge_case_coverage,physical_safety,logreg,750.0,250.0,fraction,0.7897142857142857,0.08976382562653355,0.16867745199711867,clean held-out test set (no pre-training detector reused),0.7984126984126985,0.08442753827369198,3.0,,,,,,,
german_credit,edge_case_dropout,safety_critical_edge_case_coverage,0.05,1,0.0496551724137931,0.14375,0.25,medium,tabular,loan_finance,safety_critical_edge_case_coverage,physical_safety,xgboost,750.0,250.0,fraction,0.8003047619047619,0.08651336424052716,0.1685219309545037,clean held-out test set (no pre-training detector reused),0.8158730158730159,0.008302808302808384,3.0,,,,,,,
german_credit,edge_case_dropout,safety_critical_edge_case_coverage,0.1,1,0.0993103448275862,0.15,0.25,medium,tabular,loan_finance,safety_critical_edge_case_coverage,physical_safety,logreg,750.0,250.0,fraction,0.7913904761904763,0.06980139651981086,0.1687478082621877,clean held-out test set (no pre-training detector reused),0.7984126984126985,0.07732694655771577,3.0,,,,,,,
german_credit,edge_case_dropout,safety_critical_edge_case_coverage,0.1,1,0.0993103448275862,0.15,0.25,medium,tabular,loan_finance,safety_critical_edge_case_coverage,physical_safety,xgboost,750.0,250.0,fraction,0.8030476190476191,0.07446036152564921,0.16326133519513752,clean held-out test set (no pre-training detector reused),0.8031746031746031,0.02832722832722845,3.0,,,,,,,
german_credit,edge_case_dropout,safety_critical_edge_case_coverage,0.2,1,0.2,0.1625,0.25,medium,tabular,loan_finance,safety_critical_edge_case_coverage,physical_safety,logreg,750.0,250.0,fraction,0.7968761904761904,0.07637687734958847,0.16755123320018342,clean held-out test set (no pre-training detector reused),0.7968253968253969,0.0836479759556682,3.0,,,,,,,
german_credit,edge_case_dropout,safety_critical_edge_case_coverage,0.2,1,0.2,0.1625,0.25,medium,tabular,loan_finance,safety_critical_edge_case_coverage,physical_safety,xgboost,750.0,250.0,fraction,0.7999238095238096,0.10213961914181709,0.17461801060870114,clean held-out test set (no pre-training detector reused),0.7893491124260354,0.05314173006480716,3.0,,,,,,,
german_credit,edge_case_dropout,safety_critical_edge_case_coverage,0.3,1,0.3006896551724138,0.20625,0.25,medium,tabular,loan_finance,safety_critical_edge_case_coverage,physical_safety,logreg,750.0,250.0,fraction,0.7749333333333334,0.0769114948421265,0.17822348522431322,clean held-out test set (no pre-training detector reused),0.753968253968254,0.10875363952287032,3.0,,,,,,,
german_credit,edge_case_dropout,safety_critical_edge_case_coverage,0.3,1,0.3006896551724138,0.20625,0.25,medium,tabular,loan_finance,safety_critical_edge_case_coverage,physical_safety,xgboost,750.0,250.0,fraction,0.7513142857142857,0.13750308359425978,0.19437165885569763,clean held-out test set (no pre-training detector reused),0.7668639053254438,0.02434488588334749,3.0,,,,,,,
german_credit,edge_case_dropout,safety_critical_edge_case_coverage,0.4,1,0.4,0.24375,0.25,medium,tabular,loan_finance,safety_critical_edge_case_coverage,physical_safety,logreg,750.0,250.0,fraction,0.7654095238095239,0.10982586875671814,0.18766988440617874,clean held-out test set (no pre-training detector reused),0.7952380952380952,0.037897999436460994,3.0,,,,,,,
german_credit,edge_case_dropout,safety_critical_edge_case_coverage,0.4,1,0.4,0.24375,0.25,medium,tabular,loan_finance,safety_critical_edge_case_coverage,physical_safety,xgboost,750.0,250.0,fraction,0.7673142857142857,0.11135285842628218,0.18590063981966548,clean held-out test set (no pre-training detector reused),0.7875457875457876,0.025152625152625063,3.0,,,,,,,
german_credit,edge_case_dropout,safety_critical_edge_case_coverage,0.0,2,0.0,0.0812499999999999,0.25,medium,tabular,loan_finance,safety_critical_edge_case_coverage,physical_safety,logreg,750.0,250.0,fraction,0.7609142857142858,0.08076451236633456,0.17691248204051446,clean held-out test set (no pre-training detector reused),0.74,0.06905752753977967,3.0,,,,,,,
german_credit,edge_case_dropout,safety_critical_edge_case_coverage,0.0,2,0.0,0.0812499999999999,0.25,medium,tabular,loan_finance,safety_critical_edge_case_coverage,physical_safety,xgboost,750.0,250.0,fraction,0.7735619047619048,0.11325770493992604,0.17975877021140138,clean held-out test set (no pre-training detector reused),0.6727272727272727,0.16815400022254368,3.0,,,,,,,
german_credit,edge_case_dropout,safety_critical_edge_case_coverage,0.03,2,0.0304709141274238,0.09375,0.25,medium,tabular,loan_finance,safety_critical_edge_case_coverage,physical_safety,logreg,750.0,250.0,fraction,0.7564952380952381,0.0710282395301555,0.17818452701116058,clean held-out test set (no pre-training detector reused),0.730909090909091,0.06958050517414038,3.0,,,,,,,
german_credit,edge_case_dropout,safety_critical_edge_case_coverage,0.03,2,0.0304709141274238,0.09375,0.25,medium,tabular,loan_finance,safety_critical_edge_case_coverage,physical_safety,xgboost,750.0,250.0,fraction,0.7612952380952381,0.1290945698779542,0.18426734154940128,clean held-out test set (no pre-training detector reused),0.6590909090909091,0.17077445198620234,3.0,,,,,,,
german_credit,edge_case_dropout,safety_critical_edge_case_coverage,0.05,2,0.0498614958448753,0.0812499999999999,0.25,medium,tabular,loan_finance,safety_critical_edge_case_coverage,physical_safety,logreg,750.0,250.0,fraction,0.7494857142857143,0.11031696665972988,0.18303056143879326,clean held-out test set (no pre-training detector reused),0.7172727272727273,0.09545677089128735,3.0,,,,,,,
german_credit,edge_case_dropout,safety_critical_edge_case_coverage,0.05,2,0.0498614958448753,0.0812499999999999,0.25,medium,tabular,loan_finance,safety_critical_edge_case_coverage,physical_safety,xgboost,750.0,250.0,fraction,0.7717333333333334,0.09503083003754727,0.17780020144375772,clean held-out test set (no pre-training detector reused),0.7272727272727273,0.1258484477578724,3.0,,,,,,,
german_credit,edge_case_dropout,safety_critical_edge_case_coverage,0.1,2,0.0997229916897507,0.1,0.25,medium,tabular,loan_finance,safety_critical_edge_case_coverage,physical_safety,logreg,750.0,250.0,fraction,0.7538285714285714,0.0975793543616643,0.18272254222192197,clean held-out test set (no pre-training detector reused),0.7245454545454545,0.07839212195393352,3.0,,,,,,,
german_credit,edge_case_dropout,safety_critical_edge_case_coverage,0.1,2,0.0997229916897507,0.1,0.25,medium,tabular,loan_finance,safety_critical_edge_case_coverage,physical_safety,xgboost,750.0,250.0,fraction,0.7622857142857143,0.10392380053317175,0.18605251796152653,clean held-out test set (no pre-training detector reused),0.6954545454545454,0.13685879603872264,3.0,,,,,,,
german_credit,edge_case_dropout,safety_critical_edge_case_coverage,0.2,2,0.1994459833795014,0.15625,0.25,medium,tabular,loan_finance,safety_critical_edge_case_coverage,physical_safety,logreg,750.0,250.0,fraction,0.7420190476190476,0.09349122265065274,0.18856141084340114,clean held-out test set (no pre-training detector reused),0.7045454545454545,0.08003226883275849,3.0,,,,,,,
german_credit,edge_case_dropout,safety_critical_edge_case_coverage,0.2,2,0.1994459833795014,0.15625,0.25,medium,tabular,loan_finance,safety_critical_edge_case_coverage,physical_safety,xgboost,750.0,250.0,fraction,0.7593904761904763,0.12042173321172595,0.19216613661542012,clean held-out test set (no pre-training detector reused),0.6090909090909091,0.22077445198620227,3.0,,,,,,,
german_credit,edge_case_dropout,safety_critical_edge_case_coverage,0.3,2,0.3005540166204986,0.175,0.25,medium,tabular,loan_finance,safety_critical_edge_case_coverage,physical_safety,logreg,750.0,250.0,fraction,0.7516952380952382,0.09788085102294086,0.18681781164468445,clean held-out test set (no pre-training detector reused),0.7100000000000001,0.08681762545899618,3.0,,,,,,,
german_credit,edge_case_dropout,safety_critical_edge_case_coverage,0.3,2,0.3005540166204986,0.175,0.25,medium,tabular,loan_finance,safety_critical_edge_case_coverage,physical_safety,xgboost,750.0,250.0,fraction,0.776,0.09072963305562735,0.17187194481287685,clean held-out test set (no pre-training detector reused),0.759090909090909,0.034054745743852255,3.0,,,,,,,
german_credit,edge_case_dropout,safety_critical_edge_case_coverage,0.4,2,0.4002770083102493,0.25625,0.25,medium,tabular,loan_finance,safety_critical_edge_case_coverage,physical_safety,logreg,750.0,250.0,fraction,0.6914285714285714,0.14885651730100058,0.22531101594009892,clean held-out test set (no pre-training detector reused),0.6618181818181817,0.09272727272727277,3.0,,,,,,,
german_credit,edge_case_dropout,safety_critical_edge_case_coverage,0.4,2,0.4002770083102493,0.25625,0.25,medium,tabular,loan_finance,safety_critical_edge_case_coverage,physical_safety,xgboost,750.0,250.0,fraction,0.7156571428571429,0.1653568030020688,0.21599701107594915,clean held-out test set (no pre-training detector reused),0.6727272727272727,0.13755424502058522,3.0,,,,,,,
german_credit,edge_case_dropout,safety_critical_edge_case_coverage,0.0,3,0.0,0.0875,0.25,medium,tabular,loan_finance,safety_critical_edge_case_coverage,physical_safety,logreg,750.0,250.0,fraction,0.7828571428571429,0.06032472625532601,0.16712712266009214,clean held-out test set (no pre-training detector reused),0.7474120082815735,0.050907319449518984,2.0,,,,,,,
german_credit,edge_case_dropout,safety_critical_edge_case_coverage,0.0,3,0.0,0.0875,0.25,medium,tabular,loan_finance,safety_critical_edge_case_coverage,physical_safety,xgboost,750.0,250.0,fraction,0.7699809523809524,0.08226491963351144,0.17364471218340075,clean held-out test set (no pre-training detector reused),0.7422360248447205,0.10370235050541954,2.0,,,,,,,
german_credit,edge_case_dropout,safety_critical_edge_case_coverage,0.03,3,0.0303448275862068,0.0875,0.25,medium,tabular,loan_finance,safety_critical_edge_case_coverage,physical_safety,logreg,750.0,250.0,fraction,0.7872761904761905,0.05150072196582348,0.16387934237510404,clean held-out test set (no pre-training detector reused),0.7525879917184265,0.046665042828725634,2.0,,,,,,,
german_credit,edge_case_dropout,safety_critical_edge_case_coverage,0.03,3,0.0303448275862068,0.0875,0.25,medium,tabular,loan_finance,safety_critical_edge_case_coverage,physical_safety,xgboost,750.0,250.0,fraction,0.7823238095238095,0.08008836450846865,0.16754549351394393,clean held-out test set (no pre-training detector reused),0.7660455486542442,0.0761579994316568,2.0,,,,,,,
german_credit,edge_case_dropout,safety_critical_edge_case_coverage,0.05,3,0.0496551724137931,0.09375,0.25,medium,tabular,loan_finance,safety_critical_edge_case_coverage,physical_safety,logreg,750.0,250.0,fraction,0.7788952380952382,0.06004691141032176,0.16822504993530574,clean held-out test set (no pre-training detector reused),0.7101449275362319,0.09377664109121908,2.0,,,,,,,
german_credit,edge_case_dropout,safety_critical_edge_case_coverage,0.05,3,0.0496551724137931,0.09375,0.25,medium,tabular,loan_finance,safety_critical_edge_case_coverage,physical_safety,xgboost,750.0,250.0,fraction,0.7577904761904762,0.0972398091321811,0.18165536436770346,clean held-out test set (no pre-training detector reused),0.7370600414078675,0.08833678398895783,2.0,,,,,,,
german_credit,edge_case_dropout,safety_critical_edge_case_coverage,0.1,3,0.0993103448275862,0.1,0.25,medium,tabular,loan_finance,safety_critical_edge_case_coverage,physical_safety,logreg,750.0,250.0,fraction,0.7900952380952381,0.059937051687173865,0.16538289000424972,clean held-out test set (no pre-training detector reused),0.7701863354037267,0.0010554946616327943,2.0,,,,,,,
german_credit,edge_case_dropout,safety_critical_edge_case_coverage,0.1,3,0.0993103448275862,0.1,0.25,medium,tabular,loan_finance,safety_critical_edge_case_coverage,physical_safety,xgboost,750.0,250.0,fraction,0.7882666666666667,0.0847259858320467,0.16943140864507086,clean held-out test set (no pre-training detector reused),0.7908902691511387,0.05598181301506122,2.0,,,,,,,
german_credit,edge_case_dropout,safety_critical_edge_case_coverage,0.2,3,0.2,0.10625,0.25,medium,tabular,loan_finance,safety_critical_edge_case_coverage,physical_safety,logreg,750.0,250.0,fraction,0.7798857142857143,0.07763812687854486,0.1693511227672084,clean held-out test set (no pre-training detector reused),0.7215320910973085,0.06651646165712655,2.0,,,,,,,
german_credit,edge_case_dropout,safety_critical_edge_case_coverage,0.2,3,0.2,0.10625,0.25,medium,tabular,loan_finance,safety_critical_edge_case_coverage,physical_safety,xgboost,750.0,250.0,fraction,0.7717333333333333,0.09697999242739754,0.1727107073468811,clean held-out test set (no pre-training detector reused),0.7722567287784678,0.055941217066536764,2.0,,,,,,,
german_credit,edge_case_dropout,safety_critical_edge_case_coverage,0.3,3,0.3006896551724138,0.13125,0.25,medium,tabular,loan_finance,safety_critical_edge_case_coverage,physical_safety,logreg,750.0,250.0,fraction,0.7539809523809524,0.08940566309965971,0.18100313737460658,clean held-out test set (no pre-training detector reused),0.6221532091097308,0.14535379369138968,2.0,,,,,,,
german_credit,edge_case_dropout,safety_critical_edge_case_coverage,0.3,3,0.3006896551724138,0.13125,0.25,medium,tabular,loan_finance,safety_critical_edge_case_coverage,physical_safety,xgboost,750.0,250.0,fraction,0.7920761904761905,0.09553288226923906,0.1651461165118885,clean held-out test set (no pre-training detector reused),0.7070393374741201,0.1323630901636017,2.0,,,,,,,
german_credit,edge_case_dropout,safety_critical_edge_case_coverage,0.4,3,0.4,0.25,0.25,medium,tabular,loan_finance,safety_critical_edge_case_coverage,physical_safety,logreg,750.0,250.0,fraction,0.7565714285714286,0.08109850159666974,0.18044992129508391,clean held-out test set (no pre-training detector reused),0.7091097308488613,0.03785572199894449,2.0,,,,,,,
german_credit,edge_case_dropout,safety_critical_edge_case_coverage,0.4,3,0.4,0.25,0.25,medium,tabular,loan_finance,safety_critical_edge_case_coverage,physical_safety,xgboost,750.0,250.0,fraction,0.7555809523809525,0.10114660292700864,0.186049941487299,clean held-out test set (no pre-training detector reused),0.7581699346405228,0.02650915438639223,2.0,,,,,,,
german_credit,edge_case_dropout,safety_critical_edge_case_coverage,0.0,4,0.0,0.1,0.25,medium,tabular,loan_finance,safety_critical_edge_case_coverage,physical_safety,logreg,750.0,250.0,fraction,0.7735619047619049,0.0512879745803525,0.17246571957988965,clean held-out test set (no pre-training detector reused),0.7747641509433962,0.010950134770889575,2.0,,,,,,,
german_credit,edge_case_dropout,safety_critical_edge_case_coverage,0.0,4,0.0,0.1,0.25,medium,tabular,loan_finance,safety_critical_edge_case_coverage,physical_safety,xgboost,750.0,250.0,fraction,0.7880380952380952,0.08629479375295342,0.17108031341340013,clean held-out test set (no pre-training detector reused),0.7983490566037735,0.0781390386343217,2.0,,,,,,,
german_credit,edge_case_dropout,safety_critical_edge_case_coverage,0.03,4,0.0300957592339261,0.1,0.25,medium,tabular,loan_finance,safety_critical_edge_case_coverage,physical_safety,logreg,750.0,250.0,fraction,0.7746285714285714,0.06010280422453458,0.1725972116020018,clean held-out test set (no pre-training detector reused),0.7767857142857142,0.0038746630727763964,2.0,,,,,,,
german_credit,edge_case_dropout,safety_critical_edge_case_coverage,0.03,4,0.0300957592339261,0.1,0.25,medium,tabular,loan_finance,safety_critical_edge_case_coverage,physical_safety,xgboost,750.0,250.0,fraction,0.7863619047619047,0.10031375490128996,0.1745623911032283,clean held-out test set (no pre-training detector reused),0.8030660377358491,0.06300539083557954,2.0,,,,,,,
german_credit,edge_case_dropout,safety_critical_edge_case_coverage,0.05,4,0.0506155950752394,0.1,0.25,medium,tabular,loan_finance,safety_critical_edge_case_coverage,physical_safety,logreg,750.0,250.0,fraction,0.7709714285714285,0.06319319222789772,0.17412690913905923,clean held-out test set (no pre-training detector reused),0.7827380952380952,0.004997753818508643,2.0,,,,,,,
german_credit,edge_case_dropout,safety_critical_edge_case_coverage,0.05,4,0.0506155950752394,0.1,0.25,medium,tabular,loan_finance,safety_critical_edge_case_coverage,physical_safety,xgboost,750.0,250.0,fraction,0.803047619047619,0.08487074680416845,0.16592054173749426,clean held-out test set (no pre-training detector reused),0.7924528301886793,0.10040431266846361,2.0,,,,,,,
german_credit,edge_case_dropout,safety_critical_edge_case_coverage,0.1,4,0.0998632010943912,0.1125,0.25,medium,tabular,loan_finance,safety_critical_edge_case_coverage,physical_safety,logreg,750.0,250.0,fraction,0.7731809523809523,0.0703272048544287,0.17232298577775154,clean held-out test set (no pre-training detector reused),0.7771226415094339,0.010079739442947044,2.0,,,,,,,
german_credit,edge_case_dropout,safety_critical_edge_case_coverage,0.1,4,0.0998632010943912,0.1125,0.25,medium,tabular,loan_finance,safety_critical_edge_case_coverage,physical_safety,xgboost,750.0,250.0,fraction,0.7547428571428572,0.11175257730227899,0.1869301034761599,clean held-out test set (no pre-training detector reused),0.7393867924528301,0.09841082659478895,2.0,,,,,,,
german_credit,edge_case_dropout,safety_critical_edge_case_coverage,0.2,4,0.1997264021887825,0.1687499999999999,0.25,medium,tabular,loan_finance,safety_critical_edge_case_coverage,physical_safety,logreg,750.0,250.0,fraction,0.7788952380952382,0.06406757427358264,0.17282233310007292,clean held-out test set (no pre-training detector reused),0.7783018867924528,0.008900494159928218,2.0,,,,,,,
german_credit,edge_case_dropout,safety_critical_edge_case_coverage,0.2,4,0.1997264021887825,0.1687499999999999,0.25,medium,tabular,loan_finance,safety_critical_edge_case_coverage,physical_safety,xgboost,750.0,250.0,fraction,0.7920761904761905,0.0780406145894667,0.17234413996995332,clean held-out test set (no pre-training detector reused),0.8325471698113208,0.018643306379155455,2.0,,,,,,,
german_credit,edge_case_dropout,safety_critical_edge_case_coverage,0.3,4,0.2995896032831737,0.175,0.25,medium,tabular,loan_finance,safety_critical_edge_case_coverage,physical_safety,logreg,750.0,250.0,fraction,0.7584761904761905,0.08629394907824914,0.1812051271951831,clean held-out test set (no pre-training detector reused),0.7334905660377358,0.029902291105121437,2.0,,,,,,,
german_credit,edge_case_dropout,safety_critical_edge_case_coverage,0.3,4,0.2995896032831737,0.175,0.25,medium,tabular,loan_finance,safety_critical_edge_case_coverage,physical_safety,xgboost,750.0,250.0,fraction,0.7627428571428572,0.08869285643138572,0.17954186222776566,clean held-out test set (no pre-training detector reused),0.7558962264150944,0.040234725965857976,2.0,,,,,,,
german_credit,edge_case_dropout,safety_critical_edge_case_coverage,0.4,4,0.399452804377565,0.21875,0.25,medium,tabular,loan_finance,safety_critical_edge_case_coverage,physical_safety,logreg,750.0,250.0,fraction,0.7520000000000001,0.08141702935230434,0.1855556783352499,clean held-out test set (no pre-training detector reused),0.7735849056603774,0.007665094339622591,2.0,,,,,,,
german_credit,edge_case_dropout,safety_critical_edge_case_coverage,0.4,4,0.399452804377565,0.21875,0.25,medium,tabular,loan_finance,safety_critical_edge_case_coverage,physical_safety,xgboost,750.0,250.0,fraction,0.7424000000000001,0.10734682853939012,0.18706549489439273,clean held-out test set (no pre-training detector reused),0.7299528301886793,0.08701145552560641,2.0,,,,,,,
german_credit,label_flip,label_integrity,0.0,0,0.0,0.3200480842851272,0.1,medium,tabular,loan_finance,label_integrity,content_safety,logreg,750.0,250.0,fraction,0.7954285714285715,0.08071770514694288,0.16646575608556138,clean held-out test set (no pre-training detector reused),0.777056277056277,0.050674815380697735,3.0,,,,,,,
german_credit,label_flip,label_integrity,0.0,0,0.0,0.3200480842851272,0.1,medium,tabular,loan_finance,label_integrity,content_safety,xgboost,750.0,250.0,fraction,0.7779047619047619,0.10128037218353712,0.17457983527022133,clean held-out test set (no pre-training detector reused),0.722943722943723,0.05681818181818166,3.0,,,,,,,
german_credit,label_flip,label_integrity,0.03,0,0.0293333333333333,0.3484717960161794,0.1,medium,tabular,loan_finance,label_integrity,content_safety,logreg,750.0,250.0,fraction,0.7890285714285713,0.058324557178460995,0.16595935118311203,clean held-out test set (no pre-training detector reused),0.7683982683982684,0.046727782021899644,3.0,,,,,,,
german_credit,label_flip,label_integrity,0.03,0,0.0293333333333333,0.3484717960161794,0.1,medium,tabular,loan_finance,label_integrity,content_safety,xgboost,750.0,250.0,fraction,0.7468952380952381,0.10493126577418296,0.18265769623983766,clean held-out test set (no pre-training detector reused),0.6428571428571428,0.12996031746031755,3.0,,,,,,,
german_credit,label_flip,label_integrity,0.05,0,0.0506666666666666,0.3616734556806576,0.1,medium,tabular,loan_finance,label_integrity,content_safety,logreg,750.0,250.0,fraction,0.7722666666666667,0.05785423563752395,0.1726734792434403,clean held-out test set (no pre-training detector reused),0.7100840336134454,0.10737628384687203,3.0,,,,,,,
german_credit,label_flip,label_integrity,0.05,0,0.0506666666666666,0.3616734556806576,0.1,medium,tabular,loan_finance,label_integrity,content_safety,xgboost,750.0,250.0,fraction,0.7436190476190476,0.07596893314644694,0.17877876467674503,clean held-out test set (no pre-training detector reused),0.6218487394957983,0.1618814192343604,3.0,,,,,,,
german_credit,label_flip,label_integrity,0.1,0,0.1,0.3736254066338921,0.1,medium,tabular,loan_finance,label_integrity,content_safety,logreg,750.0,250.0,fraction,0.7756952380952381,0.07784051544407349,0.16893876921253317,clean held-out test set (no pre-training detector reused),0.7647058823529411,0.04481792717086841,3.0,,,,,,,
german_credit,label_flip,label_integrity,0.1,0,0.1,0.3736254066338921,0.1,medium,tabular,loan_finance,label_integrity,content_safety,xgboost,750.0,250.0,fraction,0.7129904761904762,0.10850359766697512,0.19829112729996784,clean held-out test set (no pre-training detector reused),0.6688311688311689,0.06033549783549774,3.0,,,,,,,
german_credit,label_flip,label_integrity,0.2,0,0.2,0.4385835931289101,0.1,medium,tabular,loan_finance,label_integrity,content_safety,logreg,750.0,250.0,fraction,0.7015619047619047,0.07962070993310205,0.1950216390668151,clean held-out test set (no pre-training detector reused),0.5714285714285714,0.17559523809523814,3.0,,,,,,,
german_credit,label_flip,label_integrity,0.2,0,0.2,0.4385835931289101,0.1,medium,tabular,loan_finance,label_integrity,content_safety,xgboost,750.0,250.0,fraction,0.6377904761904762,0.11890610473230483,0.22379403610227508,clean held-out test set (no pre-training detector reused),0.5630252100840336,0.1234827264239029,3.0,,,,,,,
german_credit,label_flip,label_integrity,0.3,0,0.3,0.4724371382162104,0.1,medium,tabular,loan_finance,label_integrity,content_safety,logreg,750.0,250.0,fraction,0.7264,0.11437727255833613,0.19471642913002052,clean held-out test set (no pre-training detector reused),0.7410714285714286,0.031655844155844104,3.0,,,,,,,
german_credit,label_flip,label_integrity,0.3,0,0.3,0.4724371382162104,0.1,medium,tabular,loan_finance,label_integrity,content_safety,xgboost,750.0,250.0,fraction,0.5347809523809524,0.17786315035074948,0.2647768349823216,clean held-out test set (no pre-training detector reused),0.4831932773109244,0.0912114845938376,3.0,,,,,,,
german_credit,label_flip,label_integrity,0.4,0,0.4,0.4853134662851895,0.1,medium,tabular,loan_finance,label_integrity,content_safety,logreg,750.0,250.0,fraction,0.6027428571428571,0.19490650716731403,0.24886935205799143,clean held-out test set (no pre-training detector reused),0.5129870129870131,0.16856060606060597,3.0,,,,,,,
german_credit,label_flip,label_integrity,0.4,0,0.4,0.4853134662851895,0.1,medium,tabular,loan_finance,label_integrity,content_safety,xgboost,750.0,250.0,fraction,0.6129523809523809,0.21129566171765327,0.2540113182223991,clean held-out test set (no pre-training detector reused),0.5346320346320346,0.11318542568542578,3.0,,,,,,,
german_credit,label_flip,label_integrity,0.0,1,0.0,0.3087041517547355,0.1,medium,tabular,loan_finance,label_integrity,content_safety,logreg,750.0,250.0,fraction,0.7891047619047619,0.07739500909516561,0.16939314698575889,clean held-out test set (no pre-training detector reused),0.7904761904761906,0.08644688644688647,3.0,,,,,,,
german_credit,label_flip,label_integrity,0.0,1,0.0,0.3087041517547355,0.1,medium,tabular,loan_finance,label_integrity,content_safety,xgboost,750.0,250.0,fraction,0.7904,0.08267878722422756,0.1717463770151465,clean held-out test set (no pre-training detector reused),0.7964497041420118,0.030534422842115272,3.0,,,,,,,
german_credit,label_flip,label_integrity,0.03,1,0.0293333333333333,0.3262958587659275,0.1,medium,tabular,loan_finance,label_integrity,content_safety,logreg,750.0,250.0,fraction,0.7760000000000001,0.0821885852287273,0.17383966252197566,clean held-out test set (no pre-training detector reused),0.7761904761904762,0.0924485770639617,3.0,,,,,,,
german_credit,label_flip,label_integrity,0.03,1,0.0293333333333333,0.3262958587659275,0.1,medium,tabular,loan_finance,label_integrity,content_safety,xgboost,750.0,250.0,fraction,0.7891047619047619,0.07752789344871415,0.16922609454297735,clean held-out test set (no pre-training detector reused),0.8390532544378698,0.018089602704987384,3.0,,,,,,,
german_credit,label_flip,label_integrity,0.05,1,0.0506666666666666,0.346038920456019,0.1,medium,tabular,loan_finance,label_integrity,content_safety,logreg,750.0,250.0,fraction,0.7648761904761905,0.0490904428005773,0.17598661711985533,clean held-out test set (no pre-training detector reused),0.7777777777777778,0.06837606837606836,3.0,,,,,,,
german_credit,label_flip,label_integrity,0.05,1,0.0506666666666666,0.346038920456019,0.1,medium,tabular,loan_finance,label_integrity,content_safety,xgboost,750.0,250.0,fraction,0.7792,0.08245319389179348,0.1702833256889701,clean held-out test set (no pre-training detector reused),0.7278106508875739,0.16229923922231626,3.0,,,,,,,
german_credit,label_flip,label_integrity,0.1,1,0.1,0.4009400303716274,0.1,medium,tabular,loan_finance,label_integrity,content_safety,logreg,750.0,250.0,fraction,0.730895238095238,0.08619160846097008,0.1904183047297022,clean held-out test set (no pre-training detector reused),0.7095238095238096,0.09520991828684144,3.0,,,,,,,
german_credit,label_flip,label_integrity,0.1,1,0.1,0.4009400303716274,0.1,medium,tabular,loan_finance,label_integrity,content_safety,xgboost,750.0,250.0,fraction,0.7491047619047619,0.07799574647285043,0.1815317366698177,clean held-out test set (no pre-training detector reused),0.7507936507936508,0.051404151404151444,3.0,,,,,,,
german_credit,label_flip,label_integrity,0.2,1,0.2,0.4226013688816597,0.1,medium,tabular,loan_finance,label_integrity,content_safety,logreg,750.0,250.0,fraction,0.7830095238095238,0.10977542677613886,0.18234884510316876,clean held-out test set (no pre-training detector reused),0.738095238095238,0.14474499859115242,3.0,,,,,,,
german_credit,label_flip,label_integrity,0.2,1,0.2,0.4226013688816597,0.1,medium,tabular,loan_finance,label_integrity,content_safety,xgboost,750.0,250.0,fraction,0.7658666666666667,0.0964325610399246,0.17829799722122464,clean held-out test set (no pre-training detector reused),0.7242603550295859,0.11090448013524934,3.0,,,,,,,
german_credit,label_flip,label_integrity,0.3,1,0.3,0.4787799070357084,0.1,medium,tabular,loan_finance,label_integrity,content_safety,logreg,750.0,250.0,fraction,0.6889142857142857,0.1448944529009206,0.21293749008611618,clean held-out test set (no pre-training detector reused),0.7238095238095238,0.05962242885319813,3.0,,,,,,,
german_credit,label_flip,label_integrity,0.3,1,0.3,0.4787799070357084,0.1,medium,tabular,loan_finance,label_integrity,content_safety,xgboost,750.0,250.0,fraction,0.6412190476190476,0.1614550427850336,0.23304876043129058,clean held-out test set (no pre-training detector reused),0.6142011834319526,0.15502958579881665,3.0,,,,,,,
german_credit,label_flip,label_integrity,0.4,1,0.4,0.4893038644918955,0.1,medium,tabular,loan_finance,label_integrity,content_safety,logreg,750.0,250.0,fraction,0.6473904761904762,0.14950496634236363,0.22377492840646884,clean held-out test set (no pre-training detector reused),0.5604395604395604,0.17448107448107453,3.0,,,,,,,
german_credit,label_flip,label_integrity,0.4,1,0.4,0.4893038644918955,0.1,medium,tabular,loan_finance,label_integrity,content_safety,xgboost,750.0,250.0,fraction,0.5540571428571428,0.1946668831855059,0.2641157637459088,clean held-out test set (no pre-training detector reused),0.5201465201465202,0.1512820512820512,3.0,,,,,,,
german_credit,label_flip,label_integrity,0.0,2,0.0,0.316807656935905,0.1,medium,tabular,loan_finance,label_integrity,content_safety,logreg,750.0,250.0,fraction,0.7609142857142858,0.08076451236633456,0.17691248204051446,clean held-out test set (no pre-training detector reused),0.74,0.06905752753977967,3.0,,,,,,,
german_credit,label_flip,label_integrity,0.0,2,0.0,0.316807656935905,0.1,medium,tabular,loan_finance,label_integrity,content_safety,xgboost,750.0,250.0,fraction,0.7735619047619048,0.11325770493992604,0.17975877021140138,clean held-out test set (no pre-training detector reused),0.6727272727272727,0.16815400022254368,3.0,,,,,,,
german_credit,label_flip,label_integrity,0.03,2,0.0293333333333333,0.3359000537788135,0.1,medium,tabular,loan_finance,label_integrity,content_safety,logreg,750.0,250.0,fraction,0.7568,0.06599601089835294,0.1765887009738522,clean held-out test set (no pre-training detector reused),0.7318181818181818,0.04296761989540443,3.0,,,,,,,
german_credit,label_flip,label_integrity,0.03,2,0.0293333333333333,0.3359000537788135,0.1,medium,tabular,loan_finance,label_integrity,content_safety,xgboost,750.0,250.0,fraction,0.7472,0.1064966485351324,0.18304636951642428,clean held-out test set (no pre-training detector reused),0.6363636363636364,0.15800600867920334,3.0,,,,,,,
german_credit,label_flip,label_integrity,0.05,2,0.0506666666666666,0.3343224653450113,0.1,medium,tabular,loan_finance,label_integrity,content_safety,logreg,750.0,250.0,fraction,0.7631238095238095,0.05872544091583751,0.175039204153801,clean held-out test set (no pre-training detector reused),0.7309090909090908,0.0671325247579837,3.0,,,,,,,
german_credit,label_flip,label_integrity,0.05,2,0.0506666666666666,0.3343224653450113,0.1,medium,tabular,loan_finance,label_integrity,content_safety,xgboost,750.0,250.0,fraction,0.7649523809523809,0.10185696794185788,0.18125804512721935,clean held-out test set (no pre-training detector reused),0.6727272727272727,0.1277623233559586,3.0,,,,,,,
german_credit,label_flip,label_integrity,0.1,2,0.1,0.3939568695519598,0.1,medium,tabular,loan_finance,label_integrity,content_safety,logreg,750.0,250.0,fraction,0.7300571428571428,0.07814192042418427,0.18671850188707304,clean held-out test set (no pre-training detector reused),0.7018181818181819,0.07786358072771771,3.0,,,,,,,
german_credit,label_flip,label_integrity,0.1,2,0.1,0.3939568695519598,0.1,medium,tabular,loan_finance,label_integrity,content_safety,xgboost,750.0,250.0,fraction,0.7105523809523809,0.10308715400844813,0.19820153909296476,clean held-out test set (no pre-training detector reused),0.5181818181818182,0.28230777790141315,3.0,,,,,,,
german_credit,label_flip,label_integrity,0.2,2,0.2,0.4361604500015719,0.1,medium,tabular,loan_finance,label_integrity,content_safety,logreg,750.0,250.0,fraction,0.7539047619047619,0.07005289887196049,0.1792851389656365,clean held-out test set (no pre-training detector reused),0.7372727272727273,0.049090909090909074,3.0,,,,,,,
german_credit,label_flip,label_integrity,0.2,2,0.2,0.4361604500015719,0.1,medium,tabular,loan_finance,label_integrity,content_safety,xgboost,750.0,250.0,fraction,0.718552380952381,0.08077876935899259,0.18785908003422747,clean held-out test set (no pre-training detector reused),0.5909090909090908,0.19611661288527882,3.0,,,,,,,
german_credit,label_flip,label_integrity,0.3,2,0.3,0.4770463719742167,0.1,medium,tabular,loan_finance,label_integrity,content_safety,logreg,750.0,250.0,fraction,0.700952380952381,0.13733825599745542,0.20845964097454794,clean held-out test set (no pre-training detector reused),0.6281818181818182,0.14660398353176807,3.0,,,,,,,
german_credit,label_flip,label_integrity,0.3,2,0.3,0.4770463719742167,0.1,medium,tabular,loan_finance,label_integrity,content_safety,xgboost,750.0,250.0,fraction,0.6467047619047619,0.15305789306387305,0.22501043437412,clean held-out test set (no pre-training detector reused),0.5181818181818182,0.15011683542895293,3.0,,,,,,,
german_credit,label_flip,label_integrity,0.4,2,0.4,0.5054209634927491,0.1,medium,tabular,loan_finance,label_integrity,content_safety,logreg,750.0,250.0,fraction,0.6210285714285714,0.1607230953562248,0.22920105190853116,clean held-out test set (no pre-training detector reused),0.5709090909090909,0.10718148436630681,3.0,,,,,,,
german_credit,label_flip,label_integrity,0.4,2,0.4,0.5054209634927491,0.1,medium,tabular,loan_finance,label_integrity,content_safety,xgboost,750.0,250.0,fraction,0.6209523809523809,0.17485943954437969,0.24476372599385784,clean held-out test set (no pre-training detector reused),0.4363636363636363,0.32740625347724495,3.0,,,,,,,
german_credit,label_flip,label_integrity,0.0,3,0.0,0.3144201522808914,0.1,medium,tabular,loan_finance,label_integrity,content_safety,logreg,750.0,250.0,fraction,0.7828571428571429,0.06032472625532601,0.16712712266009214,clean held-out test set (no pre-training detector reused),0.7474120082815735,0.050907319449518984,2.0,,,,,,,
german_credit,label_flip,label_integrity,0.0,3,0.0,0.3144201522808914,0.1,medium,tabular,loan_finance,label_integrity,content_safety,xgboost,750.0,250.0,fraction,0.7699809523809524,0.08226491963351144,0.17364471218340075,clean held-out test set (no pre-training detector reused),0.7422360248447205,0.10370235050541954,2.0,,,,,,,
german_credit,label_flip,label_integrity,0.03,3,0.0293333333333333,0.3402617114322036,0.1,medium,tabular,loan_finance,label_integrity,content_safety,logreg,750.0,250.0,fraction,0.7770666666666667,0.06870584036109362,0.1688971685005978,clean held-out test set (no pre-training detector reused),0.7318840579710145,0.014147688060731523,2.0,,,,,,,
german_credit,label_flip,label_integrity,0.03,3,0.0293333333333333,0.3402617114322036,0.1,medium,tabular,loan_finance,label_integrity,content_safety,xgboost,750.0,250.0,fraction,0.7222857142857143,0.0846316469218582,0.1899509286702669,clean held-out test set (no pre-training detector reused),0.6459627329192547,0.12901392441034387,2.0,,,,,,,
german_credit,label_flip,label_integrity,0.05,3,0.0506666666666666,0.3546204498342551,0.1,medium,tabular,loan_finance,label_integrity,content_safety,logreg,750.0,250.0,fraction,0.7625904761904762,0.06608443262720957,0.1713286746603257,clean held-out test set (no pre-training detector reused),0.6966873706004141,0.13898022977306868,2.0,,,,,,,
german_credit,label_flip,label_integrity,0.05,3,0.0506666666666666,0.3546204498342551,0.1,medium,tabular,loan_finance,label_integrity,content_safety,xgboost,750.0,250.0,fraction,0.7241142857142857,0.09317271250300109,0.1897850306340906,clean held-out test set (no pre-training detector reused),0.7370600414078675,0.0705963544838224,2.0,,,,,,,
german_credit,label_flip,label_integrity,0.1,3,0.1,0.3807868376665125,0.1,medium,tabular,loan_finance,label_integrity,content_safety,logreg,750.0,250.0,fraction,0.7763809523809524,0.08791885049346436,0.17128772684762675,clean held-out test set (no pre-training detector reused),0.7391304347826088,0.011569845329436057,2.0,,,,,,,
german_credit,label_flip,label_integrity,0.1,3,0.1,0.3807868376665125,0.1,medium,tabular,loan_finance,label_integrity,content_safety,xgboost,750.0,250.0,fraction,0.7275428571428572,0.08687179762870073,0.18808867091402925,clean held-out test set (no pre-training detector reused),0.7194616977225673,0.016299273332521458,2.0,,,,,,,
german_credit,label_flip,label_integrity,0.2,3,0.2,0.4310765975093157,0.1,medium,tabular,loan_finance,label_integrity,content_safety,logreg,750.0,250.0,fraction,0.7347809523809524,0.09254505778175674,0.18953324072624173,clean held-out test set (no pre-training detector reused),0.6925465838509316,0.13938618925831203,2.0,,,,,,,
german_credit,label_flip,label_integrity,0.2,3,0.2,0.4310765975093157,0.1,medium,tabular,loan_finance,label_integrity,content_safety,xgboost,750.0,250.0,fraction,0.6663619047619047,0.13966301637887954,0.21557212482530888,clean held-out test set (no pre-training detector reused),0.6345755693581779,0.06196971542240093,2.0,,,,,,,
german_credit,label_flip,label_integrity,0.3,3,0.3,0.4754401382445315,0.1,medium,tabular,loan_finance,label_integrity,content_safety,logreg,750.0,250.0,fraction,0.6971428571428571,0.15519435565328035,0.21190961228766753,clean held-out test set (no pre-training detector reused),0.5900621118012421,0.11021800024357575,2.0,,,,,,,
german_credit,label_flip,label_integrity,0.3,3,0.3,0.4754401382445315,0.1,medium,tabular,loan_finance,label_integrity,content_safety,xgboost,750.0,250.0,fraction,0.6352761904761904,0.15847333449870346,0.22960481117562753,clean held-out test set (no pre-training detector reused),0.5947712418300655,0.00046685340802976594,2.0,,,,,,,
german_credit,label_flip,label_integrity,0.4,3,0.4,0.4824698507992507,0.1,medium,tabular,loan_finance,label_integrity,content_safety,logreg,750.0,250.0,fraction,0.5960380952380951,0.18824260000752305,0.24254155895515192,clean held-out test set (no pre-training detector reused),0.5579710144927537,0.1040271180936142,2.0,,,,,,,
german_credit,label_flip,label_integrity,0.4,3,0.4,0.4824698507992507,0.1,medium,tabular,loan_finance,label_integrity,content_safety,xgboost,750.0,250.0,fraction,0.5632761904761905,0.1925813013762236,0.27051013836145477,clean held-out test set (no pre-training detector reused),0.5175983436853002,0.11638858441927502,2.0,,,,,,,
german_credit,label_flip,label_integrity,0.0,4,0.0,0.3207494633799859,0.1,medium,tabular,loan_finance,label_integrity,content_safety,logreg,750.0,250.0,fraction,0.7735619047619049,0.0512879745803525,0.17246571957988965,clean held-out test set (no pre-training detector reused),0.7747641509433962,0.010950134770889575,2.0,,,,,,,
german_credit,label_flip,label_integrity,0.0,4,0.0,0.3207494633799859,0.1,medium,tabular,loan_finance,label_integrity,content_safety,xgboost,750.0,250.0,fraction,0.7880380952380952,0.08629479375295342,0.17108031341340013,clean held-out test set (no pre-training detector reused),0.7983490566037735,0.0781390386343217,2.0,,,,,,,
german_credit,label_flip,label_integrity,0.03,4,0.0293333333333333,0.3460457327599738,0.1,medium,tabular,loan_finance,label_integrity,content_safety,logreg,750.0,250.0,fraction,0.7730285714285715,0.06432453559853304,0.17171115496664044,clean held-out test set (no pre-training detector reused),0.7747641509433962,0.012438230008984696,2.0,,,,,,,
german_credit,label_flip,label_integrity,0.03,4,0.0293333333333333,0.3460457327599738,0.1,medium,tabular,loan_finance,label_integrity,content_safety,xgboost,750.0,250.0,fraction,0.7630476190476191,0.09339993556030096,0.18211937245157275,clean held-out test set (no pre-training detector reused),0.7393867924528302,0.1237084456424079,2.0,,,,,,,
german_credit,label_flip,label_integrity,0.05,4,0.0506666666666666,0.3568011585321881,0.1,medium,tabular,loan_finance,label_integrity,content_safety,logreg,750.0,250.0,fraction,0.7490285714285714,0.03578684760419574,0.17878645898872816,clean held-out test set (no pre-training detector reused),0.7511792452830188,0.013701707097933502,2.0,,,,,,,
german_credit,label_flip,label_integrity,0.05,4,0.0506666666666666,0.3568011585321881,0.1,medium,tabular,loan_finance,label_integrity,content_safety,xgboost,750.0,250.0,fraction,0.7662476190476191,0.07944379881024362,0.17807632774361198,clean held-out test set (no pre-training detector reused),0.7558962264150944,0.09975853548966751,2.0,,,,,,,
german_credit,label_flip,label_integrity,0.1,4,0.1,0.3909451818996433,0.1,medium,tabular,loan_finance,label_integrity,content_safety,logreg,750.0,250.0,fraction,0.772952380952381,0.07528888624276285,0.17417967752419178,clean held-out test set (no pre-training detector reused),0.7983490566037736,0.0037342767295597268,2.0,,,,,,,
german_credit,label_flip,label_integrity,0.1,4,0.1,0.3909451818996433,0.1,medium,tabular,loan_finance,label_integrity,content_safety,xgboost,750.0,250.0,fraction,0.748647619047619,0.10118988821003586,0.18430167385148025,clean held-out test set (no pre-training detector reused),0.7782738095238095,2.807726864328952e-05,2.0,,,,,,,
german_credit,label_flip,label_integrity,0.2,4,0.2,0.4369895487253695,0.1,medium,tabular,loan_finance,label_integrity,content_safety,logreg,750.0,250.0,fraction,0.7616761904761905,0.10411275484777954,0.1845816014461105,clean held-out test set (no pre-training detector reused),0.7857142857142857,0.05272911051212936,2.0,,,,,,,
german_credit,label_flip,label_integrity,0.2,4,0.2,0.4369895487253695,0.1,medium,tabular,loan_finance,label_integrity,content_safety,xgboost,750.0,250.0,fraction,0.707352380952381,0.094536241594702,0.2023122180199751,clean held-out test set (no pre-training detector reused),0.7916666666666666,0.010220125786163492,2.0,,,,,,,
german_credit,label_flip,label_integrity,0.3,4,0.3,0.4793897963401949,0.1,medium,tabular,loan_finance,label_integrity,content_safety,logreg,750.0,250.0,fraction,0.6317714285714287,0.12381141742797128,0.21748474160138015,clean held-out test set (no pre-training detector reused),0.6473214285714286,0.024848382749326103,2.0,,,,,,,
german_credit,label_flip,label_integrity,0.3,4,0.3,0.4793897963401949,0.1,medium,tabular,loan_finance,label_integrity,content_safety,xgboost,750.0,250.0,fraction,0.5685333333333333,0.1701117821782827,0.24810351686329046,clean held-out test set (no pre-training detector reused),0.5163690476190477,0.03669699011680139,2.0,,,,,,,
german_credit,label_flip,label_integrity,0.4,4,0.4,0.4997541195050979,0.1,medium,tabular,loan_finance,label_integrity,content_safety,logreg,750.0,250.0,fraction,0.6809142857142858,0.1618142846130556,0.21947072782175417,clean held-out test set (no pre-training detector reused),0.712797619047619,0.043098607367475394,2.0,,,,,,,
german_credit,label_flip,label_integrity,0.4,4,0.4,0.4997541195050979,0.1,medium,tabular,loan_finance,label_integrity,content_safety,xgboost,750.0,250.0,fraction,0.5558095238095239,0.21045980457961558,0.27244396401203697,clean held-out test set (no pre-training detector reused),0.5342261904761905,0.13558513027852648,2.0,,,,,,,
german_credit,subgroup_dropout,representation_imbalance,0.0,0,0.0,0.2833333333333333,0.2,medium,tabular,loan_finance,representation_imbalance,content_safety,logreg,750.0,250.0,fraction,0.7954285714285715,0.08071770514694288,0.16646575608556138,clean held-out test set (no pre-training detector reused),0.777056277056277,0.050674815380697735,3.0,,,,,,,
german_credit,subgroup_dropout,representation_imbalance,0.0,0,0.0,0.2833333333333333,0.2,medium,tabular,loan_finance,representation_imbalance,content_safety,xgboost,750.0,250.0,fraction,0.7779047619047619,0.10128037218353712,0.17457983527022133,clean held-out test set (no pre-training detector reused),0.722943722943723,0.05681818181818166,3.0,,,,,,,
german_credit,subgroup_dropout,representation_imbalance,0.03,0,0.034090909090909,0.2873333333333333,0.2,medium,tabular,loan_finance,representation_imbalance,content_safety,logreg,750.0,250.0,fraction,0.796495238095238,0.07725557493031185,0.16621115764985347,clean held-out test set (no pre-training detector reused),0.7792207792207793,0.04851031321619548,3.0,,,,,,,
german_credit,subgroup_dropout,representation_imbalance,0.03,0,0.034090909090909,0.2873333333333333,0.2,medium,tabular,loan_finance,representation_imbalance,content_safety,xgboost,750.0,250.0,fraction,0.7754666666666667,0.10298136194143447,0.17402791040482646,clean held-out test set (no pre-training detector reused),0.696969696969697,0.08477633477633473,3.0,,,,,,,
german_credit,subgroup_dropout,representation_imbalance,0.05,0,0.0454545454545454,0.2886666666666667,0.2,medium,tabular,loan_finance,representation_imbalance,content_safety,logreg,750.0,250.0,fraction,0.7950476190476191,0.07625045552405277,0.16673092131610462,clean held-out test set (no pre-training detector reused),0.7813852813852814,0.05054749172396222,3.0,,,,,,,
german_credit,subgroup_dropout,representation_imbalance,0.05,0,0.0454545454545454,0.2886666666666667,0.2,medium,tabular,loan_finance,representation_imbalance,content_safety,xgboost,750.0,250.0,fraction,0.7704380952380954,0.09152873538667337,0.17930242667201945,clean held-out test set (no pre-training detector reused),0.7100840336134453,0.08654295051353889,3.0,,,,,,,
german_credit,subgroup_dropout,representation_imbalance,0.1,0,0.1022727272727272,0.2953333333333333,0.2,medium,tabular,loan_finance,representation_imbalance,content_safety,logreg,750.0,250.0,fraction,0.7934476190476191,0.08447313880908214,0.16909836723221452,clean held-out test set (no pre-training detector reused),0.777056277056277,0.04834054834054846,3.0,,,,,,,
german_credit,subgroup_dropout,representation_imbalance,0.1,0,0.1022727272727272,0.2953333333333333,0.2,medium,tabular,loan_finance,representation_imbalance,content_safety,xgboost,750.0,250.0,fraction,0.7584,0.10535344147402792,0.18219884113771118,clean held-out test set (no pre-training detector reused),0.6680672268907563,0.09482959850606909,3.0,,,,,,,
german_credit,subgroup_dropout,representation_imbalance,0.2,0,0.2045454545454545,0.3073333333333333,0.2,medium,tabular,loan_finance,representation_imbalance,content_safety,logreg,750.0,250.0,fraction,0.7976380952380951,0.08205866274698827,0.166196377619246,clean held-out test set (no pre-training detector reused),0.7835497835497836,0.044181308887191184,3.0,,,,,,,
german_credit,subgroup_dropout,representation_imbalance,0.2,0,0.2045454545454545,0.3073333333333333,0.2,medium,tabular,loan_finance,representation_imbalance,content_safety,xgboost,750.0,250.0,fraction,0.7820952380952381,0.09289762532769237,0.1716986302937986,clean held-out test set (no pre-training detector reused),0.676470588235294,0.13801353874883293,3.0,,,,,,,
german_credit,subgroup_dropout,representation_imbalance,0.3,0,0.2954545454545454,0.318,0.2,medium,tabular,loan_finance,representation_imbalance,content_safety,logreg,750.0,250.0,fraction,0.7988571428571428,0.07065819481523211,0.16368990995568472,clean held-out test set (no pre-training detector reused),0.7857142857142857,0.04621848739495804,3.0,,,,,,,
german_credit,subgroup_dropout,representation_imbalance,0.3,0,0.2954545454545454,0.318,0.2,medium,tabular,loan_finance,representation_imbalance,content_safety,xgboost,750.0,250.0,fraction,0.7776,0.09481331383460201,0.17105137170076729,clean held-out test set (no pre-training detector reused),0.7207792207792207,0.08973665223665228,3.0,,,,,,,
german_credit,subgroup_dropout,representation_imbalance,0.4,0,0.3977272727272727,0.3299999999999999,0.2,medium,tabular,loan_finance,representation_imbalance,content_safety,logreg,750.0,250.0,fraction,0.7883428571428571,0.08003690344813416,0.16953224185911214,clean held-out test set (no pre-training detector reused),0.7554112554112554,0.05131143366437485,3.0,,,,,,,
german_credit,subgroup_dropout,representation_imbalance,0.4,0,0.3977272727272727,0.3299999999999999,0.2,medium,tabular,loan_finance,representation_imbalance,content_safety,xgboost,750.0,250.0,fraction,0.7733333333333332,0.0898370739328675,0.17845090358212967,clean held-out test set (no pre-training detector reused),0.6932773109243697,0.09243697478991597,3.0,,,,,,,
german_credit,subgroup_dropout,representation_imbalance,0.0,1,0.0,0.278,0.2,medium,tabular,loan_finance,representation_imbalance,content_safety,logreg,750.0,250.0,fraction,0.7891047619047619,0.07739500909516561,0.16939314698575889,clean held-out test set (no pre-training detector reused),0.7904761904761906,0.08644688644688647,3.0,,,,,,,
german_credit,subgroup_dropout,representation_imbalance,0.0,1,0.0,0.278,0.2,medium,tabular,loan_finance,representation_imbalance,content_safety,xgboost,750.0,250.0,fraction,0.7904,0.08267878722422756,0.1717463770151465,clean held-out test set (no pre-training detector reused),0.7964497041420118,0.030534422842115272,3.0,,,,,,,
german_credit,subgroup_dropout,representation_imbalance,0.03,1,0.0240963855421686,0.2806666666666667,0.2,medium,tabular,loan_finance,representation_imbalance,content_safety,logreg,750.0,250.0,fraction,0.7894857142857143,0.06876354595730974,0.16927711191605038,clean held-out test set (no pre-training detector reused),0.7904761904761906,0.08526345449422368,3.0,,,,,,,
german_credit,subgroup_dropout,representation_imbalance,0.03,1,0.0240963855421686,0.2806666666666667,0.2,medium,tabular,loan_finance,representation_imbalance,content_safety,xgboost,750.0,250.0,fraction,0.7926857142857143,0.08330385159514844,0.16915593687588618,clean held-out test set (no pre-training detector reused),0.8035502958579882,0.01696252465483228,3.0,,,,,,,
german_credit,subgroup_dropout,representation_imbalance,0.05,1,0.0481927710843373,0.2833333333333334,0.2,medium,tabular,loan_finance,representation_imbalance,content_safety,logreg,750.0,250.0,fraction,0.7887238095238096,0.06291506851187273,0.16957245229057674,clean held-out test set (no pre-training detector reused),0.7841269841269841,0.09161266084343023,3.0,,,,,,,
german_credit,subgroup_dropout,representation_imbalance,0.05,1,0.0481927710843373,0.2833333333333334,0.2,medium,tabular,loan_finance,representation_imbalance,content_safety,xgboost,750.0,250.0,fraction,0.7908571428571428,0.08447586894733831,0.16958771886269733,clean held-out test set (no pre-training detector reused),0.7881656804733728,0.08362919132149904,3.0,,,,,,,
german_credit,subgroup_dropout,representation_imbalance,0.1,1,0.0963855421686747,0.2886666666666667,0.2,medium,tabular,loan_finance,representation_imbalance,content_safety,logreg,750.0,250.0,fraction,0.7865142857142857,0.07976664586505752,0.1705758594747982,clean held-out test set (no pre-training detector reused),0.7936507936507937,0.07853855546163235,3.0,,,,,,,
german_credit,subgroup_dropout,representation_imbalance,0.1,1,0.0963855421686747,0.2886666666666667,0.2,medium,tabular,loan_finance,representation_imbalance,content_safety,xgboost,750.0,250.0,fraction,0.7904761904761904,0.07601124402368441,0.16957315710739368,clean held-out test set (no pre-training detector reused),0.7692307692307693,0.07326007326007322,3.0,,,,,,,
german_credit,subgroup_dropout,representation_imbalance,0.2,1,0.2048192771084337,0.3006666666666667,0.2,medium,tabular,loan_finance,representation_imbalance,content_safety,logreg,750.0,250.0,fraction,0.7908571428571428,0.06910753161803415,0.16860060427868667,clean held-out test set (no pre-training detector reused),0.7952380952380953,0.08050154973231893,3.0,,,,,,,
german_credit,subgroup_dropout,representation_imbalance,0.2,1,0.2048192771084337,0.3006666666666667,0.2,medium,tabular,loan_finance,representation_imbalance,content_safety,xgboost,750.0,250.0,fraction,0.7809523809523811,0.10797851576493123,0.17545799733367656,clean held-out test set (no pre-training detector reused),0.7715976331360946,0.08920822766976622,3.0,,,,,,,
german_credit,subgroup_dropout,representation_imbalance,0.3,1,0.3012048192771084,0.3113333333333333,0.2,medium,tabular,loan_finance,representation_imbalance,content_safety,logreg,750.0,250.0,fraction,0.7913142857142856,0.07279811654202381,0.16838866663618324,clean held-out test set (no pre-training detector reused),0.7793650793650794,0.09992486146332302,3.0,,,,,,,
german_credit,subgroup_dropout,representation_imbalance,0.3,1,0.3012048192771084,0.3113333333333333,0.2,medium,tabular,loan_finance,representation_imbalance,content_safety,xgboost,750.0,250.0,fraction,0.7885714285714287,0.07819136301707477,0.17326863315007301,clean held-out test set (no pre-training detector reused),0.7940828402366864,0.04840800225415609,3.0,,,,,,,
german_credit,subgroup_dropout,representation_imbalance,0.4,1,0.3975903614457831,0.322,0.2,medium,tabular,loan_finance,representation_imbalance,content_safety,logreg,750.0,250.0,fraction,0.7955047619047619,0.07750957632861304,0.16728700671272587,clean held-out test set (no pre-training detector reused),0.7841269841269842,0.09161266084343012,3.0,,,,,,,
german_credit,subgroup_dropout,representation_imbalance,0.4,1,0.3975903614457831,0.322,0.2,medium,tabular,loan_finance,representation_imbalance,content_safety,xgboost,750.0,250.0,fraction,0.7907809523809524,0.0789941534101963,0.16948911274758072,clean held-out test set (no pre-training detector reused),0.8071005917159764,0.03539025077486613,3.0,,,,,,,
german_credit,subgroup_dropout,representation_imbalance,0.0,2,0.0,0.274,0.2,medium,tabular,loan_finance,representation_imbalance,content_safety,logreg,750.0,250.0,fraction,0.7609142857142858,0.08076451236633456,0.17691248204051446,clean held-out test set (no pre-training detector reused),0.74,0.06905752753977967,3.0,,,,,,,
german_credit,subgroup_dropout,representation_imbalance,0.0,2,0.0,0.274,0.2,medium,tabular,loan_finance,representation_imbalance,content_safety,xgboost,750.0,250.0,fraction,0.7735619047619048,0.11325770493992604,0.17975877021140138,clean held-out test set (no pre-training detector reused),0.6727272727272727,0.16815400022254368,3.0,,,,,,,
german_credit,subgroup_dropout,representation_imbalance,0.03,2,0.0348837209302325,0.278,0.2,medium,tabular,loan_finance,representation_imbalance,content_safety,logreg,750.0,250.0,fraction,0.7584000000000001,0.07975532723561693,0.17877986798074919,clean held-out test set (no pre-training detector reused),0.7354545454545455,0.06136308000445079,3.0,,,,,,,
german_credit,subgroup_dropout,representation_imbalance,0.03,2,0.0348837209302325,0.278,0.2,medium,tabular,loan_finance,representation_imbalance,content_safety,xgboost,750.0,250.0,fraction,0.7709714285714285,0.10656348480610175,0.18086568714929557,clean held-out test set (no pre-training detector reused),0.6272727272727272,0.21116056526093252,3.0,,,,,,,
german_credit,subgroup_dropout,representation_imbalance,0.05,2,0.0465116279069767,0.2793333333333333,0.2,medium,tabular,loan_finance,representation_imbalance,content_safety,logreg,750.0,250.0,fraction,0.7610666666666667,0.07096723419501091,0.1770457544155604,clean held-out test set (no pre-training detector reused),0.7372727272727273,0.06688883943473911,3.0,,,,,,,
german_credit,subgroup_dropout,representation_imbalance,0.05,2,0.0465116279069767,0.2793333333333333,0.2,medium,tabular,loan_finance,representation_imbalance,content_safety,xgboost,750.0,250.0,fraction,0.7795809523809525,0.0951170823604334,0.1758083352465552,clean held-out test set (no pre-training detector reused),0.6681818181818181,0.175147435184155,3.0,,,,,,,
german_credit,subgroup_dropout,representation_imbalance,0.1,2,0.1046511627906976,0.286,0.2,medium,tabular,loan_finance,representation_imbalance,content_safety,logreg,750.0,250.0,fraction,0.7622095238095238,0.0712871915143022,0.1776937872707458,clean held-out test set (no pre-training detector reused),0.7327272727272727,0.07633025481250699,3.0,,,,,,,
german_credit,subgroup_dropout,representation_imbalance,0.1,2,0.1046511627906976,0.286,0.2,medium,tabular,loan_finance,representation_imbalance,content_safety,xgboost,750.0,250.0,fraction,0.7597714285714287,0.11112079789652489,0.18561188208401644,clean held-out test set (no pre-training detector reused),0.6499999999999999,0.1896572827417382,3.0,,,,,,,
german_credit,subgroup_dropout,representation_imbalance,0.2,2,0.1976744186046511,0.2966666666666666,0.2,medium,tabular,loan_finance,representation_imbalance,content_safety,logreg,750.0,250.0,fraction,0.7676952380952381,0.07014411327849968,0.17373438718870068,clean held-out test set (no pre-training detector reused),0.7336363636363636,0.08643707577612103,3.0,,,,,,,
german_credit,subgroup_dropout,representation_imbalance,0.2,2,0.1976744186046511,0.2966666666666666,0.2,medium,tabular,loan_finance,representation_imbalance,content_safety,xgboost,750.0,250.0,fraction,0.7778285714285713,0.09778287682076917,0.17661413337758775,clean held-out test set (no pre-training detector reused),0.6909090909090909,0.1609880939134305,3.0,,,,,,,
german_credit,subgroup_dropout,representation_imbalance,0.3,2,0.3023255813953488,0.3086666666666666,0.2,medium,tabular,loan_finance,representation_imbalance,content_safety,logreg,750.0,250.0,fraction,0.7662476190476191,0.09359448116260874,0.17602230770809535,clean held-out test set (no pre-training detector reused),0.7227272727272727,0.10346611772560377,3.0,,,,,,,
german_credit,subgroup_dropout,representation_imbalance,0.3,2,0.3023255813953488,0.3086666666666666,0.2,medium,tabular,loan_finance,representation_imbalance,content_safety,xgboost,750.0,250.0,fraction,0.7727238095238095,0.1032062368430197,0.17800858278380655,clean held-out test set (no pre-training detector reused),0.6409090909090909,0.20731612328919558,3.0,,,,,,,
german_credit,subgroup_dropout,representation_imbalance,0.4,2,0.3953488372093023,0.3193333333333333,0.2,medium,tabular,loan_finance,representation_imbalance,content_safety,logreg,750.0,250.0,fraction,0.7615238095238095,0.09350590535261238,0.1761767455742446,clean held-out test set (no pre-training detector reused),0.7236363636363636,0.09521308556804264,3.0,,,,,,,
german_credit,subgroup_dropout,representation_imbalance,0.4,2,0.3953488372093023,0.3193333333333333,0.2,medium,tabular,loan_finance,representation_imbalance,content_safety,xgboost,750.0,250.0,fraction,0.7676190476190476,0.11363035119720735,0.18179208865354465,clean held-out test set (no pre-training detector reused),0.6727272727272728,0.15713808834983856,3.0,,,,,,,
german_credit,subgroup_dropout,representation_imbalance,0.0,3,0.0,0.2566666666666666,0.2,medium,tabular,loan_finance,representation_imbalance,content_safety,logreg,750.0,250.0,fraction,0.7828571428571429,0.06032472625532601,0.16712712266009214,clean held-out test set (no pre-training detector reused),0.7474120082815735,0.050907319449518984,2.0,,,,,,,
german_credit,subgroup_dropout,representation_imbalance,0.0,3,0.0,0.2566666666666666,0.2,medium,tabular,loan_finance,representation_imbalance,content_safety,xgboost,750.0,250.0,fraction,0.7699809523809524,0.08226491963351144,0.17364471218340075,clean held-out test set (no pre-training detector reused),0.7422360248447205,0.10370235050541954,2.0,,,,,,,
german_credit,subgroup_dropout,representation_imbalance,0.03,3,0.0326086956521739,0.2606666666666666,0.2,medium,tabular,loan_finance,representation_imbalance,content_safety,logreg,750.0,250.0,fraction,0.7824,0.052070924249418685,0.16753529771806477,clean held-out test set (no pre-training detector reused),0.7453416149068323,0.05204400600820047,2.0,,,,,,,
german_credit,subgroup_dropout,representation_imbalance,0.03,3,0.0326086956521739,0.2606666666666666,0.2,medium,tabular,loan_finance,representation_imbalance,content_safety,xgboost,750.0,250.0,fraction,0.7765333333333334,0.07384572620689868,0.17058659147639008,clean held-out test set (no pre-training detector reused),0.7826086956521738,0.049324077457069904,2.0,,,,,,,
german_credit,subgroup_dropout,representation_imbalance,0.05,3,0.0543478260869565,0.2633333333333333,0.2,medium,tabular,loan_finance,representation_imbalance,content_safety,logreg,750.0,250.0,fraction,0.7797333333333334,0.04090801703761136,0.1684677956126036,clean held-out test set (no pre-training detector reused),0.7298136645962733,0.07130678358299847,2.0,,,,,,,
german_credit,subgroup_dropout,representation_imbalance,0.05,3,0.0543478260869565,0.2633333333333333,0.2,medium,tabular,loan_finance,representation_imbalance,content_safety,xgboost,750.0,250.0,fraction,0.7693714285714286,0.08021902571385726,0.17517235547338814,clean held-out test set (no pre-training detector reused),0.7587991718426501,0.08900661713960956,2.0,,,,,,,
german_credit,subgroup_dropout,representation_imbalance,0.1,3,0.0978260869565217,0.2686666666666666,0.2,medium,tabular,loan_finance,representation_imbalance,content_safety,logreg,750.0,250.0,fraction,0.7841523809523809,0.0426183713444443,0.16679871347319297,clean held-out test set (no pre-training detector reused),0.7432712215320911,0.045711038038403706,2.0,,,,,,,
german_credit,subgroup_dropout,representation_imbalance,0.1,3,0.0978260869565217,0.2686666666666666,0.2,medium,tabular,loan_finance,representation_imbalance,content_safety,xgboost,750.0,250.0,fraction,0.7846095238095238,0.08018304841592905,0.16863838179259255,clean held-out test set (no pre-training detector reused),0.7494824016563146,0.10299192140624369,2.0,,,,,,,
german_credit,subgroup_dropout,representation_imbalance,0.2,3,0.1956521739130435,0.2806666666666667,0.2,medium,tabular,loan_finance,representation_imbalance,content_safety,logreg,750.0,250.0,fraction,0.7840000000000001,0.06124359482523913,0.1662031351081027,clean held-out test set (no pre-training detector reused),0.7474120082815734,0.049039905817399476,2.0,,,,,,,
german_credit,subgroup_dropout,representation_imbalance,0.2,3,0.1956521739130435,0.2806666666666667,0.2,medium,tabular,loan_finance,representation_imbalance,content_safety,xgboost,750.0,250.0,fraction,0.7722666666666667,0.07933217252232136,0.17360009896750594,clean held-out test set (no pre-training detector reused),0.769151138716356,0.08238947753014259,2.0,,,,,,,
german_credit,subgroup_dropout,representation_imbalance,0.3,3,0.3043478260869565,0.294,0.2,medium,tabular,loan_finance,representation_imbalance,content_safety,logreg,750.0,250.0,fraction,0.7836952380952381,0.08017263836574003,0.16436308467273192,clean held-out test set (no pre-training detector reused),0.7412008281573499,0.05805220638980235,2.0,,,,,,,
german_credit,subgroup_dropout,representation_imbalance,0.3,3,0.3043478260869565,0.294,0.2,medium,tabular,loan_finance,representation_imbalance,content_safety,xgboost,750.0,250.0,fraction,0.7676952380952382,0.08379023337969559,0.175472978347636,clean held-out test set (no pre-training detector reused),0.7650103519668737,0.055717939349652856,2.0,,,,,,,
german_credit,subgroup_dropout,representation_imbalance,0.4,3,0.4021739130434782,0.306,0.2,medium,tabular,loan_finance,representation_imbalance,content_safety,logreg,750.0,250.0,fraction,0.777752380952381,0.05094096970054557,0.16880763110276795,clean held-out test set (no pre-training detector reused),0.7080745341614907,0.08837737993748218,2.0,,,,,,,
german_credit,subgroup_dropout,representation_imbalance,0.4,3,0.4021739130434782,0.306,0.2,medium,tabular,loan_finance,representation_imbalance,content_safety,xgboost,750.0,250.0,fraction,0.7667809523809523,0.08210000669676812,0.17485265680027604,clean held-out test set (no pre-training detector reused),0.727743271221532,0.11912881094466776,2.0,,,,,,,
german_credit,subgroup_dropout,representation_imbalance,0.0,4,0.0,0.278,0.2,medium,tabular,loan_finance,representation_imbalance,content_safety,logreg,750.0,250.0,fraction,0.7735619047619049,0.0512879745803525,0.17246571957988965,clean held-out test set (no pre-training detector reused),0.7747641509433962,0.010950134770889575,2.0,,,,,,,
german_credit,subgroup_dropout,representation_imbalance,0.0,4,0.0,0.278,0.2,medium,tabular,loan_finance,representation_imbalance,content_safety,xgboost,750.0,250.0,fraction,0.7880380952380952,0.08629479375295342,0.17108031341340013,clean held-out test set (no pre-training detector reused),0.7983490566037735,0.0781390386343217,2.0,,,,,,,
german_credit,subgroup_dropout,representation_imbalance,0.03,4,0.0333333333333333,0.282,0.2,medium,tabular,loan_finance,representation_imbalance,content_safety,logreg,750.0,250.0,fraction,0.7724952380952381,0.05372024995697407,0.17273877184554584,clean held-out test set (no pre-training detector reused),0.7712264150943396,0.01746406109613663,2.0,,,,,,,
german_credit,subgroup_dropout,representation_imbalance,0.03,4,0.0333333333333333,0.282,0.2,medium,tabular,loan_finance,representation_imbalance,content_safety,xgboost,750.0,250.0,fraction,0.7968761904761905,0.07126456958334892,0.16868983413654842,clean held-out test set (no pre-training detector reused),0.8018867924528301,0.07460130278526511,2.0,,,,,,,
german_credit,subgroup_dropout,representation_imbalance,0.05,4,0.0444444444444444,0.2833333333333333,0.2,medium,tabular,loan_finance,representation_imbalance,content_safety,logreg,750.0,250.0,fraction,0.7744761904761905,0.07169048402602077,0.17216347586562453,clean held-out test set (no pre-training detector reused),0.7724056603773585,0.01479672057502246,2.0,,,,,,,
german_credit,subgroup_dropout,representation_imbalance,0.05,4,0.0444444444444444,0.2833333333333333,0.2,medium,tabular,loan_finance,representation_imbalance,content_safety,xgboost,750.0,250.0,fraction,0.8080761904761905,0.06805039920890703,0.16082282945686963,clean held-out test set (no pre-training detector reused),0.8054245283018868,0.08892070979335132,2.0,,,,,,,
german_credit,subgroup_dropout,representation_imbalance,0.1,4,0.1,0.29,0.2,medium,tabular,loan_finance,representation_imbalance,content_safety,logreg,750.0,250.0,fraction,0.7702095238095238,0.07248481693506248,0.17324835345483813,clean held-out test set (no pre-training detector reused),0.7735849056603773,0.015105570530098977,2.0,,,,,,,
german_credit,subgroup_dropout,representation_imbalance,0.1,4,0.1,0.29,0.2,medium,tabular,loan_finance,representation_imbalance,content_safety,xgboost,750.0,250.0,fraction,0.7801904761904762,0.08252557686367072,0.17420241357533603,clean held-out test set (no pre-training detector reused),0.7665094339622642,0.11741913746630717,2.0,,,,,,,
german_credit,subgroup_dropout,representation_imbalance,0.2,4,0.2,0.302,0.2,medium,tabular,loan_finance,representation_imbalance,content_safety,logreg,750.0,250.0,fraction,0.7792761904761906,0.06589162489083389,0.17087559019776796,clean held-out test set (no pre-training detector reused),0.7818396226415094,0.005362758310871518,2.0,,,,,,,
german_credit,subgroup_dropout,representation_imbalance,0.2,4,0.2,0.302,0.2,medium,tabular,loan_finance,representation_imbalance,content_safety,xgboost,750.0,250.0,fraction,0.8075428571428571,0.07778405213018413,0.1638159322502415,clean held-out test set (no pre-training detector reused),0.8431603773584906,0.04076819407008081,2.0,,,,,,,
german_credit,subgroup_dropout,representation_imbalance,0.3,4,0.3,0.314,0.2,medium,tabular,loan_finance,representation_imbalance,content_safety,logreg,750.0,250.0,fraction,0.7675428571428571,0.06265064556530735,0.17433938485402575,clean held-out test set (no pre-training detector reused),0.7830188679245282,0.005671608265948036,2.0,,,,,,,
german_credit,subgroup_dropout,representation_imbalance,0.3,4,0.3,0.314,0.2,medium,tabular,loan_finance,representation_imbalance,content_safety,xgboost,750.0,250.0,fraction,0.7946666666666666,0.08867756130057386,0.1693395375812865,clean held-out test set (no pre-training detector reused),0.8089622641509434,0.07347821203953286,2.0,,,,,,,
german_credit,subgroup_dropout,representation_imbalance,0.4,4,0.4,0.3259999999999999,0.2,medium,tabular,loan_finance,representation_imbalance,content_safety,logreg,750.0,250.0,fraction,0.7692190476190477,0.06353534192349988,0.17321561531341798,clean held-out test set (no pre-training detector reused),0.7665094339622642,0.016228661275831002,2.0,,,,,,,
german_credit,subgroup_dropout,representation_imbalance,0.4,4,0.4,0.3259999999999999,0.2,medium,tabular,loan_finance,representation_imbalance,content_safety,xgboost,750.0,250.0,fraction,0.7790476190476191,0.09612741511827337,0.17374023139867342,clean held-out test set (no pre-training detector reused),0.7783018867924528,0.10413858939802345,2.0,,,,,,,
